# This file is brought to you by Roblox Corporation
# Generated by Roblox Studio

mtllib LargeHall.mtl

g Union1

v 54.952 1.9223 16.0119 
v 54.952 1.9223 14.0119 
v 56.952 1.9223 16.0119 
v 56.952 1.9223 14.0119 
v 56.9159 3.88142 14.0119 
v 54.952 3.88141 14.0119 
v 54.952 5.91226 15.9758 
v 56.952 3.84409 14.0119 
v 56.952 3.84409 16.0119 
v 56.952 1.9223 14.0119 
v 56.952 1.9223 16.0119 
v 56.952 3.84409 16.0119 
v 54.952 5.91226 16.0119 
v 56.952 1.9223 16.0119 
v 54.952 1.9223 16.0119 
v 54.952 1.9223 14.0119 
v 54.952 1.9223 16.0119 
v 54.952 3.88141 14.0119 
v 54.952 5.91226 16.0119 
v 54.952 5.91226 15.9758 
v 54.952 5.91226 16.0119 
v 56.952 3.84409 16.0119 
v 54.952 5.91226 15.9758 
v 56.952 3.84409 14.0119 
v 56.9159 3.88142 14.0119 
v 56.9159 3.88142 14.0119 
v 56.952 3.84409 14.0119 
v 54.952 3.88141 14.0119 
v 56.952 1.9223 14.0119 
v 54.952 1.9223 14.0119 
v 56.952 15.4223 16.0119 
v 56.952 15.4223 14.0119 
v 54.952 15.4223 16.0119 
v 54.952 15.4223 14.0119 
v 56.952 13.4421 14.0119 
v 56.952 15.4223 14.0119 
v 56.952 15.4223 16.0119 
v 56.952 13.4421 14.0119 
v 56.952 13.4421 16.0119 
v 56.9159 13.4153 14.0119 
v 54.952 11.9543 16.0119 
v 54.952 11.9543 15.9758 
v 54.952 11.9543 16.0119 
v 56.952 13.4421 16.0119 
v 54.952 15.4223 16.0119 
v 56.952 15.4223 16.0119 
v 56.952 13.4421 16.0119 
v 54.952 11.9543 16.0119 
v 54.952 15.4223 16.0119 
v 54.952 11.9543 15.9758 
v 54.952 15.4223 14.0119 
v 54.952 13.4153 14.0119 
v 56.9159 13.4153 14.0119 
v 54.952 13.4153 14.0119 
v 56.952 13.4421 14.0119 
v 54.952 15.4223 14.0119 
v 56.952 15.4223 14.0119 
v 54.952 11.9543 15.9758 
v 54.952 13.4153 14.0119 
v 56.9159 13.4153 14.0119 

vn 0 -1 0 
vn 0 -1 0 
vn 0 -1 0 
vn 0 -1 0 
vn 0 0.692913 -0.716535 
vn 0 0.692913 -0.716535 
vn 0 0.692913 -0.716535 
vn 1 0 0 
vn 1 0 0 
vn 1 0 0 
vn 1 0 0 
vn 0 0 1 
vn 0 0 1 
vn 0 0 1 
vn 0 0 1 
vn -1 0 0 
vn -1 0 0 
vn -1 0 0 
vn -1 0 0 
vn -1 0 0 
vn 0.716535 0.692913 0 
vn 0.716535 0.692913 0 
vn 0.716535 0.692913 0 
vn 0.716535 0.692913 0 
vn 0.716535 0.692913 0 
vn 0 0 -1 
vn 0 0 -1 
vn 0 0 -1 
vn 0 0 -1 
vn 0 0 -1 
vn 0 1 0 
vn 0 1 0 
vn 0 1 0 
vn 0 1 0 
vn 1 0 0 
vn 1 0 0 
vn 1 0 0 
vn 0.598425 -0.80315 0 
vn 0.598425 -0.80315 0 
vn 0.598425 -0.80315 0 
vn 0.598425 -0.80315 0 
vn 0.598425 -0.80315 0 
vn 0 0 1 
vn 0 0 1 
vn 0 0 1 
vn 0 0 1 
vn 1 0 0 
vn -1 0 0 
vn -1 0 0 
vn -1 0 0 
vn -1 0 0 
vn -1 0 0 
vn 0 0 -1 
vn 0 0 -1 
vn 0 0 -1 
vn 0 0 -1 
vn 0 0 -1 
vn 0 -0.80315 -0.598425 
vn 0 -0.80315 -0.598425 
vn 0 -0.80315 -0.598425 

vt 47.875 -5.60389 
vt 48.125 -5.60389 
vt 47.875 -5.40331 
vt 48.125 -5.40331 
vt 48.2608 -5.55241 
vt 48.4577 -5.40588 
vt 48.3062 -5.20221 
vt 48.125 -5.55884 
vt 47.875 -5.55884 
vt 48.125 -5.75159 
vt 47.875 -5.75159 
vt 47.7401 -5.55884 
vt 47.6938 -5.20221 
vt 47.5967 -5.75159 
vt 47.3961 -5.60237 
vt 47.875 -5.60237 
vt 48.125 -5.60237 
vt 47.875 -5.40588 
vt 48.125 -5.20221 
vt 48.1205 -5.20221 
vt 47.875 -5.20221 
vt 47.875 -5.55884 
vt 47.8795 -5.20221 
vt 48.125 -5.55884 
vt 48.125 -5.55241 
vt 48.2608 -5.55241 
vt 48.2599 -5.55884 
vt 48.4577 -5.40588 
vt 48.4033 -5.75159 
vt 48.6039 -5.60237 
vt 48.125 -4.39611 
vt 47.875 -4.39611 
vt 48.125 -4.59669 
vt 47.875 -4.59669 
vt 48.125 -4.59623 
vt 48.125 -4.39763 
vt 47.875 -4.39763 
vt 48.125 -4.54384 
vt 47.875 -4.54384 
vt 48.125 -4.54947 
vt 47.875 -4.85543 
vt 47.8795 -4.85543 
vt 48.1446 -4.59623 
vt 48.4562 -4.59623 
vt 48.4033 -4.24841 
vt 48.6039 -4.39763 
vt 47.875 -4.59623 
vt 48.125 -4.59623 
vt 48.125 -4.24841 
vt 48.1205 -4.59623 
vt 47.875 -4.24841 
vt 47.875 -4.44971 
vt 47.5495 -4.59623 
vt 47.7464 -4.44971 
vt 47.5438 -4.59623 
vt 47.5967 -4.24841 
vt 47.3961 -4.39763 
vt 47.8795 -4.85543 
vt 48.125 -4.74643 
vt 48.125 -4.54947 

usemtl Union1Mtl

f 1/1/1 2/2/2 3/3/3 
f 2/2/2 4/4/4 3/3/3 
f 5/5/5 6/6/6 7/7/7 
f 8/8/8 9/9/9 10/10/10 
f 9/9/9 11/11/11 10/10/10 
f 12/12/12 13/13/13 14/14/14 
f 13/13/13 15/15/15 14/14/14 
f 16/16/16 17/17/17 18/18/18 
f 17/17/17 19/19/19 18/18/18 
f 19/19/19 20/20/20 18/18/18 
f 21/21/21 22/22/22 23/23/23 
f 22/22/22 24/24/24 23/23/23 
f 24/24/24 25/25/25 23/23/23 
f 26/26/26 27/27/27 28/28/28 
f 27/27/27 29/29/29 28/28/28 
f 29/29/29 30/30/30 28/28/28 
f 31/31/31 32/32/32 33/33/33 
f 32/32/32 34/34/34 33/33/33 
f 35/35/35 36/36/36 37/37/37 
f 38/38/38 39/39/39 40/40/40 
f 39/39/39 41/41/41 40/40/40 
f 41/41/41 42/42/42 40/40/40 
f 43/43/43 44/44/44 45/45/45 
f 44/44/44 46/46/46 45/45/45 
f 35/35/35 37/37/37 47/47/47 
f 48/48/48 49/49/49 50/50/50 
f 49/49/49 51/51/51 50/50/50 
f 51/51/51 52/52/52 50/50/50 
f 53/53/53 54/54/54 55/55/55 
f 54/54/54 56/56/56 55/55/55 
f 56/56/56 57/57/57 55/55/55 
f 58/58/58 59/59/59 60/60/60 

g Part1

v 77.0025 10.9535 1.48649 
v 75.9418 12.0142 1.48649 
v 77.7606 11.7116 1.48649 
v 76.6999 12.7723 1.48649 
v 75.9418 12.0142 6.48649 
v 75.9418 12.0142 1.48649 
v 77.0025 10.9535 6.48649 
v 77.0025 10.9535 1.48649 
v 75.9418 12.0142 1.48649 
v 75.9418 12.0142 6.48649 
v 76.6999 12.7723 1.48649 
v 76.6999 12.7723 6.48649 
v 75.9418 12.0142 6.48649 
v 77.0025 10.9535 6.48649 
v 76.6999 12.7723 6.48649 
v 77.7606 11.7116 6.48649 
v 77.7606 11.7116 6.48649 
v 77.7606 11.7116 1.48649 
v 76.6999 12.7723 6.48649 
v 76.6999 12.7723 1.48649 
v 77.0025 10.9535 6.48649 
v 77.0025 10.9535 1.48649 
v 77.7606 11.7116 6.48649 
v 77.7606 11.7116 1.48649 

vn 0 0 -1 
vn 0 0 -1 
vn 0 0 -1 
vn 0 0 -1 
vn -0.708661 -0.708661 0 
vn -0.708661 -0.708661 0 
vn -0.708661 -0.708661 0 
vn -0.708661 -0.708661 0 
vn -0.708661 0.708661 0 
vn -0.708661 0.708661 0 
vn -0.708661 0.708661 0 
vn -0.708661 0.708661 0 
vn 0 0 1 
vn 0 0 1 
vn 0 0 1 
vn 0 0 1 
vn 0.708661 0.708661 0 
vn 0.708661 0.708661 0 
vn 0.708661 0.708661 0 
vn 0.708661 0.708661 0 
vn 0.708661 -0.708661 0 
vn 0.708661 -0.708661 0 
vn 0.708661 -0.708661 0 
vn 0.708661 -0.708661 0 

vt 0.119334 1.25511 
vt -0.0681662 1.25511 
vt 0.119334 1.1211 
vt -0.0681662 1.1211 
vt 0.556834 1.25511 
vt -0.0681662 1.25511 
vt 0.556834 1.06761 
vt -0.0681662 1.06761 
vt 0.556834 1.25511 
vt -0.0681662 1.25511 
vt 0.556834 1.1211 
vt -0.0681662 1.1211 
vt 0.119334 1.25511 
vt -0.0681662 1.25511 
vt 0.119334 1.1211 
vt -0.0681662 1.1211 
vt 0.556834 1.25511 
vt -0.0681662 1.25511 
vt 0.556834 1.06761 
vt -0.0681662 1.06761 
vt 0.556834 1.25511 
vt -0.0681662 1.25511 
vt 0.556834 1.1211 
vt -0.0681662 1.1211 

usemtl Part1Mtl

f 61/61/61 62/62/62 63/63/63 
f 63/63/63 62/62/62 64/64/64 
f 65/65/65 66/66/66 67/67/67 
f 67/67/67 66/66/66 68/68/68 
f 69/69/69 70/70/70 71/71/71 
f 71/71/71 70/70/70 72/72/72 
f 73/73/73 74/74/74 75/75/75 
f 75/75/75 74/74/74 76/76/76 
f 77/77/77 78/78/78 79/79/79 
f 79/79/79 78/78/78 80/80/80 
f 81/81/81 82/82/82 83/83/83 
f 83/83/83 82/82/82 84/84/84 

g Part2

v 77.407 10.651 0.986494 
v 75.6393 12.4188 0.986494 
v 78.1141 11.3581 0.986494 
v 76.3464 13.1259 0.986494 
v 75.6393 12.4188 6.98649 
v 75.6393 12.4188 0.986494 
v 77.407 10.651 6.98649 
v 77.407 10.651 0.986494 
v 75.6393 12.4188 0.986494 
v 75.6393 12.4188 6.98649 
v 76.3464 13.1259 0.986494 
v 76.3464 13.1259 6.98649 
v 75.6393 12.4188 6.98649 
v 77.407 10.651 6.98649 
v 76.3464 13.1259 6.98649 
v 78.1141 11.3581 6.98649 
v 78.1141 11.3581 6.98649 
v 78.1141 11.3581 0.986494 
v 76.3464 13.1259 6.98649 
v 76.3464 13.1259 0.986494 
v 77.407 10.651 6.98649 
v 77.407 10.651 0.986494 
v 78.1141 11.3581 6.98649 
v 78.1141 11.3581 0.986494 

vn 0 0 -1 
vn 0 0 -1 
vn 0 0 -1 
vn 0 0 -1 
vn -0.708661 -0.708661 0 
vn -0.708661 -0.708661 0 
vn -0.708661 -0.708661 0 
vn -0.708661 -0.708661 0 
vn -0.708661 0.708661 0 
vn -0.708661 0.708661 0 
vn -0.708661 0.708661 0 
vn -0.708661 0.708661 0 
vn 0 0 1 
vn 0 0 1 
vn 0 0 1 
vn 0 0 1 
vn 0.708661 0.708661 0 
vn 0.708661 0.708661 0 
vn 0.708661 0.708661 0 
vn 0.708661 0.708661 0 
vn 0.708661 -0.708661 0 
vn 0.708661 -0.708661 0 
vn 0.708661 -0.708661 0 
vn 0.708661 -0.708661 0 

vt 1.5625 -0.25 
vt 1.25 -0.25 
vt 1.5625 -0.375 
vt 1.25 -0.375 
vt 2 -0.25 
vt 1.25 -0.25 
vt 2 -0.5625 
vt 1.25 -0.5625 
vt 2 -0.25 
vt 1.25 -0.25 
vt 2 -0.375 
vt 1.25 -0.375 
vt 1.5625 -0.25 
vt 1.25 -0.25 
vt 1.5625 -0.375 
vt 1.25 -0.375 
vt 2 -0.25 
vt 1.25 -0.25 
vt 2 -0.5625 
vt 1.25 -0.5625 
vt 2 -0.25 
vt 1.25 -0.25 
vt 2 -0.375 
vt 1.25 -0.375 

usemtl Union1Mtl

f 85/85/85 86/86/86 87/87/87 
f 87/87/87 86/86/86 88/88/88 
f 89/89/89 90/90/90 91/91/91 
f 91/91/91 90/90/90 92/92/92 
f 93/93/93 94/94/94 95/95/95 
f 95/95/95 94/94/94 96/96/96 
f 97/97/97 98/98/98 99/99/99 
f 99/99/99 98/98/98 100/100/100 
f 101/101/101 102/102/102 103/103/103 
f 103/103/103 102/102/102 104/104/104 
f 105/105/105 106/106/106 107/107/107 
f 107/107/107 106/106/106 108/108/108 

g Part3

v 78.1141 10.651 0.486494 
v 75.6393 13.1259 0.486494 
v 79.1748 11.7117 0.486494 
v 76.6999 14.1865 0.486494 
v 75.6393 13.1259 7.48649 
v 75.6393 13.1259 0.486494 
v 78.1141 10.651 7.48649 
v 78.1141 10.651 0.486494 
v 75.6393 13.1259 0.486494 
v 75.6393 13.1259 7.48649 
v 76.6999 14.1865 0.486494 
v 76.6999 14.1865 7.48649 
v 75.6393 13.1259 7.48649 
v 78.1141 10.651 7.48649 
v 76.6999 14.1865 7.48649 
v 79.1748 11.7117 7.48649 
v 79.1748 11.7117 7.48649 
v 79.1748 11.7117 0.486494 
v 76.6999 14.1865 7.48649 
v 76.6999 14.1865 0.486494 
v 78.1141 10.651 7.48649 
v 78.1141 10.651 0.486494 
v 79.1748 11.7117 7.48649 
v 79.1748 11.7117 0.486494 

vn 0 0 -1 
vn 0 0 -1 
vn 0 0 -1 
vn 0 0 -1 
vn -0.708661 -0.708661 0 
vn -0.708661 -0.708661 0 
vn -0.708661 -0.708661 0 
vn -0.708661 -0.708661 0 
vn -0.708661 0.708661 0 
vn -0.708661 0.708661 0 
vn -0.708661 0.708661 0 
vn -0.708661 0.708661 0 
vn 0 0 1 
vn 0 0 1 
vn 0 0 1 
vn 0 0 1 
vn 0.708661 0.708661 0 
vn 0.708661 0.708661 0 
vn 0.708661 0.708661 0 
vn 0.708661 0.708661 0 
vn 0.708661 -0.708661 0 
vn 0.708661 -0.708661 0 
vn 0.708661 -0.708661 0 
vn 0.708661 -0.708661 0 

vt 4.9375 -5.5 
vt 4.5 -5.5 
vt 4.9375 -5.6875 
vt 4.5 -5.6875 
vt 5.375 -5.5 
vt 4.5 -5.5 
vt 5.375 -5.9375 
vt 4.5 -5.9375 
vt 5.375 -5.5 
vt 4.5 -5.5 
vt 5.375 -5.6875 
vt 4.5 -5.6875 
vt 4.9375 -5.5 
vt 4.5 -5.5 
vt 4.9375 -5.6875 
vt 4.5 -5.6875 
vt 5.375 -5.5 
vt 4.5 -5.5 
vt 5.375 -5.9375 
vt 4.5 -5.9375 
vt 5.375 -5.5 
vt 4.5 -5.5 
vt 5.375 -5.6875 
vt 4.5 -5.6875 

usemtl Part3Mtl

f 109/109/109 110/110/110 111/111/111 
f 111/111/111 110/110/110 112/112/112 
f 113/113/113 114/114/114 115/115/115 
f 115/115/115 114/114/114 116/116/116 
f 117/117/117 118/118/118 119/119/119 
f 119/119/119 118/118/118 120/120/120 
f 121/121/121 122/122/122 123/123/123 
f 123/123/123 122/122/122 124/124/124 
f 125/125/125 126/126/126 127/127/127 
f 127/127/127 126/126/126 128/128/128 
f 129/129/129 130/130/130 131/131/131 
f 131/131/131 130/130/130 132/132/132 

g Part4

v 80.9547 1.93664 18.9865 
v 75.9547 1.93664 18.9865 
v 80.9547 0.936641 18.9865 
v 75.9547 0.936641 18.9865 
v 75.9547 1.93664 -10.5135 
v 75.9547 1.93664 18.9865 
v 80.9547 1.93664 -10.5135 
v 80.9547 1.93664 18.9865 
v 75.9547 1.93664 18.9865 
v 75.9547 1.93664 -10.5135 
v 75.9547 0.936641 18.9865 
v 75.9547 0.936641 -10.5135 
v 75.9547 1.93664 -10.5135 
v 80.9547 1.93664 -10.5135 
v 75.9547 0.936641 -10.5135 
v 80.9547 0.936641 -10.5135 
v 80.9547 0.936641 -10.5135 
v 80.9547 0.936641 18.9865 
v 75.9547 0.936641 -10.5135 
v 75.9547 0.936641 18.9865 
v 80.9547 1.93664 -10.5135 
v 80.9547 1.93664 18.9865 
v 80.9547 0.936641 -10.5135 
v 80.9547 0.936641 18.9865 

vn 0 0 1 
vn 0 0 1 
vn 0 0 1 
vn 0 0 1 
vn 0 1 0 
vn 0 1 0 
vn 0 1 0 
vn 0 1 0 
vn -1 0 0 
vn -1 0 0 
vn -1 0 0 
vn -1 0 0 
vn 0 0 -1 
vn 0 0 -1 
vn 0 0 -1 
vn 0 0 -1 
vn 0 -1 0 
vn 0 -1 0 
vn 0 -1 0 
vn 0 -1 0 
vn 1 0 0 
vn 1 0 0 
vn 1 0 0 
vn 1 0 0 

vt 4.375 -6.75 
vt 3.75 -6.75 
vt 4.375 -6.875 
vt 3.75 -6.875 
vt 7.4375 -6.75 
vt 3.75 -6.75 
vt 7.4375 -7.375 
vt 3.75 -7.375 
vt 7.4375 -6.75 
vt 3.75 -6.75 
vt 7.4375 -6.875 
vt 3.75 -6.875 
vt 4.375 -6.75 
vt 3.75 -6.75 
vt 4.375 -6.875 
vt 3.75 -6.875 
vt 7.4375 -6.75 
vt 3.75 -6.75 
vt 7.4375 -7.375 
vt 3.75 -7.375 
vt 7.4375 -6.75 
vt 3.75 -6.75 
vt 7.4375 -6.875 
vt 3.75 -6.875 

usemtl Part3Mtl

f 133/133/133 134/134/134 135/135/135 
f 135/135/135 134/134/134 136/136/136 
f 137/137/137 138/138/138 139/139/139 
f 139/139/139 138/138/138 140/140/140 
f 141/141/141 142/142/142 143/143/143 
f 143/143/143 142/142/142 144/144/144 
f 145/145/145 146/146/146 147/147/147 
f 147/147/147 146/146/146 148/148/148 
f 149/149/149 150/150/150 151/151/151 
f 151/151/151 150/150/150 152/152/152 
f 153/153/153 154/154/154 155/155/155 
f 155/155/155 154/154/154 156/156/156 

g Part5

v 80.9547 16.4367 18.9865 
v 75.9547 16.4367 18.9865 
v 80.9547 15.4367 18.9865 
v 75.9547 15.4367 18.9865 
v 75.9547 16.4367 -10.5135 
v 75.9547 16.4367 18.9865 
v 80.9547 16.4367 -10.5135 
v 80.9547 16.4367 18.9865 
v 75.9547 16.4367 18.9865 
v 75.9547 16.4367 -10.5135 
v 75.9547 15.4367 18.9865 
v 75.9547 15.4367 -10.5135 
v 75.9547 16.4367 -10.5135 
v 80.9547 16.4367 -10.5135 
v 75.9547 15.4367 -10.5135 
v 80.9547 15.4367 -10.5135 
v 80.9547 15.4367 -10.5135 
v 80.9547 15.4367 18.9865 
v 75.9547 15.4367 -10.5135 
v 75.9547 15.4367 18.9865 
v 80.9547 16.4367 -10.5135 
v 80.9547 16.4367 18.9865 
v 80.9547 15.4367 -10.5135 
v 80.9547 15.4367 18.9865 

vn 0 0 1 
vn 0 0 1 
vn 0 0 1 
vn 0 0 1 
vn 0 1 0 
vn 0 1 0 
vn 0 1 0 
vn 0 1 0 
vn -1 0 0 
vn -1 0 0 
vn -1 0 0 
vn -1 0 0 
vn 0 0 -1 
vn 0 0 -1 
vn 0 0 -1 
vn 0 0 -1 
vn 0 -1 0 
vn 0 -1 0 
vn 0 -1 0 
vn 0 -1 0 
vn 1 0 0 
vn 1 0 0 
vn 1 0 0 
vn 1 0 0 

vt 6.125 -4 
vt 5.5 -4 
vt 6.125 -4.125 
vt 5.5 -4.125 
vt 9.1875 -4 
vt 5.5 -4 
vt 9.1875 -4.625 
vt 5.5 -4.625 
vt 9.1875 -4 
vt 5.5 -4 
vt 9.1875 -4.125 
vt 5.5 -4.125 
vt 6.125 -4 
vt 5.5 -4 
vt 6.125 -4.125 
vt 5.5 -4.125 
vt 9.1875 -4 
vt 5.5 -4 
vt 9.1875 -4.625 
vt 5.5 -4.625 
vt 9.1875 -4 
vt 5.5 -4 
vt 9.1875 -4.125 
vt 5.5 -4.125 

usemtl Part3Mtl

f 157/157/157 158/158/158 159/159/159 
f 159/159/159 158/158/158 160/160/160 
f 161/161/161 162/162/162 163/163/163 
f 163/163/163 162/162/162 164/164/164 
f 165/165/165 166/166/166 167/167/167 
f 167/167/167 166/166/166 168/168/168 
f 169/169/169 170/170/170 171/171/171 
f 171/171/171 170/170/170 172/172/172 
f 173/173/173 174/174/174 175/175/175 
f 175/175/175 174/174/174 176/176/176 
f 177/177/177 178/178/178 179/179/179 
f 179/179/179 178/178/178 180/180/180 

g Union2

v 75.455 13.4316 9.48672 
v 80.955 16.4369 9.48672 
v 77.457 11.9424 9.48672 
v 77.457 11.9424 9.48672 
v 77.457 11.9424 13.9867 
v 75.455 13.4316 9.48672 
v 75.455 13.4316 13.9867 
v 75.455 13.4316 9.48672 
v 75.455 13.4316 13.9867 
v 75.455 16.4369 9.48672 
v 75.455 16.4369 13.9867 
v 75.455 13.4316 13.9867 
v 77.457 11.9424 13.9867 
v 75.455 16.4369 13.9867 
v 80.955 16.4369 13.9867 
v 80.955 16.4369 9.48672 
v 75.455 16.4369 9.48672 
v 80.955 16.4369 13.9867 
v 75.455 16.4369 13.9867 
v 75.455 16.4369 9.48672 
v 80.955 0.436849 13.9867 
v 75.455 0.436849 13.9867 
v 80.955 0.436849 9.48672 
v 75.455 0.436849 9.48672 
v 80.955 0.436849 9.48672 
v 80.955 9.44347 9.48672 
v 80.955 0.436849 13.9867 
v 80.955 16.4369 9.48672 
v 80.955 16.4369 13.9867 
v 80.955 0.436849 13.9867 
v 75.455 0.436849 9.48672 
v 75.455 0.436849 13.9867 
v 75.455 3.88454 9.48671 
v 75.455 3.88454 13.9867 
v 75.455 0.436849 9.48672 
v 75.455 3.88454 9.48671 
v 80.955 0.436849 9.48672 
v 80.955 9.44347 9.48672 
v 75.455 13.4316 -5.51329 
v 80.955 16.4365 -5.51329 
v 77.457 11.9424 -5.51329 
v 77.457 11.9424 -5.51329 
v 77.457 11.9424 -1.01329 
v 75.455 13.4316 -5.51329 
v 75.455 13.4316 -1.01329 
v 75.455 13.4316 -1.01329 
v 75.455 16.4365 -1.01329 
v 75.455 13.4316 -5.51329 
v 75.455 16.4365 -5.51329 
v 75.455 13.4316 -1.01329 
v 77.457 11.9424 -1.01329 
v 75.455 16.4365 -1.01329 
v 80.955 16.4365 -1.01329 
v 80.955 16.4365 -5.51329 
v 75.455 16.4365 -5.51329 
v 80.955 16.4365 -1.01329 
v 75.455 16.4365 -1.01329 
v 75.455 16.4365 -5.51329 
v 80.955 0.436543 -1.01329 
v 75.455 0.436543 -1.01329 
v 80.955 0.436543 -5.51329 
v 75.455 0.436543 -5.51329 
v 80.955 0.436543 -5.51329 
v 80.955 9.44347 -5.51329 
v 80.955 0.436543 -1.01329 
v 80.955 16.4365 -5.51329 
v 80.955 16.4365 -1.01329 
v 80.955 0.436543 -1.01329 
v 75.455 3.88454 -1.01329 
v 75.455 3.88454 -5.51329 
v 75.455 0.436543 -1.01329 
v 75.455 0.436543 -5.51329 
v 75.455 0.436543 -5.51329 
v 75.455 3.88454 -5.51329 
v 80.955 0.436543 -5.51329 
v 80.955 9.44347 -5.51329 
v 77.455 11.9365 -5.51329 
v 77.455 11.9365 -1.01329 
v 77.4526 11.9365 -5.51329 
v 77.4526 11.9365 -1.01329 
v 77.455 11.9365 -1.01329 
v 77.455 11.9365 -5.51329 
v 77.455 5.974 -1.01329 
v 77.455 5.974 -5.51329 
v 77.455 11.9365 13.9867 
v 77.455 11.9365 9.48672 
v 77.455 5.974 13.9867 
v 77.455 5.974 9.48671 
v 77.455 11.9365 9.48672 
v 77.455 11.9365 13.9867 
v 77.4526 11.9365 9.48671 
v 77.4526 11.9365 13.9867 
v 77.455 5.93653 9.48672 
v 77.455 5.93653 13.9867 
v 77.455 5.95271 9.48671 
v 77.455 5.95271 13.9867 
v 77.455 5.93653 13.9867 
v 77.455 5.93653 9.48672 
v 77.4394 5.93653 13.9867 
v 77.4394 5.93653 9.48672 
v 77.455 5.93653 -5.51329 
v 77.455 5.93653 -1.01329 
v 77.455 5.95271 -5.51329 
v 77.455 5.95271 -1.01329 
v 77.455 5.93653 -1.01329 
v 77.455 5.93653 -5.51329 
v 77.4394 5.93653 -1.01329 
v 77.4394 5.93653 -5.51329 
v 77.455 5.974 -5.51329 
v 77.4656 5.96372 -5.51329 
v 77.455 5.974 -1.01329 
v 77.4656 5.96372 -1.01329 
v 77.4656 5.96372 -1.01329 
v 77.4656 5.96372 -5.51329 
v 77.455 5.95271 -1.01329 
v 77.455 5.95271 -5.51329 
v 77.4656 5.96372 13.9867 
v 77.4656 5.96372 9.48672 
v 77.455 5.95271 13.9867 
v 77.455 5.95271 9.48671 
v 77.455 5.974 9.48671 
v 77.4656 5.96372 9.48672 
v 77.455 5.974 13.9867 
v 77.4656 5.96372 13.9867 
v 77.455 5.95271 13.9867 
v 77.455 5.93653 13.9867 
v 77.4656 5.96372 13.9867 
v 77.455 5.93653 9.48672 
v 77.4656 5.96372 9.48672 
v 77.455 5.95271 9.48671 
v 77.4656 5.96372 -1.01329 
v 77.455 5.93653 -1.01329 
v 77.455 5.95271 -1.01329 
v 77.455 5.93653 -5.51329 
v 77.4656 5.96372 -5.51329 
v 77.455 5.95271 -5.51329 
v 77.455 11.9365 -5.51329 
v 77.4526 11.9365 -5.51329 
v 77.4526 11.9365 -5.51329 
v 77.4526 11.9365 -1.01329 
v 77.457 11.9424 -5.51329 
v 77.457 11.9424 -1.01329 
v 77.457 11.9424 9.48672 
v 77.4526 11.9365 9.48671 
v 77.457 11.9424 13.9867 
v 77.4526 11.9365 13.9867 
v 77.4394 5.93653 -1.01329 
v 77.4394 5.93653 -5.51329 
v 75.455 3.88454 -1.01329 
v 77.4355 5.93257 -5.51329 
v 75.455 3.88454 -5.51329 
v 77.4394 5.93653 13.9867 
v 77.4394 5.93653 9.48672 
v 75.455 3.88454 13.9867 
v 77.4355 5.93257 9.48672 
v 75.455 3.88454 9.48671 
v 77.4394 5.93653 13.9867 
v 75.455 3.88454 13.9867 
v 77.4394 5.93653 9.48672 
v 77.4355 5.93257 9.48672 
v 77.4394 5.93653 -1.01329 
v 75.455 3.88454 -1.01329 
v 77.4394 5.93653 -5.51329 
v 77.4355 5.93257 -5.51329 
v 77.455 5.974 9.48671 
v 77.455 11.9365 9.48672 
v 77.455 5.974 -1.01329 
v 77.455 5.974 13.9867 
v 77.455 11.9365 -1.01329 
v 77.4526 11.9365 -1.01329 
v 77.4526 11.9365 9.48671 
v 77.455 11.9365 13.9867 
v 77.4526 11.9365 13.9867 
v 77.455 5.974 -5.51329 
v 75.455 0.436849 13.9867 
v 75.455 0.436543 -1.01329 

vn 0 0 -1 
vn 0 0 -1 
vn 0 0 -1 
vn -0.598425 -0.80315 0 
vn -0.598425 -0.80315 0 
vn -0.598425 -0.80315 0 
vn -0.598425 -0.80315 0 
vn -1 0 0 
vn -1 0 0 
vn -1 0 0 
vn -1 0 0 
vn 0 0 1 
vn 0 0 1 
vn 0 0 1 
vn 0 0 1 
vn 0 1 0 
vn 0 1 0 
vn 0 1 0 
vn 0 1 0 
vn 0 0 -1 
vn 0 -1 0 
vn 0 -1 0 
vn 0 -1 0 
vn 0 -1 0 
vn 1 0 0 
vn 1 0 0 
vn 1 0 0 
vn 1 0 0 
vn 1 0 0 
vn 0 0 1 
vn -1 0 0 
vn -1 0 0 
vn -1 0 0 
vn -1 0 0 
vn 0 0 -1 
vn 0 0 -1 
vn 0 0 -1 
vn 0 0 -1 
vn 0 0 -1 
vn 0 0 -1 
vn 0 0 -1 
vn -0.598425 -0.80315 0 
vn -0.598425 -0.80315 0 
vn -0.598425 -0.80315 0 
vn -0.598425 -0.80315 0 
vn -1 0 0 
vn -1 0 0 
vn -1 0 0 
vn -1 0 0 
vn 0 0 1 
vn 0 0 1 
vn 0 0 1 
vn 0 0 1 
vn 0 1 0 
vn 0 1 0 
vn 0 1 0 
vn 0 1 0 
vn 0 0 -1 
vn 0 -1 0 
vn 0 -1 0 
vn 0 -1 0 
vn 0 -1 0 
vn 1 0 0 
vn 1 0 0 
vn 1 0 0 
vn 1 0 0 
vn 1 0 0 
vn 0 0 1 
vn -1 0 0 
vn -1 0 0 
vn -1 0 0 
vn -1 0 0 
vn 0 0 -1 
vn 0 0 -1 
vn 0 0 -1 
vn 0 0 -1 
vn 0 -1 0 
vn 0 -1 0 
vn 0 -1 0 
vn 0 -1 0 
vn -1 0 0 
vn -1 0 0 
vn -1 0 0 
vn -1 0 0 
vn -1 0 0 
vn -1 0 0 
vn -1 0 0 
vn -1 0 0 
vn 0 -1 0 
vn 0 -1 0 
vn 0 -1 0 
vn 0 -1 0 
vn -1 0 0 
vn -1 0 0 
vn -1 0 0 
vn -1 0 0 
vn 0 1 0 
vn 0 1 0 
vn 0 1 0 
vn 0 1 0 
vn -1 0 0 
vn -1 0 0 
vn -1 0 0 
vn -1 0 0 
vn 0 1 0 
vn 0 1 0 
vn 0 1 0 
vn 0 1 0 
vn -0.692913 -0.716535 0 
vn -0.692913 -0.716535 0 
vn -0.692913 -0.716535 0 
vn -0.692913 -0.716535 0 
vn -0.716535 0.692913 0 
vn -0.716535 0.692913 0 
vn -0.716535 0.692913 0 
vn -0.716535 0.692913 0 
vn -0.716535 0.692913 0 
vn -0.716535 0.692913 0 
vn -0.716535 0.692913 0 
vn -0.716535 0.692913 0 
vn -0.692913 -0.716535 0 
vn -0.692913 -0.716535 0 
vn -0.692913 -0.716535 0 
vn -0.692913 -0.716535 0 
vn 0 0 1 
vn 0 0 1 
vn 0 0 1 
vn 0 0 -1 
vn 0 0 -1 
vn 0 0 -1 
vn 0 0 1 
vn 0 0 1 
vn 0 0 1 
vn 0 0 -1 
vn 0 0 -1 
vn 0 0 -1 
vn 0 0 -1 
vn 0 0 -1 
vn -0.80315 0.598425 0 
vn -0.80315 0.598425 0 
vn -0.80315 0.598425 0 
vn -0.80315 0.598425 0 
vn -0.80315 0.598425 0 
vn -0.80315 0.598425 0 
vn -0.80315 0.598425 0 
vn -0.80315 0.598425 0 
vn -0.716535 0.692913 0 
vn -0.716535 0.692913 0 
vn -0.716535 0.692913 0 
vn -0.716535 0.692913 0 
vn -0.716535 0.692913 0 
vn -0.716535 0.692913 0 
vn -0.716535 0.692913 0 
vn -0.716535 0.692913 0 
vn -0.716535 0.692913 0 
vn -0.716535 0.692913 0 
vn 0 0 1 
vn 0 0 1 
vn 0 0 -1 
vn 0 0 -1 
vn 0 0 1 
vn 0 0 1 
vn 0 0 -1 
vn 0 0 -1 
vn 0 0 -1 
vn 0 0 -1 
vn 0 0 1 
vn 0 0 1 
vn 0 0 1 
vn 0 0 1 
vn 0 0 -1 
vn 0 0 1 
vn 0 0 1 
vn 0 0 -1 
vn 0 0 1 
vn 0 0 1 

vt 40.3438 -8.37563 
vt 39.6562 -7.99998 
vt 40.0935 -8.56179 
vt 40.6562 -8.90649 
vt 41.2188 -8.90649 
vt 40.6562 -8.65625 
vt 41.2188 -8.65625 
vt 40.6562 -8.37563 
vt 41.2188 -8.37563 
vt 40.6562 -7.99998 
vt 41.2188 -7.99998 
vt 39.6562 -8.37563 
vt 39.9065 -8.56179 
vt 39.6562 -7.99998 
vt 40.3438 -7.99998 
vt 39.3438 -9.34375 
vt 39.3438 -8.65625 
vt 38.7812 -9.34375 
vt 38.7812 -8.65625 
vt 40.3438 -7.99998 
vt 41.2188 -9.34375 
vt 41.2188 -8.65625 
vt 40.6562 -9.34375 
vt 40.6562 -8.65625 
vt 39.3438 -9.99998 
vt 39.3438 -8.87415 
vt 38.7812 -9.99998 
vt 39.3438 -7.99998 
vt 38.7812 -7.99998 
vt 40.3438 -9.99998 
vt 40.6562 -9.99998 
vt 41.2188 -9.99998 
vt 40.6562 -9.56902 
vt 41.2188 -9.56902 
vt 40.3438 -9.99998 
vt 40.3438 -9.56902 
vt 39.6562 -9.99998 
vt 39.6562 -8.87415 
vt 40.3438 -8.37563 
vt 39.6562 -8.00002 
vt 40.0935 -8.56179 
vt 38.7812 -8.90649 
vt 39.3438 -8.90649 
vt 38.7812 -8.65625 
vt 39.3438 -8.65625 
vt 39.3438 -8.37563 
vt 39.3438 -8.00002 
vt 38.7812 -8.37563 
vt 38.7812 -8.00002 
vt 39.6562 -8.37563 
vt 39.9065 -8.56179 
vt 39.6562 -8.00002 
vt 40.3438 -8.00002 
vt 41.2188 -9.34375 
vt 41.2188 -8.65625 
vt 40.6562 -9.34375 
vt 40.6562 -8.65625 
vt 40.3438 -8.00002 
vt 39.3438 -9.34375 
vt 39.3438 -8.65625 
vt 38.7812 -9.34375 
vt 38.7812 -8.65625 
vt 41.2188 -10 
vt 41.2188 -8.87415 
vt 40.6562 -10 
vt 41.2188 -8.00002 
vt 40.6562 -8.00002 
vt 40.3438 -10 
vt 39.3438 -9.56902 
vt 38.7812 -9.56902 
vt 39.3438 -10 
vt 38.7812 -10 
vt 40.3438 -10 
vt 40.3438 -9.56902 
vt 39.6562 -10 
vt 39.6562 -8.87415 
vt 38.7812 -8.90625 
vt 39.3438 -8.90625 
vt 38.7812 -8.90595 
vt 39.3438 -8.90595 
vt 39.3438 -8.56252 
vt 38.7812 -8.56252 
vt 39.3438 -9.30784 
vt 38.7812 -9.30784 
vt 41.2188 -8.56252 
vt 40.6562 -8.56252 
vt 41.2188 -9.30784 
vt 40.6562 -9.30784 
vt 40.6562 -8.90625 
vt 41.2188 -8.90625 
vt 40.6562 -8.90595 
vt 41.2188 -8.90595 
vt 40.6562 -9.31252 
vt 41.2188 -9.31252 
vt 40.6562 -9.3105 
vt 41.2188 -9.3105 
vt 38.7812 -8.90625 
vt 39.3438 -8.90625 
vt 38.7812 -8.90429 
vt 39.3438 -8.90429 
vt 38.7812 -9.31252 
vt 39.3438 -9.31252 
vt 38.7812 -9.3105 
vt 39.3438 -9.3105 
vt 40.6562 -8.90625 
vt 41.2188 -8.90625 
vt 40.6562 -8.90429 
vt 41.2188 -8.90429 
vt 38.7812 -8.90625 
vt 38.7812 -8.90758 
vt 39.3438 -8.90625 
vt 39.3438 -8.90758 
vt 39.3438 -9.30912 
vt 38.7812 -9.30912 
vt 39.3438 -9.3105 
vt 38.7812 -9.3105 
vt 41.2188 -9.30912 
vt 40.6562 -9.30912 
vt 41.2188 -9.3105 
vt 40.6562 -9.3105 
vt 40.6562 -8.90625 
vt 40.6562 -8.90758 
vt 41.2188 -8.90625 
vt 41.2188 -8.90758 
vt 39.9062 -9.3105 
vt 39.9062 -9.31252 
vt 39.9076 -9.30912 
vt 40.0938 -9.31252 
vt 40.0924 -9.30912 
vt 40.0938 -9.3105 
vt 39.9076 -9.30912 
vt 39.9062 -9.31252 
vt 39.9062 -9.3105 
vt 40.0938 -9.31252 
vt 40.0924 -9.30912 
vt 40.0938 -9.3105 
vt 40.0938 -8.56252 
vt 40.0941 -8.56252 
vt 38.7812 -8.56252 
vt 39.3438 -8.56252 
vt 38.7812 -8.56179 
vt 39.3438 -8.56179 
vt 40.6562 -8.56179 
vt 40.6562 -8.56252 
vt 41.2188 -8.56179 
vt 41.2188 -8.56252 
vt 39.3438 -9.31252 
vt 38.7812 -9.31252 
vt 39.3438 -9.56902 
vt 38.7812 -9.31302 
vt 38.7812 -9.56902 
vt 41.2188 -9.31252 
vt 40.6562 -9.31252 
vt 41.2188 -9.56902 
vt 40.6562 -9.31302 
vt 40.6562 -9.56902 
vt 39.9043 -9.31252 
vt 39.6562 -9.56902 
vt 40.0957 -9.31252 
vt 40.0962 -9.31302 
vt 39.9043 -9.31252 
vt 39.6562 -9.56902 
vt 40.0957 -9.31252 
vt 40.0962 -9.31302 
vt 40.0938 -9.30784 
vt 40.0938 -8.56252 
vt 39.9062 -9.30784 
vt 39.9062 -9.30784 
vt 39.9062 -8.56252 
vt 39.9059 -8.56252 
vt 40.0941 -8.56252 
vt 39.9062 -8.56252 
vt 39.9059 -8.56252 
vt 40.0938 -9.30784 
vt 39.6562 -9.99998 
vt 39.6562 -10 

usemtl Part3Mtl

f 181/181/181 182/182/182 183/183/183 
f 184/184/184 185/185/185 186/186/186 
f 185/185/185 187/187/187 186/186/186 
f 188/188/188 189/189/189 190/190/190 
f 189/189/189 191/191/191 190/190/190 
f 192/192/192 193/193/193 194/194/194 
f 193/193/193 195/195/195 194/194/194 
f 196/196/196 197/197/197 198/198/198 
f 197/197/197 199/199/199 198/198/198 
f 181/181/181 200/200/200 182/182/182 
f 201/201/201 202/202/202 203/203/203 
f 202/202/202 204/204/204 203/203/203 
f 205/205/205 206/206/206 207/207/207 
f 206/206/206 208/208/208 207/207/207 
f 209/209/209 207/207/207 208/208/208 
f 193/193/193 210/210/210 195/195/195 
f 211/211/211 212/212/212 213/213/213 
f 212/212/212 214/214/214 213/213/213 
f 215/215/215 216/216/216 217/217/217 
f 182/182/182 218/218/218 217/217/217 
f 219/219/219 220/220/220 221/221/221 
f 222/222/222 223/223/223 224/224/224 
f 223/223/223 225/225/225 224/224/224 
f 226/226/226 227/227/227 228/228/228 
f 229/229/229 228/228/228 227/227/227 
f 230/230/230 231/231/231 232/232/232 
f 231/231/231 233/233/233 232/232/232 
f 234/234/234 235/235/235 236/236/236 
f 235/235/235 237/237/237 236/236/236 
f 219/219/219 238/238/238 220/220/220 
f 239/239/239 240/240/240 241/241/241 
f 240/240/240 242/242/242 241/241/241 
f 243/243/243 244/244/244 245/245/245 
f 244/244/244 246/246/246 245/245/245 
f 247/247/247 245/245/245 246/246/246 
f 231/231/231 248/248/248 233/233/233 
f 249/249/249 250/250/250 251/251/251 
f 250/250/250 252/252/252 251/251/251 
f 253/253/253 254/254/254 255/255/255 
f 220/220/220 256/256/256 255/255/255 
f 257/257/257 258/258/258 259/259/259 
f 258/258/258 260/260/260 259/259/259 
f 261/261/261 262/262/262 263/263/263 
f 262/262/262 264/264/264 263/263/263 
f 265/265/265 266/266/266 267/267/267 
f 266/266/266 268/268/268 267/267/267 
f 269/269/269 270/270/270 271/271/271 
f 270/270/270 272/272/272 271/271/271 
f 273/273/273 274/274/274 275/275/275 
f 274/274/274 276/276/276 275/275/275 
f 277/277/277 278/278/278 279/279/279 
f 278/278/278 280/280/280 279/279/279 
f 281/281/281 282/282/282 283/283/283 
f 282/282/282 284/284/284 283/283/283 
f 285/285/285 286/286/286 287/287/287 
f 286/286/286 288/288/288 287/287/287 
f 289/289/289 290/290/290 291/291/291 
f 290/290/290 292/292/292 291/291/291 
f 293/293/293 294/294/294 295/295/295 
f 294/294/294 296/296/296 295/295/295 
f 297/297/297 298/298/298 299/299/299 
f 298/298/298 300/300/300 299/299/299 
f 301/301/301 302/302/302 303/303/303 
f 302/302/302 304/304/304 303/303/303 
f 305/305/305 306/306/306 307/307/307 
f 306/306/306 210/210/210 307/307/307 
f 210/210/210 193/193/193 307/307/307 
f 308/308/308 309/309/309 217/217/217 
f 310/310/310 309/309/309 308/308/308 
f 248/248/248 311/311/311 312/312/312 
f 313/313/313 312/312/312 311/311/311 
f 314/314/314 315/315/315 255/255/255 
f 316/316/316 315/315/315 314/314/314 
f 317/317/317 318/318/318 221/221/221 
f 319/319/319 320/320/320 321/321/321 
f 320/320/320 322/322/322 321/321/321 
f 323/323/323 324/324/324 325/325/325 
f 324/324/324 326/326/326 325/325/325 
f 327/327/327 328/328/328 329/329/329 
f 328/328/328 330/330/330 329/329/329 
f 330/330/330 331/331/331 329/329/329 
f 332/332/332 333/333/333 334/334/334 
f 333/333/333 335/335/335 334/334/334 
f 335/335/335 336/336/336 334/334/334 
f 337/337/337 338/338/338 306/306/306 
f 308/308/308 217/217/217 339/339/339 
f 217/217/217 340/340/340 339/339/339 
f 341/341/341 342/342/342 312/312/312 
f 314/314/314 255/255/255 343/343/343 
f 255/255/255 344/344/344 343/343/343 
f 345/345/345 346/346/346 309/309/309 
f 346/346/346 182/182/182 309/309/309 
f 182/182/182 217/217/217 309/309/309 
f 347/347/347 311/311/311 231/231/231 
f 311/311/311 248/248/248 231/231/231 
f 193/193/193 348/348/348 307/307/307 
f 347/347/347 231/231/231 349/349/349 
f 231/231/231 350/350/350 349/349/349 
f 351/351/351 183/183/183 346/346/346 
f 183/183/183 182/182/182 346/346/346 
f 348/348/348 193/193/193 352/352/352 
f 193/193/193 353/353/353 352/352/352 
f 220/220/220 255/255/255 221/221/221 
f 255/255/255 315/315/315 221/221/221 
f 315/315/315 354/354/354 221/221/221 
f 354/354/354 317/317/317 221/221/221 
f 306/306/306 338/338/338 210/210/210 
f 338/338/338 355/355/355 210/210/210 
f 217/217/217 216/216/216 340/340/340 
f 312/312/312 342/342/342 248/248/248 
f 342/342/342 356/356/356 248/248/248 
f 255/255/255 254/254/254 344/344/344 

g Union3

v 77.9654 5.96416 18.9865 
v 77.9654 5.96416 -10.5135 
v 77.9547 5.95316 18.9865 
v 77.9547 5.95316 -10.5135 
v 77.9547 5.93697 18.9865 
v 77.9547 5.95316 18.9865 
v 77.9547 5.93697 -10.5135 
v 77.9547 5.95316 -10.5135 
v 77.9547 5.93697 -10.5135 
v 77.9391 5.93697 -10.5135 
v 77.9547 5.93697 18.9865 
v 77.9391 5.93697 18.9865 
v 75.9547 3.88501 -10.5135 
v 77.9391 5.93697 -10.5135 
v 77.9547 5.93697 -10.5135 
v 75.9547 1.93667 -10.5135 
v 80.9547 1.93667 -10.5135 
v 80.9547 1.93667 18.9865 
v 75.9547 1.93667 18.9865 
v 80.9547 1.93667 -10.5135 
v 75.9547 1.93667 -10.5135 
v 75.9547 3.88501 -10.5135 
v 75.9547 1.93667 -10.5135 
v 75.9547 3.88501 18.9865 
v 75.9547 1.93667 18.9865 
v 77.9391 5.93697 -10.5135 
v 75.9547 3.88501 -10.5135 
v 77.9391 5.93697 18.9865 
v 75.9547 3.88501 18.9865 
v 77.9391 5.93697 18.9865 
v 75.9547 3.88501 18.9865 
v 77.9547 5.93697 18.9865 
v 80.9547 1.93667 18.9865 
v 75.9547 1.93667 18.9865 
v 80.9547 15.4367 -10.5135 
v 75.9547 15.4367 -10.5135 
v 80.9547 15.4367 18.9865 
v 75.9547 15.4367 18.9865 
v 80.9547 5.93302 18.9865 
v 77.9654 5.96416 18.9865 
v 77.9547 5.95316 18.9865 
v 77.9547 5.97445 18.9865 
v 77.9547 5.97445 18.9865 
v 77.9547 11.937 18.9865 
v 77.9547 5.97445 -10.5135 
v 77.9547 11.937 -10.5135 
v 77.9654 5.96416 -10.5135 
v 77.9654 5.96416 18.9865 
v 77.9547 5.97445 -10.5135 
v 77.9547 5.97445 18.9865 
v 77.9654 5.96416 -10.5135 
v 77.9547 5.95316 -10.5135 
v 80.9547 15.4367 -10.5135 
v 77.9547 5.97445 -10.5135 
v 80.9547 1.93667 -10.5135 
v 80.9547 15.4367 -10.5135 
v 80.9547 1.93667 18.9865 
v 80.9547 15.4367 18.9865 
v 80.9547 5.93302 18.9865 
v 80.9547 9.44392 18.9865 
v 77.9567 11.9429 -10.5135 
v 77.9567 11.9429 18.9865 
v 75.9547 13.4321 -10.5135 
v 75.9547 13.4321 18.9865 
v 77.9567 11.9429 18.9865 
v 77.9567 11.9429 -10.5135 
v 77.9523 11.937 18.9865 
v 77.9523 11.937 -10.5135 
v 77.9547 11.937 -10.5135 
v 77.9567 11.9429 -10.5135 
v 77.9547 11.937 18.9865 
v 77.9567 11.9429 18.9865 
v 77.9523 11.937 18.9865 
v 77.9547 11.937 18.9865 
v 77.9523 11.937 18.9865 
v 77.9547 11.937 -10.5135 
v 77.9523 11.937 -10.5135 
v 77.9523 11.937 -10.5135 
v 75.9547 15.4367 18.9865 
v 75.9547 15.4367 -10.5135 
v 75.9547 13.4321 18.9865 
v 75.9547 13.4321 -10.5135 
v 75.9547 13.4321 -10.5135 
v 75.9547 15.4367 -10.5135 
v 75.9547 13.4321 18.9865 
v 75.9547 15.4367 18.9865 
v 80.9547 15.4367 18.9865 
v 80.9547 9.44392 18.9865 

vn -0.716535 0.692913 0 
vn -0.716535 0.692913 0 
vn -0.716535 0.692913 0 
vn -0.716535 0.692913 0 
vn -1 0 0 
vn -1 0 0 
vn -1 0 0 
vn -1 0 0 
vn 0 1 0 
vn 0 1 0 
vn 0 1 0 
vn 0 1 0 
vn 0 0 -1 
vn 0 0 -1 
vn 0 0 -1 
vn 0 0 -1 
vn 0 0 -1 
vn 0 -1 0 
vn 0 -1 0 
vn 0 -1 0 
vn 0 -1 0 
vn -1 0 0 
vn -1 0 0 
vn -1 0 0 
vn -1 0 0 
vn -0.716535 0.692913 0 
vn -0.716535 0.692913 0 
vn -0.716535 0.692913 0 
vn -0.716535 0.692913 0 
vn 0 0 1 
vn 0 0 1 
vn 0 0 1 
vn 0 0 1 
vn 0 0 1 
vn 0 1 0 
vn 0 1 0 
vn 0 1 0 
vn 0 1 0 
vn 0 0 1 
vn 0 0 1 
vn 0 0 1 
vn 0 0 1 
vn -1 0 0 
vn -1 0 0 
vn -1 0 0 
vn -1 0 0 
vn -0.692913 -0.716535 0 
vn -0.692913 -0.716535 0 
vn -0.692913 -0.716535 0 
vn -0.692913 -0.716535 0 
vn 0 0 -1 
vn 0 0 -1 
vn 0 0 -1 
vn 0 0 -1 
vn 1 0 0 
vn 1 0 0 
vn 1 0 0 
vn 1 0 0 
vn 1 0 0 
vn 1 0 0 
vn -0.598425 -0.80315 0 
vn -0.598425 -0.80315 0 
vn -0.598425 -0.80315 0 
vn -0.598425 -0.80315 0 
vn -0.80315 0.598425 0 
vn -0.80315 0.598425 0 
vn -0.80315 0.598425 0 
vn -0.80315 0.598425 0 
vn 0 0 -1 
vn 0 0 -1 
vn 0 0 1 
vn 0 0 1 
vn 0 0 1 
vn 0 -1 0 
vn 0 -1 0 
vn 0 -1 0 
vn 0 -1 0 
vn 0 0 -1 
vn -1 0 0 
vn -1 0 0 
vn -1 0 0 
vn -1 0 0 
vn 0 0 -1 
vn 0 0 -1 
vn 0 0 1 
vn 0 0 1 
vn 0 0 1 
vn 0 0 1 

vt 27.8438 -39.3096 
vt 24.1562 -39.3096 
vt 27.8438 -39.3115 
vt 24.1562 -39.3115 
vt 27.8438 -39.3131 
vt 27.8438 -39.3115 
vt 24.1562 -39.3131 
vt 24.1562 -39.3115 
vt 27.8438 -39.155 
vt 27.8438 -39.1534 
vt 24.1562 -39.155 
vt 24.1562 -39.1534 
vt 25.8925 -39.6681 
vt 25.8466 -39.3142 
vt 25.845 -39.3131 
vt 25.7471 -39.8635 
vt 25.2457 -39.4905 
vt 27.8438 -39.7543 
vt 27.8438 -39.2529 
vt 24.1562 -39.7543 
vt 24.1562 -39.2529 
vt 24.1562 -39.6681 
vt 24.1562 -39.8635 
vt 27.8438 -39.6681 
vt 27.8438 -39.8635 
vt 24.1562 -39.3142 
vt 24.1562 -39.6681 
vt 27.8438 -39.3142 
vt 27.8438 -39.6681 
vt 26.1534 -39.3142 
vt 26.1075 -39.6681 
vt 26.155 -39.3131 
vt 26.7543 -39.4905 
vt 26.2529 -39.8635 
vt 27.8438 -38.7471 
vt 27.8438 -38.2457 
vt 24.1562 -38.7471 
vt 24.1562 -38.2457 
vt 26.4562 -39.0897 
vt 26.154 -39.3096 
vt 26.1538 -39.3115 
vt 26.1522 -39.3093 
vt 27.8438 -39.3093 
vt 27.8438 -38.7113 
vt 24.1562 -39.3093 
vt 24.1562 -38.7113 
vt 24.1562 -39.154 
vt 27.8438 -39.154 
vt 24.1562 -39.1522 
vt 27.8438 -39.1522 
vt 25.846 -39.3096 
vt 25.8462 -39.3115 
vt 26.2529 -38.1365 
vt 25.8478 -39.3093 
vt 27.8438 -39.4905 
vt 27.8438 -38.1365 
vt 24.1562 -39.4905 
vt 24.1562 -38.1365 
vt 24.1562 -39.0897 
vt 24.1562 -38.7375 
vt 24.1562 -38.7071 
vt 27.8438 -38.7071 
vt 24.1562 -38.3952 
vt 27.8438 -38.3952 
vt 27.8438 -38.7106 
vt 24.1562 -38.7106 
vt 27.8438 -38.7115 
vt 24.1562 -38.7115 
vt 26.2926 -38.7113 
vt 26.2929 -38.7106 
vt 25.7074 -38.7113 
vt 25.7071 -38.7106 
vt 25.7071 -38.7115 
vt 27.8438 -38.7074 
vt 27.8438 -38.7071 
vt 24.1562 -38.7074 
vt 24.1562 -38.7071 
vt 26.2929 -38.7115 
vt 27.8438 -38.5095 
vt 24.1562 -38.5095 
vt 27.8438 -38.7106 
vt 24.1562 -38.7106 
vt 26.6048 -38.7106 
vt 26.7543 -38.5095 
vt 25.3952 -38.7106 
vt 25.2457 -38.5095 
vt 25.7471 -38.1365 
vt 26.1942 -38.7375 

usemtl Union3Mtl

f 357/357/357 358/358/358 359/359/359 
f 358/358/358 360/360/360 359/359/359 
f 361/361/361 362/362/362 363/363/363 
f 362/362/362 364/364/364 363/363/363 
f 365/365/365 366/366/366 367/367/367 
f 366/366/366 368/368/368 367/367/367 
f 369/369/369 370/370/370 371/371/371 
f 372/372/372 369/369/369 373/373/373 
f 369/369/369 371/371/371 373/373/373 
f 374/374/374 375/375/375 376/376/376 
f 375/375/375 377/377/377 376/376/376 
f 378/378/378 379/379/379 380/380/380 
f 379/379/379 381/381/381 380/380/380 
f 382/382/382 383/383/383 384/384/384 
f 383/383/383 385/385/385 384/384/384 
f 386/386/386 387/387/387 388/388/388 
f 387/387/387 389/389/389 388/388/388 
f 387/387/387 390/390/390 389/389/389 
f 391/391/391 392/392/392 393/393/393 
f 392/392/392 394/394/394 393/393/393 
f 395/395/395 396/396/396 389/389/389 
f 396/396/396 388/388/388 389/389/389 
f 397/397/397 388/388/388 396/396/396 
f 396/396/396 395/395/395 398/398/398 
f 399/399/399 400/400/400 401/401/401 
f 400/400/400 402/402/402 401/401/401 
f 403/403/403 404/404/404 405/405/405 
f 404/404/404 406/406/406 405/405/405 
f 407/407/407 373/373/373 408/408/408 
f 373/373/373 371/371/371 408/408/408 
f 407/407/407 409/409/409 373/373/373 
f 410/410/410 409/409/409 407/407/407 
f 411/411/411 412/412/412 413/413/413 
f 414/414/414 413/413/413 412/412/412 
f 414/414/414 415/415/415 413/413/413 
f 416/416/416 415/415/415 414/414/414 
f 417/417/417 418/418/418 419/419/419 
f 418/418/418 420/420/420 419/419/419 
f 421/421/421 422/422/422 423/423/423 
f 422/422/422 424/424/424 423/423/423 
f 410/410/410 425/425/425 426/426/426 
f 398/398/398 395/395/395 427/427/427 
f 395/395/395 428/428/428 427/427/427 
f 428/428/428 429/429/429 427/427/427 
f 430/430/430 431/431/431 432/432/432 
f 431/431/431 433/433/433 432/432/432 
f 434/434/434 426/426/426 425/425/425 
f 435/435/435 436/436/436 437/437/437 
f 436/436/436 438/438/438 437/437/437 
f 439/439/439 440/440/440 426/426/426 
f 441/441/441 428/428/428 442/442/442 
f 428/428/428 443/443/443 442/442/442 
f 440/440/440 409/409/409 426/426/426 
f 409/409/409 410/410/410 426/426/426 
f 395/395/395 444/444/444 428/428/428 
f 444/444/444 443/443/443 428/428/428 

g Ceiling1

v 51.9547 17.9367 18.9865 
v 80.9547 17.9367 18.9865 
v 51.9547 16.4367 18.9865 
v 80.9547 16.4367 18.9865 
v 80.9547 17.9367 48.4865 
v 80.9547 17.9367 18.9865 
v 51.9547 17.9367 48.4865 
v 51.9547 17.9367 18.9865 
v 80.9547 17.9367 18.9865 
v 80.9547 17.9367 48.4865 
v 80.9547 16.4367 18.9865 
v 80.9547 16.4367 48.4865 
v 80.9547 17.9367 48.4865 
v 51.9547 17.9367 48.4865 
v 80.9547 16.4367 48.4865 
v 51.9547 16.4367 48.4865 
v 51.9547 16.4367 48.4865 
v 51.9547 16.4367 18.9865 
v 80.9547 16.4367 48.4865 
v 80.9547 16.4367 18.9865 
v 51.9547 17.9367 48.4865 
v 51.9547 17.9367 18.9865 
v 51.9547 16.4367 48.4865 
v 51.9547 16.4367 18.9865 

vn 0 0 -1 
vn 0 0 -1 
vn 0 0 -1 
vn 0 0 -1 
vn 0 1 0 
vn 0 1 0 
vn 0 1 0 
vn 0 1 0 
vn 1 0 0 
vn 1 0 0 
vn 1 0 0 
vn 1 0 0 
vn 0 0 1 
vn 0 0 1 
vn 0 0 1 
vn 0 0 1 
vn 0 -1 0 
vn 0 -1 0 
vn 0 -1 0 
vn 0 -1 0 
vn -1 0 0 
vn -1 0 0 
vn -1 0 0 
vn -1 0 0 

vt 2.30795 1.92867 
vt -1.31705 1.92867 
vt 2.30795 1.74117 
vt -1.31705 1.74117 
vt 2.37045 1.92867 
vt -1.31705 1.92867 
vt 2.37045 -1.69633 
vt -1.31705 -1.69633 
vt 2.37045 1.92867 
vt -1.31705 1.92867 
vt 2.37045 1.74117 
vt -1.31705 1.74117 
vt 2.30795 1.92867 
vt -1.31705 1.92867 
vt 2.30795 1.74117 
vt -1.31705 1.74117 
vt 2.37045 1.92867 
vt -1.31705 1.92867 
vt 2.37045 -1.69633 
vt -1.31705 -1.69633 
vt 2.37045 1.92867 
vt -1.31705 1.92867 
vt 2.37045 1.74117 
vt -1.31705 1.74117 

usemtl Ceiling1Mtl

f 445/445/445 446/446/446 447/447/447 
f 447/447/447 446/446/446 448/448/448 
f 449/449/449 450/450/450 451/451/451 
f 451/451/451 450/450/450 452/452/452 
f 453/453/453 454/454/454 455/455/455 
f 455/455/455 454/454/454 456/456/456 
f 457/457/457 458/458/458 459/459/459 
f 459/459/459 458/458/458 460/460/460 
f 461/461/461 462/462/462 463/463/463 
f 463/463/463 462/462/462 464/464/464 
f 465/465/465 466/466/466 467/467/467 
f 467/467/467 466/466/466 468/468/468 

g Part6

v 67.4547 15.6804 30.4865 
v 64.9547 15.6804 30.4865 
v 67.4547 16.7525 30.4865 
v 64.9547 16.7525 30.4865 
v 64.9547 15.6804 36.4865 
v 64.9547 15.6804 30.4865 
v 67.4547 15.6804 36.4865 
v 67.4547 15.6804 30.4865 
v 64.9547 15.6804 30.4865 
v 64.9547 15.6804 36.4865 
v 64.9547 16.7525 30.4865 
v 64.9547 16.7525 36.4865 
v 64.9547 15.6804 36.4865 
v 67.4547 15.6804 36.4865 
v 64.9547 16.7525 36.4865 
v 67.4547 16.7525 36.4865 
v 67.4547 16.7525 36.4865 
v 67.4547 16.7525 30.4865 
v 64.9547 16.7525 36.4865 
v 64.9547 16.7525 30.4865 
v 67.4547 15.6804 36.4865 
v 67.4547 15.6804 30.4865 
v 67.4547 16.7525 36.4865 
v 67.4547 16.7525 30.4865 

vn 0 0 -1 
vn 0 0 -1 
vn 0 0 -1 
vn 0 0 -1 
vn 0 -1 0 
vn 0 -1 0 
vn 0 -1 0 
vn 0 -1 0 
vn -1 0 0 
vn -1 0 0 
vn -1 0 0 
vn -1 0 0 
vn 0 0 1 
vn 0 0 1 
vn 0 0 1 
vn 0 0 1 
vn 0 1 0 
vn 0 1 0 
vn 0 1 0 
vn 0 1 0 
vn 1 0 0 
vn 1 0 0 
vn 1 0 0 
vn 1 0 0 

vt 0.467239 0.753732 
vt 0.154739 0.753732 
vt 0.467239 0.619716 
vt 0.154739 0.619716 
vt 0.904739 0.753732 
vt 0.154739 0.753732 
vt 0.904739 0.441232 
vt 0.154739 0.441232 
vt 0.904739 0.753732 
vt 0.154739 0.753732 
vt 0.904739 0.619716 
vt 0.154739 0.619716 
vt 0.467239 0.753732 
vt 0.154739 0.753732 
vt 0.467239 0.619716 
vt 0.154739 0.619716 
vt 0.904739 0.753732 
vt 0.154739 0.753732 
vt 0.904739 0.441232 
vt 0.154739 0.441232 
vt 0.904739 0.753732 
vt 0.154739 0.753732 
vt 0.904739 0.619716 
vt 0.154739 0.619716 

usemtl Part1Mtl

f 469/469/469 470/470/470 471/471/471 
f 471/471/471 470/470/470 472/472/472 
f 473/473/473 474/474/474 475/475/475 
f 475/475/475 474/474/474 476/476/476 
f 477/477/477 478/478/478 479/479/479 
f 479/479/479 478/478/478 480/480/480 
f 481/481/481 482/482/482 483/483/483 
f 483/483/483 482/482/482 484/484/484 
f 485/485/485 486/486/486 487/487/487 
f 487/487/487 486/486/486 488/488/488 
f 489/489/489 490/490/490 491/491/491 
f 491/491/491 490/490/490 492/492/492 

g Part7

v 67.9547 15.7525 29.9865 
v 64.4547 15.7525 29.9865 
v 67.9547 17.2525 29.9865 
v 64.4547 17.2525 29.9865 
v 64.4547 15.7525 36.9865 
v 64.4547 15.7525 29.9865 
v 67.9547 15.7525 36.9865 
v 67.9547 15.7525 29.9865 
v 64.4547 15.7525 29.9865 
v 64.4547 15.7525 36.9865 
v 64.4547 17.2525 29.9865 
v 64.4547 17.2525 36.9865 
v 64.4547 15.7525 36.9865 
v 67.9547 15.7525 36.9865 
v 64.4547 17.2525 36.9865 
v 67.9547 17.2525 36.9865 
v 67.9547 17.2525 36.9865 
v 67.9547 17.2525 29.9865 
v 64.4547 17.2525 36.9865 
v 64.4547 17.2525 29.9865 
v 67.9547 15.7525 36.9865 
v 67.9547 15.7525 29.9865 
v 67.9547 17.2525 36.9865 
v 67.9547 17.2525 29.9865 

vn 0 0 -1 
vn 0 0 -1 
vn 0 0 -1 
vn 0 0 -1 
vn 0 -1 0 
vn 0 -1 0 
vn 0 -1 0 
vn 0 -1 0 
vn -1 0 0 
vn -1 0 0 
vn -1 0 0 
vn -1 0 0 
vn 0 0 1 
vn 0 0 1 
vn 0 0 1 
vn 0 0 1 
vn 0 1 0 
vn 0 1 0 
vn 0 1 0 
vn 0 1 0 
vn 1 0 0 
vn 1 0 0 
vn 1 0 0 
vn 1 0 0 

vt 0.9375 -2 
vt 0.5 -2 
vt 0.9375 -2.1875 
vt 0.5 -2.1875 
vt 1.375 -2 
vt 0.5 -2 
vt 1.375 -2.4375 
vt 0.5 -2.4375 
vt 1.375 -2 
vt 0.5 -2 
vt 1.375 -2.1875 
vt 0.5 -2.1875 
vt 0.9375 -2 
vt 0.5 -2 
vt 0.9375 -2.1875 
vt 0.5 -2.1875 
vt 1.375 -2 
vt 0.5 -2 
vt 1.375 -2.4375 
vt 0.5 -2.4375 
vt 1.375 -2 
vt 0.5 -2 
vt 1.375 -2.1875 
vt 0.5 -2.1875 

usemtl Part3Mtl

f 493/493/493 494/494/494 495/495/495 
f 495/495/495 494/494/494 496/496/496 
f 497/497/497 498/498/498 499/499/499 
f 499/499/499 498/498/498 500/500/500 
f 501/501/501 502/502/502 503/503/503 
f 503/503/503 502/502/502 504/504/504 
f 505/505/505 506/506/506 507/507/507 
f 507/507/507 506/506/506 508/508/508 
f 509/509/509 510/510/510 511/511/511 
f 511/511/511 510/510/510 512/512/512 
f 513/513/513 514/514/514 515/515/515 
f 515/515/515 514/514/514 516/516/516 

g Union4

v 54.955 5.97461 48.4865 
v 54.955 5.97461 15.9865 
v 54.955 11.9371 48.4865 
v 54.955 11.9371 15.9865 
v 54.955 5.93713 48.4865 
v 54.9706 5.93713 48.4865 
v 54.955 5.93713 15.9865 
v 54.9706 5.93713 15.9865 
v 54.955 5.93713 15.9865 
v 54.955 5.95332 15.9865 
v 54.955 5.93713 48.4865 
v 54.955 5.95332 48.4865 
v 54.9443 5.96432 15.9865 
v 54.9443 5.96432 48.4865 
v 54.955 5.95332 15.9865 
v 54.955 5.95332 48.4865 
v 54.9443 5.96432 48.4865 
v 54.955 5.93713 48.4865 
v 54.955 5.95332 48.4865 
v 54.9706 5.93713 48.4865 
v 56.9549 3.88516 48.4865 
v 54.9706 5.93713 15.9865 
v 56.9549 3.88516 15.9865 
v 56.9549 1.93683 48.4865 
v 56.9549 3.88516 48.4865 
v 54.9706 5.93713 48.4865 
v 56.9549 1.93683 15.9865 
v 56.9549 3.88516 15.9865 
v 56.9549 1.93683 48.4865 
v 56.9549 3.88516 48.4865 
v 54.9706 5.93713 15.9865 
v 56.9549 3.88516 15.9865 
v 54.955 5.93713 15.9865 
v 56.9549 1.93683 15.9865 
v 51.955 1.93683 15.9865 
v 54.9443 5.96432 15.9865 
v 54.955 5.95332 15.9865 
v 51.955 15.4368 15.9865 
v 51.955 1.93683 15.9865 
v 56.9549 1.93683 15.9865 
v 51.955 1.93683 48.4865 
v 56.9549 1.93683 48.4865 
v 51.955 1.93683 48.4865 
v 51.955 15.4368 48.4865 
v 51.955 1.93683 15.9865 
v 51.955 15.4368 15.9865 
v 51.955 15.4368 48.4865 
v 51.955 1.93683 48.4865 
v 51.955 15.4368 48.4865 
v 54.951 15.4368 48.4865 
v 51.955 15.4368 15.9865 
v 56.9549 15.4368 48.4865 
v 56.9549 15.4368 15.9865 
v 54.9443 5.96432 48.4865 
v 54.9443 5.96432 15.9865 
v 54.955 5.97461 48.4865 
v 54.955 5.97461 15.9865 
v 54.955 5.97461 48.4865 
v 54.951 15.4368 48.4865 
v 54.953 11.943 48.4865 
v 54.953 11.943 15.9865 
v 56.9549 13.4322 48.4865 
v 56.9549 13.4322 15.9865 
v 54.953 11.943 15.9865 
v 54.953 11.943 48.4865 
v 54.9574 11.9371 15.9865 
v 54.9574 11.9371 48.4865 
v 54.953 11.943 48.4865 
v 54.955 11.9371 48.4865 
v 54.955 5.97461 15.9865 
v 54.955 11.9371 15.9865 
v 54.953 11.943 15.9865 
v 54.9574 11.9371 15.9865 
v 54.955 11.9371 15.9865 
v 54.9574 11.9371 15.9865 
v 54.955 11.9371 48.4865 
v 54.9574 11.9371 48.4865 
v 54.9574 11.9371 48.4865 
v 56.9549 13.4322 15.9865 
v 56.9549 15.4368 15.9865 
v 56.9549 13.4322 48.4865 
v 56.9549 15.4368 48.4865 
v 56.9549 15.4368 15.9865 
v 56.9549 13.4322 15.9865 
v 56.9549 13.4322 48.4865 
v 56.9549 15.4368 48.4865 

vn 1 0 0 
vn 1 0 0 
vn 1 0 0 
vn 1 0 0 
vn 0 1 0 
vn 0 1 0 
vn 0 1 0 
vn 0 1 0 
vn 1 0 0 
vn 1 0 0 
vn 1 0 0 
vn 1 0 0 
vn 0.716535 0.692913 0 
vn 0.716535 0.692913 0 
vn 0.716535 0.692913 0 
vn 0.716535 0.692913 0 
vn 0 0 1 
vn 0 0 1 
vn 0 0 1 
vn 0.716535 0.692913 0 
vn 0.716535 0.692913 0 
vn 0.716535 0.692913 0 
vn 0.716535 0.692913 0 
vn 0 0 1 
vn 0 0 1 
vn 0 0 1 
vn 1 0 0 
vn 1 0 0 
vn 1 0 0 
vn 1 0 0 
vn 0 0 -1 
vn 0 0 -1 
vn 0 0 -1 
vn 0 0 -1 
vn 0 0 -1 
vn 0 0 -1 
vn 0 0 -1 
vn 0 0 -1 
vn 0 -1 0 
vn 0 -1 0 
vn 0 -1 0 
vn 0 -1 0 
vn -1 0 0 
vn -1 0 0 
vn -1 0 0 
vn -1 0 0 
vn 0 0 1 
vn 0 0 1 
vn 0 1 0 
vn 0 1 0 
vn 0 1 0 
vn 0 1 0 
vn 0 1 0 
vn 0.692913 -0.716535 0 
vn 0.692913 -0.716535 0 
vn 0.692913 -0.716535 0 
vn 0.692913 -0.716535 0 
vn 0 0 1 
vn 0 0 1 
vn 0.598425 -0.80315 0 
vn 0.598425 -0.80315 0 
vn 0.598425 -0.80315 0 
vn 0.598425 -0.80315 0 
vn 0.80315 0.598425 0 
vn 0.80315 0.598425 0 
vn 0.80315 0.598425 0 
vn 0.80315 0.598425 0 
vn 0 0 1 
vn 0 0 1 
vn 0 0 -1 
vn 0 0 -1 
vn 0 0 -1 
vn 0 0 -1 
vn 0 -1 0 
vn 0 -1 0 
vn 0 -1 0 
vn 0 -1 0 
vn 0 0 1 
vn 1 0 0 
vn 1 0 0 
vn 1 0 0 
vn 1 0 0 
vn 0 0 -1 
vn 0 0 -1 
vn 0 0 1 
vn 0 0 1 

vt 47.9688 -47.3093 
vt 52.0312 -47.3093 
vt 47.9688 -46.7113 
vt 52.0312 -46.7113 
vt 52.0312 -47.155 
vt 52.0312 -47.1534 
vt 47.9688 -47.155 
vt 47.9688 -47.1534 
vt 52.0312 -47.3131 
vt 52.0312 -47.3115 
vt 47.9688 -47.3131 
vt 47.9688 -47.3115 
vt 52.0312 -47.3096 
vt 47.9688 -47.3096 
vt 52.0312 -47.3115 
vt 47.9688 -47.3115 
vt 49.846 -47.3096 
vt 49.845 -47.3131 
vt 49.8462 -47.3115 
vt 47.9688 -47.3142 
vt 47.9688 -47.6681 
vt 52.0312 -47.3142 
vt 52.0312 -47.6681 
vt 49.7471 -47.8635 
vt 49.8925 -47.6681 
vt 49.8466 -47.3142 
vt 52.0312 -47.8635 
vt 52.0312 -47.6681 
vt 47.9688 -47.8635 
vt 47.9688 -47.6681 
vt 50.1534 -47.3142 
vt 50.1075 -47.6681 
vt 50.155 -47.3131 
vt 50.2529 -47.8635 
vt 50.7543 -47.4905 
vt 50.154 -47.3096 
vt 50.1538 -47.3115 
vt 49.7471 -46.1365 
vt 52.0312 -47.7543 
vt 52.0312 -47.2529 
vt 47.9688 -47.7543 
vt 47.9688 -47.2529 
vt 52.0312 -47.4905 
vt 52.0312 -46.1365 
vt 47.9688 -47.4905 
vt 47.9688 -46.1365 
vt 50.2529 -46.1365 
vt 49.2457 -47.4905 
vt 52.0312 -46.7471 
vt 52.0312 -46.4466 
vt 47.9688 -46.7471 
vt 52.0312 -46.2457 
vt 47.9688 -46.2457 
vt 47.9688 -47.154 
vt 52.0312 -47.154 
vt 47.9688 -47.1522 
vt 52.0312 -47.1522 
vt 49.8478 -47.3093 
vt 50.5534 -46.36 
vt 47.9688 -46.7071 
vt 52.0312 -46.7071 
vt 47.9688 -46.3952 
vt 52.0312 -46.3952 
vt 52.0312 -46.7106 
vt 47.9688 -46.7106 
vt 52.0312 -46.7115 
vt 47.9688 -46.7115 
vt 50.2929 -46.7106 
vt 50.2926 -46.7113 
vt 50.1522 -47.3093 
vt 49.7074 -46.7113 
vt 49.7071 -46.7106 
vt 49.7071 -46.7115 
vt 52.0312 -46.7074 
vt 52.0312 -46.7071 
vt 47.9688 -46.7074 
vt 47.9688 -46.7071 
vt 50.2929 -46.7115 
vt 52.0312 -46.7106 
vt 52.0312 -46.5095 
vt 47.9688 -46.7106 
vt 47.9688 -46.5095 
vt 49.2457 -46.5095 
vt 49.3952 -46.7106 
vt 50.6048 -46.7106 
vt 50.7543 -46.5095 

usemtl Union3Mtl

f 517/517/517 518/518/518 519/519/519 
f 518/518/518 520/520/520 519/519/519 
f 521/521/521 522/522/522 523/523/523 
f 522/522/522 524/524/524 523/523/523 
f 525/525/525 526/526/526 527/527/527 
f 526/526/526 528/528/528 527/527/527 
f 529/529/529 530/530/530 531/531/531 
f 530/530/530 532/532/532 531/531/531 
f 533/533/533 534/534/534 535/535/535 
f 536/536/536 537/537/537 538/538/538 
f 539/539/539 538/538/538 537/537/537 
f 540/540/540 541/541/541 534/534/534 
f 542/542/542 534/534/534 541/541/541 
f 543/543/543 544/544/544 545/545/545 
f 544/544/544 546/546/546 545/545/545 
f 547/547/547 548/548/548 549/549/549 
f 548/548/548 550/550/550 549/549/549 
f 550/550/550 551/551/551 549/549/549 
f 551/551/551 552/552/552 549/549/549 
f 552/552/552 553/553/553 549/549/549 
f 552/552/552 551/551/551 554/554/554 
f 555/555/555 556/556/556 557/557/557 
f 558/558/558 557/557/557 556/556/556 
f 559/559/559 560/560/560 561/561/561 
f 560/560/560 562/562/562 561/561/561 
f 533/533/533 563/563/563 564/564/564 
f 565/565/565 566/566/566 567/567/567 
f 566/566/566 568/568/568 567/567/567 
f 569/569/569 567/567/567 568/568/568 
f 570/570/570 571/571/571 572/572/572 
f 571/571/571 573/573/573 572/572/572 
f 533/533/533 564/564/564 534/534/534 
f 564/564/564 540/540/540 534/534/534 
f 574/574/574 575/575/575 533/533/533 
f 575/575/575 563/563/563 533/533/533 
f 576/576/576 577/577/577 578/578/578 
f 577/577/577 579/579/579 578/578/578 
f 580/580/580 581/581/581 582/582/582 
f 581/581/581 583/583/583 582/582/582 
f 584/584/584 574/574/574 585/585/585 
f 586/586/586 552/552/552 587/587/587 
f 552/552/552 588/588/588 587/587/587 
f 588/588/588 589/589/589 587/587/587 
f 590/590/590 591/591/591 592/592/592 
f 591/591/591 593/593/593 592/592/592 
f 584/584/584 585/585/585 594/594/594 
f 595/595/595 596/596/596 597/597/597 
f 596/596/596 598/598/598 597/597/597 
f 552/552/552 554/554/554 588/588/588 
f 554/554/554 599/599/599 588/588/588 
f 599/599/599 600/600/600 588/588/588 
f 601/601/601 602/602/602 584/584/584 
f 602/602/602 575/575/575 584/584/584 
f 575/575/575 574/574/574 584/584/584 

g Part8

v 56.9677 12.0142 30.9865 
v 55.907 10.9535 30.9865 
v 56.2096 12.7723 30.9865 
v 55.1489 11.7116 30.9865 
v 55.907 10.9535 35.9865 
v 55.907 10.9535 30.9865 
v 56.9677 12.0142 35.9865 
v 56.9677 12.0142 30.9865 
v 55.907 10.9535 30.9865 
v 55.907 10.9535 35.9865 
v 55.1489 11.7116 30.9865 
v 55.1489 11.7116 35.9865 
v 55.907 10.9535 35.9865 
v 56.9677 12.0142 35.9865 
v 55.1489 11.7116 35.9865 
v 56.2096 12.7723 35.9865 
v 56.2096 12.7723 35.9865 
v 56.2096 12.7723 30.9865 
v 55.1489 11.7116 35.9865 
v 55.1489 11.7116 30.9865 
v 56.9677 12.0142 35.9865 
v 56.9677 12.0142 30.9865 
v 56.2096 12.7723 35.9865 
v 56.2096 12.7723 30.9865 

vn 0 0 -1 
vn 0 0 -1 
vn 0 0 -1 
vn 0 0 -1 
vn 0.708661 -0.708661 0 
vn 0.708661 -0.708661 0 
vn 0.708661 -0.708661 0 
vn 0.708661 -0.708661 0 
vn -0.708661 -0.708661 0 
vn -0.708661 -0.708661 0 
vn -0.708661 -0.708661 0 
vn -0.708661 -0.708661 0 
vn 0 0 1 
vn 0 0 1 
vn 0 0 1 
vn 0 0 1 
vn -0.708661 0.708661 0 
vn -0.708661 0.708661 0 
vn -0.708661 0.708661 0 
vn -0.708661 0.708661 0 
vn 0.708661 0.708661 0 
vn 0.708661 0.708661 0 
vn 0.708661 0.708661 0 
vn 0.708661 0.708661 0 

vt 0.119334 1.25989 
vt -0.0681662 1.25989 
vt 0.119334 1.12587 
vt -0.0681662 1.12587 
vt 0.556834 1.25989 
vt -0.0681662 1.25989 
vt 0.556834 1.07239 
vt -0.0681662 1.07239 
vt 0.556834 1.25989 
vt -0.0681662 1.25989 
vt 0.556834 1.12587 
vt -0.0681662 1.12587 
vt 0.119334 1.25989 
vt -0.0681662 1.25989 
vt 0.119334 1.12587 
vt -0.0681662 1.12587 
vt 0.556834 1.25989 
vt -0.0681662 1.25989 
vt 0.556834 1.07239 
vt -0.0681662 1.07239 
vt 0.556834 1.25989 
vt -0.0681662 1.25989 
vt 0.556834 1.12587 
vt -0.0681662 1.12587 

usemtl Part1Mtl

f 603/603/603 604/604/604 605/605/605 
f 605/605/605 604/604/604 606/606/606 
f 607/607/607 608/608/608 609/609/609 
f 609/609/609 608/608/608 610/610/610 
f 611/611/611 612/612/612 613/613/613 
f 613/613/613 612/612/612 614/614/614 
f 615/615/615 616/616/616 617/617/617 
f 617/617/617 616/616/616 618/618/618 
f 619/619/619 620/620/620 621/621/621 
f 621/621/621 620/620/620 622/622/622 
f 623/623/623 624/624/624 625/625/625 
f 625/625/625 624/624/624 626/626/626 

g Part9

v 57.2702 12.4188 30.4865 
v 55.5025 10.651 30.4865 
v 56.5631 13.1259 30.4865 
v 54.7954 11.3581 30.4865 
v 55.5025 10.651 36.4865 
v 55.5025 10.651 30.4865 
v 57.2702 12.4188 36.4865 
v 57.2702 12.4188 30.4865 
v 55.5025 10.651 30.4865 
v 55.5025 10.651 36.4865 
v 54.7954 11.3581 30.4865 
v 54.7954 11.3581 36.4865 
v 55.5025 10.651 36.4865 
v 57.2702 12.4188 36.4865 
v 54.7954 11.3581 36.4865 
v 56.5631 13.1259 36.4865 
v 56.5631 13.1259 36.4865 
v 56.5631 13.1259 30.4865 
v 54.7954 11.3581 36.4865 
v 54.7954 11.3581 30.4865 
v 57.2702 12.4188 36.4865 
v 57.2702 12.4188 30.4865 
v 56.5631 13.1259 36.4865 
v 56.5631 13.1259 30.4865 

vn 0 0 -1 
vn 0 0 -1 
vn 0 0 -1 
vn 0 0 -1 
vn 0.708661 -0.708661 0 
vn 0.708661 -0.708661 0 
vn 0.708661 -0.708661 0 
vn 0.708661 -0.708661 0 
vn -0.708661 -0.708661 0 
vn -0.708661 -0.708661 0 
vn -0.708661 -0.708661 0 
vn -0.708661 -0.708661 0 
vn 0 0 1 
vn 0 0 1 
vn 0 0 1 
vn 0 0 1 
vn -0.708661 0.708661 0 
vn -0.708661 0.708661 0 
vn -0.708661 0.708661 0 
vn -0.708661 0.708661 0 
vn 0.708661 0.708661 0 
vn 0.708661 0.708661 0 
vn 0.708661 0.708661 0 
vn 0.708661 0.708661 0 

vt 2.0625 -3.25 
vt 1.75 -3.25 
vt 2.0625 -3.375 
vt 1.75 -3.375 
vt 2.5 -3.25 
vt 1.75 -3.25 
vt 2.5 -3.5625 
vt 1.75 -3.5625 
vt 2.5 -3.25 
vt 1.75 -3.25 
vt 2.5 -3.375 
vt 1.75 -3.375 
vt 2.0625 -3.25 
vt 1.75 -3.25 
vt 2.0625 -3.375 
vt 1.75 -3.375 
vt 2.5 -3.25 
vt 1.75 -3.25 
vt 2.5 -3.5625 
vt 1.75 -3.5625 
vt 2.5 -3.25 
vt 1.75 -3.25 
vt 2.5 -3.375 
vt 1.75 -3.375 

usemtl Union1Mtl

f 627/627/627 628/628/628 629/629/629 
f 629/629/629 628/628/628 630/630/630 
f 631/631/631 632/632/632 633/633/633 
f 633/633/633 632/632/632 634/634/634 
f 635/635/635 636/636/636 637/637/637 
f 637/637/637 636/636/636 638/638/638 
f 639/639/639 640/640/640 641/641/641 
f 641/641/641 640/640/640 642/642/642 
f 643/643/643 644/644/644 645/645/645 
f 645/645/645 644/644/644 646/646/646 
f 647/647/647 648/648/648 649/649/649 
f 649/649/649 648/648/648 650/650/650 

g Part10

v 57.2702 13.1259 29.9865 
v 54.7954 10.651 29.9865 
v 56.2096 14.1865 29.9865 
v 53.7347 11.7116 29.9865 
v 54.7954 10.651 36.9865 
v 54.7954 10.651 29.9865 
v 57.2702 13.1259 36.9865 
v 57.2702 13.1259 29.9865 
v 54.7954 10.651 29.9865 
v 54.7954 10.651 36.9865 
v 53.7347 11.7116 29.9865 
v 53.7347 11.7116 36.9865 
v 54.7954 10.651 36.9865 
v 57.2702 13.1259 36.9865 
v 53.7347 11.7116 36.9865 
v 56.2096 14.1865 36.9865 
v 56.2096 14.1865 36.9865 
v 56.2096 14.1865 29.9865 
v 53.7347 11.7116 36.9865 
v 53.7347 11.7116 29.9865 
v 57.2702 13.1259 36.9865 
v 57.2702 13.1259 29.9865 
v 56.2096 14.1865 36.9865 
v 56.2096 14.1865 29.9865 

vn 0 0 -1 
vn 0 0 -1 
vn 0 0 -1 
vn 0 0 -1 
vn 0.708661 -0.708661 0 
vn 0.708661 -0.708661 0 
vn 0.708661 -0.708661 0 
vn 0.708661 -0.708661 0 
vn -0.708661 -0.708661 0 
vn -0.708661 -0.708661 0 
vn -0.708661 -0.708661 0 
vn -0.708661 -0.708661 0 
vn 0 0 1 
vn 0 0 1 
vn 0 0 1 
vn 0 0 1 
vn -0.708661 0.708661 0 
vn -0.708661 0.708661 0 
vn -0.708661 0.708661 0 
vn -0.708661 0.708661 0 
vn 0.708661 0.708661 0 
vn 0.708661 0.708661 0 
vn 0.708661 0.708661 0 
vn 0.708661 0.708661 0 

vt 2.4375 1 
vt 2 1 
vt 2.4375 0.8125 
vt 2 0.8125 
vt 2.875 1 
vt 2 1 
vt 2.875 0.5625 
vt 2 0.5625 
vt 2.875 1 
vt 2 1 
vt 2.875 0.8125 
vt 2 0.8125 
vt 2.4375 1 
vt 2 1 
vt 2.4375 0.8125 
vt 2 0.8125 
vt 2.875 1 
vt 2 1 
vt 2.875 0.5625 
vt 2 0.5625 
vt 2.875 1 
vt 2 1 
vt 2.875 0.8125 
vt 2 0.8125 

usemtl Part3Mtl

f 651/651/651 652/652/652 653/653/653 
f 653/653/653 652/652/652 654/654/654 
f 655/655/655 656/656/656 657/657/657 
f 657/657/657 656/656/656 658/658/658 
f 659/659/659 660/660/660 661/661/661 
f 661/661/661 660/660/660 662/662/662 
f 663/663/663 664/664/664 665/665/665 
f 665/665/665 664/664/664 666/666/666 
f 667/667/667 668/668/668 669/669/669 
f 669/669/669 668/668/668 670/670/670 
f 671/671/671 672/672/672 673/673/673 
f 673/673/673 672/672/672 674/674/674 

g Part11

v 51.9547 1.93664 18.9865 
v 56.9547 1.93664 18.9865 
v 51.9547 0.936643 18.9865 
v 56.9547 0.936643 18.9865 
v 56.9547 1.93664 48.4865 
v 56.9547 1.93664 18.9865 
v 51.9547 1.93664 48.4865 
v 51.9547 1.93664 18.9865 
v 56.9547 1.93664 18.9865 
v 56.9547 1.93664 48.4865 
v 56.9547 0.936643 18.9865 
v 56.9547 0.936643 48.4865 
v 56.9547 1.93664 48.4865 
v 51.9547 1.93664 48.4865 
v 56.9547 0.936643 48.4865 
v 51.9547 0.936643 48.4865 
v 51.9547 0.936643 48.4865 
v 51.9547 0.936643 18.9865 
v 56.9547 0.936643 48.4865 
v 56.9547 0.936643 18.9865 
v 51.9547 1.93664 48.4865 
v 51.9547 1.93664 18.9865 
v 51.9547 0.936643 48.4865 
v 51.9547 0.936643 18.9865 

vn 0 0 -1 
vn 0 0 -1 
vn 0 0 -1 
vn 0 0 -1 
vn 0 1 0 
vn 0 1 0 
vn 0 1 0 
vn 0 1 0 
vn 1 0 0 
vn 1 0 0 
vn 1 0 0 
vn 1 0 0 
vn 0 0 1 
vn 0 0 1 
vn 0 0 1 
vn 0 0 1 
vn 0 -1 0 
vn 0 -1 0 
vn 0 -1 0 
vn 0 -1 0 
vn -1 0 0 
vn -1 0 0 
vn -1 0 0 
vn -1 0 0 

vt 1.375 0.25 
vt 0.75 0.25 
vt 1.375 0.125 
vt 0.75 0.125 
vt 4.4375 0.25 
vt 0.75 0.25 
vt 4.4375 -0.375 
vt 0.75 -0.375 
vt 4.4375 0.25 
vt 0.75 0.25 
vt 4.4375 0.125 
vt 0.75 0.125 
vt 1.375 0.25 
vt 0.75 0.25 
vt 1.375 0.125 
vt 0.75 0.125 
vt 4.4375 0.25 
vt 0.75 0.25 
vt 4.4375 -0.375 
vt 0.75 -0.375 
vt 4.4375 0.25 
vt 0.75 0.25 
vt 4.4375 0.125 
vt 0.75 0.125 

usemtl Part3Mtl

f 675/675/675 676/676/676 677/677/677 
f 677/677/677 676/676/676 678/678/678 
f 679/679/679 680/680/680 681/681/681 
f 681/681/681 680/680/680 682/682/682 
f 683/683/683 684/684/684 685/685/685 
f 685/685/685 684/684/684 686/686/686 
f 687/687/687 688/688/688 689/689/689 
f 689/689/689 688/688/688 690/690/690 
f 691/691/691 692/692/692 693/693/693 
f 693/693/693 692/692/692 694/694/694 
f 695/695/695 696/696/696 697/697/697 
f 697/697/697 696/696/696 698/698/698 

g Part12

v 51.9547 16.4367 18.9865 
v 56.9547 16.4367 18.9865 
v 51.9547 15.4367 18.9865 
v 56.9547 15.4367 18.9865 
v 56.9547 16.4367 48.4865 
v 56.9547 16.4367 18.9865 
v 51.9547 16.4367 48.4865 
v 51.9547 16.4367 18.9865 
v 56.9547 16.4367 18.9865 
v 56.9547 16.4367 48.4865 
v 56.9547 15.4367 18.9865 
v 56.9547 15.4367 48.4865 
v 56.9547 16.4367 48.4865 
v 51.9547 16.4367 48.4865 
v 56.9547 15.4367 48.4865 
v 51.9547 15.4367 48.4865 
v 51.9547 15.4367 48.4865 
v 51.9547 15.4367 18.9865 
v 56.9547 15.4367 48.4865 
v 56.9547 15.4367 18.9865 
v 51.9547 16.4367 48.4865 
v 51.9547 16.4367 18.9865 
v 51.9547 15.4367 48.4865 
v 51.9547 15.4367 18.9865 

vn 0 0 -1 
vn 0 0 -1 
vn 0 0 -1 
vn 0 0 -1 
vn 0 1 0 
vn 0 1 0 
vn 0 1 0 
vn 0 1 0 
vn 1 0 0 
vn 1 0 0 
vn 1 0 0 
vn 1 0 0 
vn 0 0 1 
vn 0 0 1 
vn 0 0 1 
vn 0 0 1 
vn 0 -1 0 
vn 0 -1 0 
vn 0 -1 0 
vn 0 -1 0 
vn -1 0 0 
vn -1 0 0 
vn -1 0 0 
vn -1 0 0 

vt 1.125 -4.5 
vt 0.5 -4.5 
vt 1.125 -4.625 
vt 0.5 -4.625 
vt 4.1875 -4.5 
vt 0.5 -4.5 
vt 4.1875 -5.125 
vt 0.5 -5.125 
vt 4.1875 -4.5 
vt 0.5 -4.5 
vt 4.1875 -4.625 
vt 0.5 -4.625 
vt 1.125 -4.5 
vt 0.5 -4.5 
vt 1.125 -4.625 
vt 0.5 -4.625 
vt 4.1875 -4.5 
vt 0.5 -4.5 
vt 4.1875 -5.125 
vt 0.5 -5.125 
vt 4.1875 -4.5 
vt 0.5 -4.5 
vt 4.1875 -4.625 
vt 0.5 -4.625 

usemtl Part3Mtl

f 699/699/699 700/700/700 701/701/701 
f 701/701/701 700/700/700 702/702/702 
f 703/703/703 704/704/704 705/705/705 
f 705/705/705 704/704/704 706/706/706 
f 707/707/707 708/708/708 709/709/709 
f 709/709/709 708/708/708 710/710/710 
f 711/711/711 712/712/712 713/713/713 
f 713/713/713 712/712/712 714/714/714 
f 715/715/715 716/716/716 717/717/717 
f 717/717/717 716/716/716 718/718/718 
f 719/719/719 720/720/720 721/721/721 
f 721/721/721 720/720/720 722/722/722 

g Union5

v 57.4545 13.4316 28.4863 
v 51.9545 16.4368 28.4863 
v 55.4525 11.9424 28.4863 
v 55.4525 11.9424 28.4863 
v 55.4525 11.9424 23.9863 
v 57.4545 13.4316 28.4863 
v 57.4545 13.4316 23.9863 
v 57.4545 13.4316 28.4863 
v 57.4545 13.4316 23.9863 
v 57.4545 16.4368 28.4863 
v 57.4545 16.4368 23.9863 
v 57.4545 13.4316 23.9863 
v 55.4525 11.9424 23.9863 
v 57.4545 16.4368 23.9863 
v 51.9545 16.4368 23.9863 
v 51.9545 16.4368 28.4863 
v 57.4545 16.4368 28.4863 
v 51.9545 16.4368 23.9863 
v 57.4545 16.4368 23.9863 
v 57.4545 16.4368 28.4863 
v 51.9545 0.436848 23.9863 
v 57.4545 0.436848 23.9863 
v 51.9545 0.436848 28.4863 
v 57.4545 0.436848 28.4863 
v 51.9545 0.436848 28.4863 
v 51.9545 9.44347 28.4863 
v 51.9545 0.436848 23.9863 
v 51.9545 16.4368 28.4863 
v 51.9545 16.4368 23.9863 
v 51.9545 0.436848 23.9863 
v 57.4545 0.436848 28.4863 
v 57.4545 0.436848 23.9863 
v 57.4545 3.88454 28.4863 
v 57.4545 3.88454 23.9863 
v 57.4545 0.436848 28.4863 
v 57.4545 3.88454 28.4863 
v 51.9545 0.436848 28.4863 
v 51.9545 9.44347 28.4863 
v 57.4545 13.4316 43.4863 
v 51.9545 16.4365 43.4863 
v 55.4525 11.9424 43.4863 
v 55.4525 11.9424 43.4863 
v 55.4525 11.9424 38.9863 
v 57.4545 13.4316 43.4863 
v 57.4545 13.4316 38.9863 
v 57.4545 13.4316 38.9863 
v 57.4545 16.4365 38.9863 
v 57.4545 13.4316 43.4863 
v 57.4545 16.4365 43.4863 
v 57.4545 13.4316 38.9863 
v 55.4525 11.9424 38.9863 
v 57.4545 16.4365 38.9863 
v 51.9545 16.4365 38.9863 
v 51.9545 16.4365 43.4863 
v 57.4545 16.4365 43.4863 
v 51.9545 16.4365 38.9863 
v 57.4545 16.4365 38.9863 
v 57.4545 16.4365 43.4863 
v 51.9545 0.436543 38.9863 
v 57.4545 0.436543 38.9863 
v 51.9545 0.436543 43.4863 
v 57.4545 0.436543 43.4863 
v 51.9545 0.436543 43.4863 
v 51.9545 9.44347 43.4863 
v 51.9545 0.436543 38.9863 
v 51.9545 16.4365 43.4863 
v 51.9545 16.4365 38.9863 
v 51.9545 0.436543 38.9863 
v 57.4545 3.88454 38.9863 
v 57.4545 3.88454 43.4863 
v 57.4545 0.436543 38.9863 
v 57.4545 0.436543 43.4863 
v 57.4545 0.436543 43.4863 
v 57.4545 3.88454 43.4863 
v 51.9545 0.436543 43.4863 
v 51.9545 9.44347 43.4863 
v 55.4545 11.9365 43.4863 
v 55.4545 11.9365 38.9863 
v 55.4569 11.9365 43.4863 
v 55.4569 11.9365 38.9863 
v 55.4545 11.9365 38.9863 
v 55.4545 11.9365 43.4863 
v 55.4545 5.974 38.9863 
v 55.4545 5.974 43.4863 
v 55.4545 11.9365 23.9863 
v 55.4545 11.9365 28.4863 
v 55.4545 5.974 23.9863 
v 55.4545 5.974 28.4863 
v 55.4545 11.9365 28.4863 
v 55.4545 11.9365 23.9863 
v 55.4569 11.9365 28.4863 
v 55.4569 11.9365 23.9863 
v 55.4545 5.93653 28.4863 
v 55.4545 5.93653 23.9863 
v 55.4545 5.95271 28.4863 
v 55.4545 5.95271 23.9863 
v 55.4545 5.93653 23.9863 
v 55.4545 5.93653 28.4863 
v 55.4701 5.93652 23.9863 
v 55.4701 5.93652 28.4863 
v 55.4545 5.93653 43.4863 
v 55.4545 5.93653 38.9863 
v 55.4545 5.95271 43.4863 
v 55.4545 5.95271 38.9863 
v 55.4545 5.93653 38.9863 
v 55.4545 5.93653 43.4863 
v 55.4701 5.93652 38.9863 
v 55.4701 5.93652 43.4863 
v 55.4545 5.974 43.4863 
v 55.4438 5.96371 43.4863 
v 55.4545 5.974 38.9863 
v 55.4438 5.96371 38.9863 
v 55.4438 5.96371 38.9863 
v 55.4438 5.96371 43.4863 
v 55.4545 5.95271 38.9863 
v 55.4545 5.95271 43.4863 
v 55.4438 5.96371 23.9863 
v 55.4438 5.96371 28.4863 
v 55.4545 5.95271 23.9863 
v 55.4545 5.95271 28.4863 
v 55.4545 5.974 28.4863 
v 55.4438 5.96371 28.4863 
v 55.4545 5.974 23.9863 
v 55.4438 5.96371 23.9863 
v 55.4545 5.95271 23.9863 
v 55.4545 5.93653 23.9863 
v 55.4438 5.96371 23.9863 
v 55.4545 5.93653 28.4863 
v 55.4438 5.96371 28.4863 
v 55.4545 5.95271 28.4863 
v 55.4438 5.96371 38.9863 
v 55.4545 5.93653 38.9863 
v 55.4545 5.95271 38.9863 
v 55.4545 5.93653 43.4863 
v 55.4438 5.96371 43.4863 
v 55.4545 5.95271 43.4863 
v 55.4545 11.9365 43.4863 
v 55.4569 11.9365 43.4863 
v 55.4569 11.9365 43.4863 
v 55.4569 11.9365 38.9863 
v 55.4525 11.9424 43.4863 
v 55.4525 11.9424 38.9863 
v 55.4525 11.9424 28.4863 
v 55.4569 11.9365 28.4863 
v 55.4525 11.9424 23.9863 
v 55.4569 11.9365 23.9863 
v 55.4701 5.93652 38.9863 
v 55.4701 5.93652 43.4863 
v 57.4545 3.88454 38.9863 
v 55.4739 5.93257 43.4863 
v 57.4545 3.88454 43.4863 
v 55.4701 5.93652 23.9863 
v 55.4701 5.93652 28.4863 
v 57.4545 3.88454 23.9863 
v 55.4739 5.93257 28.4863 
v 57.4545 3.88454 28.4863 
v 55.4701 5.93652 23.9863 
v 57.4545 3.88454 23.9863 
v 55.4701 5.93652 28.4863 
v 55.4739 5.93257 28.4863 
v 55.4701 5.93652 38.9863 
v 57.4545 3.88454 38.9863 
v 55.4701 5.93652 43.4863 
v 55.4739 5.93257 43.4863 
v 55.4545 5.974 28.4863 
v 55.4545 11.9365 28.4863 
v 55.4545 5.974 38.9863 
v 55.4545 5.974 23.9863 
v 55.4545 11.9365 38.9863 
v 55.4569 11.9365 38.9863 
v 55.4569 11.9365 28.4863 
v 55.4545 11.9365 23.9863 
v 55.4569 11.9365 23.9863 
v 55.4545 5.974 43.4863 
v 57.4545 0.436848 23.9863 
v 57.4545 0.436543 38.9863 

vn 0 0 1 
vn 0 0 1 
vn 0 0 1 
vn 0.598425 -0.80315 0 
vn 0.598425 -0.80315 0 
vn 0.598425 -0.80315 0 
vn 0.598425 -0.80315 0 
vn 1 0 0 
vn 1 0 0 
vn 1 0 0 
vn 1 0 0 
vn 0 0 -1 
vn 0 0 -1 
vn 0 0 -1 
vn 0 0 -1 
vn 0 1 0 
vn 0 1 0 
vn 0 1 0 
vn 0 1 0 
vn 0 0 1 
vn 0 -1 0 
vn 0 -1 0 
vn 0 -1 0 
vn 0 -1 0 
vn -1 0 0 
vn -1 0 0 
vn -1 0 0 
vn -1 0 0 
vn -1 0 0 
vn 0 0 -1 
vn 1 0 0 
vn 1 0 0 
vn 1 0 0 
vn 1 0 0 
vn 0 0 1 
vn 0 0 1 
vn 0 0 1 
vn 0 0 1 
vn 0 0 1 
vn 0 0 1 
vn 0 0 1 
vn 0.598425 -0.80315 0 
vn 0.598425 -0.80315 0 
vn 0.598425 -0.80315 0 
vn 0.598425 -0.80315 0 
vn 1 0 0 
vn 1 0 0 
vn 1 0 0 
vn 1 0 0 
vn 0 0 -1 
vn 0 0 -1 
vn 0 0 -1 
vn 0 0 -1 
vn 0 1 0 
vn 0 1 0 
vn 0 1 0 
vn 0 1 0 
vn 0 0 1 
vn 0 -1 0 
vn 0 -1 0 
vn 0 -1 0 
vn 0 -1 0 
vn -1 0 0 
vn -1 0 0 
vn -1 0 0 
vn -1 0 0 
vn -1 0 0 
vn 0 0 -1 
vn 1 0 0 
vn 1 0 0 
vn 1 0 0 
vn 1 0 0 
vn 0 0 1 
vn 0 0 1 
vn 0 0 1 
vn 0 0 1 
vn 0 -1 0 
vn 0 -1 0 
vn 0 -1 0 
vn 0 -1 0 
vn 1 0 0 
vn 1 0 0 
vn 1 0 0 
vn 1 0 0 
vn 1 0 0 
vn 1 0 0 
vn 1 0 0 
vn 1 0 0 
vn 0 -1 0 
vn 0 -1 0 
vn 0 -1 0 
vn 0 -1 0 
vn 1 0 0 
vn 1 0 0 
vn 1 0 0 
vn 1 0 0 
vn 0 1 0 
vn 0 1 0 
vn 0 1 0 
vn 0 1 0 
vn 1 0 0 
vn 1 0 0 
vn 1 0 0 
vn 1 0 0 
vn 0 1 0 
vn 0 1 0 
vn 0 1 0 
vn 0 1 0 
vn 0.692913 -0.716535 0 
vn 0.692913 -0.716535 0 
vn 0.692913 -0.716535 0 
vn 0.692913 -0.716535 0 
vn 0.716535 0.692913 0 
vn 0.716535 0.692913 0 
vn 0.716535 0.692913 0 
vn 0.716535 0.692913 0 
vn 0.716535 0.692913 0 
vn 0.716535 0.692913 0 
vn 0.716535 0.692913 0 
vn 0.716535 0.692913 0 
vn 0.692913 -0.716535 0 
vn 0.692913 -0.716535 0 
vn 0.692913 -0.716535 0 
vn 0.692913 -0.716535 0 
vn 0 0 -1 
vn 0 0 -1 
vn 0 0 -1 
vn 0 0 1 
vn 0 0 1 
vn 0 0 1 
vn 0 0 -1 
vn 0 0 -1 
vn 0 0 -1 
vn 0 0 1 
vn 0 0 1 
vn 0 0 1 
vn 0 0 1 
vn 0 0 1 
vn 0.80315 0.598425 0 
vn 0.80315 0.598425 0 
vn 0.80315 0.598425 0 
vn 0.80315 0.598425 0 
vn 0.80315 0.598425 0 
vn 0.80315 0.598425 0 
vn 0.80315 0.598425 0 
vn 0.80315 0.598425 0 
vn 0.716535 0.692913 0 
vn 0.716535 0.692913 0 
vn 0.716535 0.692913 0 
vn 0.716535 0.692913 0 
vn 0.716535 0.692913 0 
vn 0.716535 0.692913 0 
vn 0.716535 0.692913 0 
vn 0.716535 0.692913 0 
vn 0.716535 0.692913 0 
vn 0.716535 0.692913 0 
vn 0 0 -1 
vn 0 0 -1 
vn 0 0 1 
vn 0 0 1 
vn 0 0 -1 
vn 0 0 -1 
vn 0 0 1 
vn 0 0 1 
vn 0 0 1 
vn 0 0 1 
vn 0 0 -1 
vn 0 0 -1 
vn 0 0 -1 
vn 0 0 -1 
vn 0 0 1 
vn 0 0 -1 
vn 0 0 -1 
vn 0 0 1 
vn 0 0 -1 
vn 0 0 -1 

vt 8.34375 -60.3756 
vt 7.65625 -60 
vt 8.09351 -60.5618 
vt 8.65625 -60.9065 
vt 9.21875 -60.9065 
vt 8.65625 -60.6562 
vt 9.21875 -60.6562 
vt 8.65625 -60.3756 
vt 9.21875 -60.3756 
vt 8.65625 -60 
vt 9.21875 -60 
vt 7.65625 -60.3756 
vt 7.90649 -60.5618 
vt 7.65625 -60 
vt 8.34375 -60 
vt 7.34375 -61.3438 
vt 7.34375 -60.6562 
vt 6.78125 -61.3438 
vt 6.78125 -60.6562 
vt 8.34375 -60 
vt 9.21875 -61.3438 
vt 9.21875 -60.6562 
vt 8.65625 -61.3438 
vt 8.65625 -60.6562 
vt 7.34375 -62 
vt 7.34375 -60.8742 
vt 6.78125 -62 
vt 7.34375 -60 
vt 6.78125 -60 
vt 8.34375 -62 
vt 8.65625 -62 
vt 9.21875 -62 
vt 8.65625 -61.569 
vt 9.21875 -61.569 
vt 8.34375 -62 
vt 8.34375 -61.569 
vt 7.65625 -62 
vt 7.65625 -60.8742 
vt 8.34375 -60.3756 
vt 7.65625 -60 
vt 8.09351 -60.5618 
vt 6.78125 -60.9065 
vt 7.34375 -60.9065 
vt 6.78125 -60.6562 
vt 7.34375 -60.6562 
vt 7.34375 -60.3756 
vt 7.34375 -60 
vt 6.78125 -60.3756 
vt 6.78125 -60 
vt 7.65625 -60.3756 
vt 7.90649 -60.5618 
vt 7.65625 -60 
vt 8.34375 -60 
vt 9.21875 -61.3438 
vt 9.21875 -60.6562 
vt 8.65625 -61.3438 
vt 8.65625 -60.6562 
vt 8.34375 -60 
vt 7.34375 -61.3438 
vt 7.34375 -60.6562 
vt 6.78125 -61.3438 
vt 6.78125 -60.6562 
vt 9.21875 -62 
vt 9.21875 -60.8742 
vt 8.65625 -62 
vt 9.21875 -60 
vt 8.65625 -60 
vt 8.34375 -62 
vt 7.34375 -61.569 
vt 6.78125 -61.569 
vt 7.34375 -62 
vt 6.78125 -62 
vt 8.34375 -62 
vt 8.34375 -61.569 
vt 7.65625 -62 
vt 7.65625 -60.8742 
vt 6.78125 -60.9062 
vt 7.34375 -60.9062 
vt 6.78125 -60.9059 
vt 7.34375 -60.9059 
vt 7.34375 -60.5625 
vt 6.78125 -60.5625 
vt 7.34375 -61.3078 
vt 6.78125 -61.3078 
vt 9.21875 -60.5625 
vt 8.65625 -60.5625 
vt 9.21875 -61.3078 
vt 8.65625 -61.3078 
vt 8.65625 -60.9062 
vt 9.21875 -60.9062 
vt 8.65625 -60.9059 
vt 9.21875 -60.9059 
vt 8.65625 -61.3125 
vt 9.21875 -61.3125 
vt 8.65625 -61.3105 
vt 9.21875 -61.3105 
vt 6.78125 -60.9062 
vt 7.34375 -60.9062 
vt 6.78125 -60.9043 
vt 7.34375 -60.9043 
vt 6.78125 -61.3125 
vt 7.34375 -61.3125 
vt 6.78125 -61.3105 
vt 7.34375 -61.3105 
vt 8.65625 -60.9062 
vt 9.21875 -60.9062 
vt 8.65625 -60.9043 
vt 9.21875 -60.9043 
vt 6.78125 -60.9062 
vt 6.78125 -60.9076 
vt 7.34375 -60.9062 
vt 7.34375 -60.9076 
vt 7.34375 -61.3091 
vt 6.78125 -61.3091 
vt 7.34375 -61.3105 
vt 6.78125 -61.3105 
vt 9.21875 -61.3091 
vt 8.65625 -61.3091 
vt 9.21875 -61.3105 
vt 8.65625 -61.3105 
vt 8.65625 -60.9062 
vt 8.65625 -60.9076 
vt 9.21875 -60.9062 
vt 9.21875 -60.9076 
vt 7.90625 -61.3105 
vt 7.90625 -61.3125 
vt 7.90758 -61.3091 
vt 8.09375 -61.3125 
vt 8.09242 -61.3091 
vt 8.09375 -61.3105 
vt 7.90758 -61.3091 
vt 7.90625 -61.3125 
vt 7.90625 -61.3105 
vt 8.09375 -61.3125 
vt 8.09242 -61.3091 
vt 8.09375 -61.3105 
vt 8.09375 -60.5625 
vt 8.09405 -60.5625 
vt 6.78125 -60.5625 
vt 7.34375 -60.5625 
vt 6.78125 -60.5618 
vt 7.34375 -60.5618 
vt 8.65625 -60.5618 
vt 8.65625 -60.5625 
vt 9.21875 -60.5618 
vt 9.21875 -60.5625 
vt 7.34375 -61.3125 
vt 6.78125 -61.3125 
vt 7.34375 -61.569 
vt 6.78125 -61.313 
vt 6.78125 -61.569 
vt 9.21875 -61.3125 
vt 8.65625 -61.3125 
vt 9.21875 -61.569 
vt 8.65625 -61.313 
vt 8.65625 -61.569 
vt 7.90429 -61.3125 
vt 7.65625 -61.569 
vt 8.09571 -61.3125 
vt 8.09618 -61.313 
vt 7.90429 -61.3125 
vt 7.65625 -61.569 
vt 8.09571 -61.3125 
vt 8.09618 -61.313 
vt 8.09375 -61.3078 
vt 8.09375 -60.5625 
vt 7.90625 -61.3078 
vt 7.90625 -61.3078 
vt 7.90625 -60.5625 
vt 7.90595 -60.5625 
vt 8.09405 -60.5625 
vt 7.90625 -60.5625 
vt 7.90595 -60.5625 
vt 8.09375 -61.3078 
vt 7.65625 -62 
vt 7.65625 -62 

usemtl Part3Mtl

f 723/723/723 724/724/724 725/725/725 
f 726/726/726 727/727/727 728/728/728 
f 727/727/727 729/729/729 728/728/728 
f 730/730/730 731/731/731 732/732/732 
f 731/731/731 733/733/733 732/732/732 
f 734/734/734 735/735/735 736/736/736 
f 735/735/735 737/737/737 736/736/736 
f 738/738/738 739/739/739 740/740/740 
f 739/739/739 741/741/741 740/740/740 
f 723/723/723 742/742/742 724/724/724 
f 743/743/743 744/744/744 745/745/745 
f 744/744/744 746/746/746 745/745/745 
f 747/747/747 748/748/748 749/749/749 
f 748/748/748 750/750/750 749/749/749 
f 751/751/751 749/749/749 750/750/750 
f 735/735/735 752/752/752 737/737/737 
f 753/753/753 754/754/754 755/755/755 
f 754/754/754 756/756/756 755/755/755 
f 757/757/757 758/758/758 759/759/759 
f 724/724/724 760/760/760 759/759/759 
f 761/761/761 762/762/762 763/763/763 
f 764/764/764 765/765/765 766/766/766 
f 765/765/765 767/767/767 766/766/766 
f 768/768/768 769/769/769 770/770/770 
f 771/771/771 770/770/770 769/769/769 
f 772/772/772 773/773/773 774/774/774 
f 773/773/773 775/775/775 774/774/774 
f 776/776/776 777/777/777 778/778/778 
f 777/777/777 779/779/779 778/778/778 
f 761/761/761 780/780/780 762/762/762 
f 781/781/781 782/782/782 783/783/783 
f 782/782/782 784/784/784 783/783/783 
f 785/785/785 786/786/786 787/787/787 
f 786/786/786 788/788/788 787/787/787 
f 789/789/789 787/787/787 788/788/788 
f 773/773/773 790/790/790 775/775/775 
f 791/791/791 792/792/792 793/793/793 
f 792/792/792 794/794/794 793/793/793 
f 795/795/795 796/796/796 797/797/797 
f 762/762/762 798/798/798 797/797/797 
f 799/799/799 800/800/800 801/801/801 
f 800/800/800 802/802/802 801/801/801 
f 803/803/803 804/804/804 805/805/805 
f 804/804/804 806/806/806 805/805/805 
f 807/807/807 808/808/808 809/809/809 
f 808/808/808 810/810/810 809/809/809 
f 811/811/811 812/812/812 813/813/813 
f 812/812/812 814/814/814 813/813/813 
f 815/815/815 816/816/816 817/817/817 
f 816/816/816 818/818/818 817/817/817 
f 819/819/819 820/820/820 821/821/821 
f 820/820/820 822/822/822 821/821/821 
f 823/823/823 824/824/824 825/825/825 
f 824/824/824 826/826/826 825/825/825 
f 827/827/827 828/828/828 829/829/829 
f 828/828/828 830/830/830 829/829/829 
f 831/831/831 832/832/832 833/833/833 
f 832/832/832 834/834/834 833/833/833 
f 835/835/835 836/836/836 837/837/837 
f 836/836/836 838/838/838 837/837/837 
f 839/839/839 840/840/840 841/841/841 
f 840/840/840 842/842/842 841/841/841 
f 843/843/843 844/844/844 845/845/845 
f 844/844/844 846/846/846 845/845/845 
f 847/847/847 848/848/848 849/849/849 
f 848/848/848 752/752/752 849/849/849 
f 752/752/752 735/735/735 849/849/849 
f 850/850/850 851/851/851 759/759/759 
f 852/852/852 851/851/851 850/850/850 
f 790/790/790 853/853/853 854/854/854 
f 855/855/855 854/854/854 853/853/853 
f 856/856/856 857/857/857 797/797/797 
f 858/858/858 857/857/857 856/856/856 
f 859/859/859 860/860/860 763/763/763 
f 861/861/861 862/862/862 863/863/863 
f 862/862/862 864/864/864 863/863/863 
f 865/865/865 866/866/866 867/867/867 
f 866/866/866 868/868/868 867/867/867 
f 869/869/869 870/870/870 871/871/871 
f 870/870/870 872/872/872 871/871/871 
f 872/872/872 873/873/873 871/871/871 
f 874/874/874 875/875/875 876/876/876 
f 875/875/875 877/877/877 876/876/876 
f 877/877/877 878/878/878 876/876/876 
f 879/879/879 880/880/880 848/848/848 
f 850/850/850 759/759/759 881/881/881 
f 759/759/759 882/882/882 881/881/881 
f 883/883/883 884/884/884 854/854/854 
f 856/856/856 797/797/797 885/885/885 
f 797/797/797 886/886/886 885/885/885 
f 887/887/887 888/888/888 851/851/851 
f 888/888/888 724/724/724 851/851/851 
f 724/724/724 759/759/759 851/851/851 
f 889/889/889 853/853/853 773/773/773 
f 853/853/853 790/790/790 773/773/773 
f 735/735/735 890/890/890 849/849/849 
f 889/889/889 773/773/773 891/891/891 
f 773/773/773 892/892/892 891/891/891 
f 893/893/893 725/725/725 888/888/888 
f 725/725/725 724/724/724 888/888/888 
f 890/890/890 735/735/735 894/894/894 
f 735/735/735 895/895/895 894/894/894 
f 762/762/762 797/797/797 763/763/763 
f 797/797/797 857/857/857 763/763/763 
f 857/857/857 896/896/896 763/763/763 
f 896/896/896 859/859/859 763/763/763 
f 848/848/848 880/880/880 752/752/752 
f 880/880/880 897/897/897 752/752/752 
f 759/759/759 758/758/758 882/882/882 
f 854/854/854 884/884/884 790/790/790 
f 884/884/884 898/898/898 790/790/790 
f 797/797/797 796/796/796 886/886/886 

g Part13

v 54.9547 0.936643 -6.58134 
v 77.4547 0.936643 -6.58134 
v 54.9547 1.23978e-05 -6.58134 
v 77.4547 1.23978e-05 -6.58134 
v 77.4547 0.936643 48.4865 
v 77.4547 0.936643 -6.58134 
v 54.9547 0.936643 48.4865 
v 54.9547 0.936643 -6.58134 
v 77.4547 0.936643 -6.58134 
v 77.4547 0.936643 48.4865 
v 77.4547 1.23978e-05 -6.58134 
v 77.4547 1.23978e-05 48.4865 
v 77.4547 0.936643 48.4865 
v 54.9547 0.936643 48.4865 
v 77.4547 1.23978e-05 48.4865 
v 54.9547 1.23978e-05 48.4865 
v 54.9547 1.23978e-05 48.4865 
v 54.9547 1.23978e-05 -6.58134 
v 77.4547 1.23978e-05 48.4865 
v 77.4547 1.23978e-05 -6.58134 
v 54.9547 0.936643 48.4865 
v 54.9547 0.936643 -6.58134 
v 54.9547 1.23978e-05 48.4865 
v 54.9547 1.23978e-05 -6.58134 

vn 0 0 -1 
vn 0 0 -1 
vn 0 0 -1 
vn 0 0 -1 
vn 0 1 0 
vn 0 1 0 
vn 0 1 0 
vn 0 1 0 
vn 1 0 0 
vn 1 0 0 
vn 1 0 0 
vn 1 0 0 
vn 0 0 1 
vn 0 0 1 
vn 0 0 1 
vn 0 0 1 
vn 0 -1 0 
vn 0 -1 0 
vn 0 -1 0 
vn 0 -1 0 
vn -1 0 0 
vn -1 0 0 
vn -1 0 0 
vn -1 0 0 

vt 8.3125 -6.5 
vt 5.5 -6.5 
vt 8.3125 -6.61708 
vt 5.5 -6.61708 
vt 12.3835 -6.5 
vt 5.5 -6.5 
vt 12.3835 -9.3125 
vt 5.5 -9.3125 
vt 12.3835 -6.5 
vt 5.5 -6.5 
vt 12.3835 -6.61708 
vt 5.5 -6.61708 
vt 8.3125 -6.5 
vt 5.5 -6.5 
vt 8.3125 -6.61708 
vt 5.5 -6.61708 
vt 12.3835 -6.5 
vt 5.5 -6.5 
vt 12.3835 -9.3125 
vt 5.5 -9.3125 
vt 12.3835 -6.5 
vt 5.5 -6.5 
vt 12.3835 -6.61708 
vt 5.5 -6.61708 

usemtl Union3Mtl

f 899/899/899 900/900/900 901/901/901 
f 901/901/901 900/900/900 902/902/902 
f 903/903/903 904/904/904 905/905/905 
f 905/905/905 904/904/904 906/906/906 
f 907/907/907 908/908/908 909/909/909 
f 909/909/909 908/908/908 910/910/910 
f 911/911/911 912/912/912 913/913/913 
f 913/913/913 912/912/912 914/914/914 
f 915/915/915 916/916/916 917/917/917 
f 917/917/917 916/916/916 918/918/918 
f 919/919/919 920/920/920 921/921/921 
f 921/921/921 920/920/920 922/922/922 

g Part14

v 73.5082 0.953315 -2.95757 
v 73.9221 0.953315 -2.95757 
v 73.5082 0.0166845 -2.95757 
v 73.9221 0.0166845 -2.95757 
v 73.9221 0.953315 48.4863 
v 73.9221 0.953315 -2.95757 
v 73.5082 0.953315 48.4863 
v 73.5082 0.953315 -2.95757 
v 73.9221 0.953315 -2.95757 
v 73.9221 0.953315 48.4863 
v 73.9221 0.0166845 -2.95757 
v 73.9221 0.0166845 48.4863 
v 73.9221 0.953315 48.4863 
v 73.5082 0.953315 48.4863 
v 73.9221 0.0166845 48.4863 
v 73.5082 0.0166845 48.4863 
v 73.5082 0.0166845 48.4863 
v 73.5082 0.0166845 -2.95757 
v 73.9221 0.0166845 48.4863 
v 73.9221 0.0166845 -2.95757 
v 73.5082 0.953315 48.4863 
v 73.5082 0.953315 -2.95757 
v 73.5082 0.0166845 48.4863 
v 73.5082 0.0166845 -2.95757 

vn 0 0 -1 
vn 0 0 -1 
vn 0 0 -1 
vn 0 0 -1 
vn 0 1 0 
vn 0 1 0 
vn 0 1 0 
vn 0 1 0 
vn 1 0 0 
vn 1 0 0 
vn 1 0 0 
vn 1 0 0 
vn 0 0 1 
vn 0 0 1 
vn 0 0 1 
vn 0 0 1 
vn 0 -1 0 
vn 0 -1 0 
vn 0 -1 0 
vn 0 -1 0 
vn -1 0 0 
vn -1 0 0 
vn -1 0 0 
vn -1 0 0 

vt 3.05174 0.25 
vt 3 0.25 
vt 3.05174 0.132921 
vt 3 0.132921 
vt 9.43048 0.25 
vt 3 0.25 
vt 9.43048 0.19826 
vt 3 0.19826 
vt 9.43048 0.25 
vt 3 0.25 
vt 9.43048 0.132921 
vt 3 0.132921 
vt 3.05174 0.25 
vt 3 0.25 
vt 3.05174 0.132921 
vt 3 0.132921 
vt 9.43048 0.25 
vt 3 0.25 
vt 9.43048 0.19826 
vt 3 0.19826 
vt 9.43048 0.25 
vt 3 0.25 
vt 9.43048 0.132921 
vt 3 0.132921 

usemtl Part3Mtl

f 923/923/923 924/924/924 925/925/925 
f 925/925/925 924/924/924 926/926/926 
f 927/927/927 928/928/928 929/929/929 
f 929/929/929 928/928/928 930/930/930 
f 931/931/931 932/932/932 933/933/933 
f 933/933/933 932/932/932 934/934/934 
f 935/935/935 936/936/936 937/937/937 
f 937/937/937 936/936/936 938/938/938 
f 939/939/939 940/940/940 941/941/941 
f 941/941/941 940/940/940 942/942/942 
f 943/943/943 944/944/944 945/945/945 
f 945/945/945 944/944/944 946/946/946 

g Part15

v 58.9547 0.953189 11.5803 
v 59.3687 0.953189 11.5803 
v 58.9547 0.0165586 11.5803 
v 59.3687 0.0165586 11.5803 
v 59.3687 0.953189 48.4865 
v 59.3687 0.953189 11.5803 
v 58.9547 0.953189 48.4865 
v 58.9547 0.953189 11.5803 
v 59.3687 0.953189 11.5803 
v 59.3687 0.953189 48.4865 
v 59.3687 0.0165586 11.5803 
v 59.3687 0.0165586 48.4865 
v 59.3687 0.953189 48.4865 
v 58.9547 0.953189 48.4865 
v 59.3687 0.0165586 48.4865 
v 58.9547 0.0165586 48.4865 
v 58.9547 0.0165586 48.4865 
v 58.9547 0.0165586 11.5803 
v 59.3687 0.0165586 48.4865 
v 59.3687 0.0165586 11.5803 
v 58.9547 0.953189 48.4865 
v 58.9547 0.953189 11.5803 
v 58.9547 0.0165586 48.4865 
v 58.9547 0.0165586 11.5803 

vn 0 0 -1 
vn 0 0 -1 
vn 0 0 -1 
vn 0 0 -1 
vn 0 1 0 
vn 0 1 0 
vn 0 1 0 
vn 0 1 0 
vn 1 0 0 
vn 1 0 0 
vn 1 0 0 
vn 1 0 0 
vn 0 0 1 
vn 0 0 1 
vn 0 0 1 
vn 0 0 1 
vn 0 -1 0 
vn 0 -1 0 
vn 0 -1 0 
vn 0 -1 0 
vn -1 0 0 
vn -1 0 0 
vn -1 0 0 
vn -1 0 0 

vt 0.55174 -2 
vt 0.5 -2 
vt 0.55174 -2.11708 
vt 0.5 -2.11708 
vt 5.11328 -2 
vt 0.5 -2 
vt 5.11328 -2.05174 
vt 0.5 -2.05174 
vt 5.11328 -2 
vt 0.5 -2 
vt 5.11328 -2.11708 
vt 0.5 -2.11708 
vt 0.55174 -2 
vt 0.5 -2 
vt 0.55174 -2.11708 
vt 0.5 -2.11708 
vt 5.11328 -2 
vt 0.5 -2 
vt 5.11328 -2.05174 
vt 0.5 -2.05174 
vt 5.11328 -2 
vt 0.5 -2 
vt 5.11328 -2.11708 
vt 0.5 -2.11708 

usemtl Part3Mtl

f 947/947/947 948/948/948 949/949/949 
f 949/949/949 948/948/948 950/950/950 
f 951/951/951 952/952/952 953/953/953 
f 953/953/953 952/952/952 954/954/954 
f 955/955/955 956/956/956 957/957/957 
f 957/957/957 956/956/956 958/958/958 
f 959/959/959 960/960/960 961/961/961 
f 961/961/961 960/960/960 962/962/962 
f 963/963/963 964/964/964 965/965/965 
f 965/965/965 964/964/964 966/966/966 
f 967/967/967 968/968/968 969/969/969 
f 969/969/969 968/968/968 970/970/970 

g Part16

v 59.9547 1 -2.02008 
v 72.9547 1 -2.02008 
v 59.9547 0 -2.02008 
v 72.9547 0 -2.02008 
v 72.9547 1 48.4862 
v 72.9547 1 -2.02008 
v 59.9547 1 48.4862 
v 59.9547 1 -2.02008 
v 72.9547 1 -2.02008 
v 72.9547 1 48.4862 
v 72.9547 0 -2.02008 
v 72.9547 0 48.4862 
v 72.9547 1 48.4862 
v 59.9547 1 48.4862 
v 72.9547 0 48.4862 
v 59.9547 0 48.4862 
v 59.9547 0 48.4862 
v 59.9547 0 -2.02008 
v 72.9547 0 48.4862 
v 72.9547 0 -2.02008 
v 59.9547 1 48.4862 
v 59.9547 1 -2.02008 
v 59.9547 0 48.4862 
v 59.9547 0 -2.02008 

vn 0 0 -1 
vn 0 0 -1 
vn 0 0 -1 
vn 0 0 -1 
vn 0 1 0 
vn 0 1 0 
vn 0 1 0 
vn 0 1 0 
vn 1 0 0 
vn 1 0 0 
vn 1 0 0 
vn 1 0 0 
vn 0 0 1 
vn 0 0 1 
vn 0 0 1 
vn 0 0 1 
vn 0 -1 0 
vn 0 -1 0 
vn 0 -1 0 
vn 0 -1 0 
vn -1 0 0 
vn -1 0 0 
vn -1 0 0 
vn -1 0 0 

vt 1.50298 3.05375 
vt -0.122022 3.05375 
vt 1.50298 2.92875 
vt -0.122022 2.92875 
vt 6.19127 3.05375 
vt -0.122022 3.05375 
vt 6.19127 1.42875 
vt -0.122022 1.42875 
vt 6.19127 3.05375 
vt -0.122022 3.05375 
vt 6.19127 2.92875 
vt -0.122022 2.92875 
vt 1.50298 3.05375 
vt -0.122022 3.05375 
vt 1.50298 2.92875 
vt -0.122022 2.92875 
vt 6.19127 3.05375 
vt -0.122022 3.05375 
vt 6.19127 1.42875 
vt -0.122022 1.42875 
vt 6.19127 3.05375 
vt -0.122022 3.05375 
vt 6.19127 2.92875 
vt -0.122022 2.92875 

usemtl Part16Mtl

f 971/971/971 972/972/972 973/973/973 
f 973/973/973 972/972/972 974/974/974 
f 975/975/975 976/976/976 977/977/977 
f 977/977/977 976/976/976 978/978/978 
f 979/979/979 980/980/980 981/981/981 
f 981/981/981 980/980/980 982/982/982 
f 983/983/983 984/984/984 985/985/985 
f 985/985/985 984/984/984 986/986/986 
f 987/987/987 988/988/988 989/989/989 
f 989/989/989 988/988/988 990/990/990 
f 991/991/991 992/992/992 993/993/993 
f 993/993/993 992/992/992 994/994/994 

g Part17

v 77.0025 10.9535 30.9865 
v 75.9418 12.0142 30.9865 
v 77.7606 11.7116 30.9865 
v 76.6999 12.7723 30.9865 
v 75.9418 12.0142 35.9865 
v 75.9418 12.0142 30.9865 
v 77.0025 10.9535 35.9865 
v 77.0025 10.9535 30.9865 
v 75.9418 12.0142 30.9865 
v 75.9418 12.0142 35.9865 
v 76.6999 12.7723 30.9865 
v 76.6999 12.7723 35.9865 
v 75.9418 12.0142 35.9865 
v 77.0025 10.9535 35.9865 
v 76.6999 12.7723 35.9865 
v 77.7606 11.7116 35.9865 
v 77.7606 11.7116 35.9865 
v 77.7606 11.7116 30.9865 
v 76.6999 12.7723 35.9865 
v 76.6999 12.7723 30.9865 
v 77.0025 10.9535 35.9865 
v 77.0025 10.9535 30.9865 
v 77.7606 11.7116 35.9865 
v 77.7606 11.7116 30.9865 

vn 0 0 -1 
vn 0 0 -1 
vn 0 0 -1 
vn 0 0 -1 
vn -0.708661 -0.708661 0 
vn -0.708661 -0.708661 0 
vn -0.708661 -0.708661 0 
vn -0.708661 -0.708661 0 
vn -0.708661 0.708661 0 
vn -0.708661 0.708661 0 
vn -0.708661 0.708661 0 
vn -0.708661 0.708661 0 
vn 0 0 1 
vn 0 0 1 
vn 0 0 1 
vn 0 0 1 
vn 0.708661 0.708661 0 
vn 0.708661 0.708661 0 
vn 0.708661 0.708661 0 
vn 0.708661 0.708661 0 
vn 0.708661 -0.708661 0 
vn 0.708661 -0.708661 0 
vn 0.708661 -0.708661 0 
vn 0.708661 -0.708661 0 

vt -0.0723887 0.72315 
vt -0.259889 0.72315 
vt -0.0723887 0.589133 
vt -0.259889 0.589133 
vt 0.365111 0.72315 
vt -0.259889 0.72315 
vt 0.365111 0.53565 
vt -0.259889 0.53565 
vt 0.365111 0.72315 
vt -0.259889 0.72315 
vt 0.365111 0.589133 
vt -0.259889 0.589133 
vt -0.0723887 0.72315 
vt -0.259889 0.72315 
vt -0.0723887 0.589133 
vt -0.259889 0.589133 
vt 0.365111 0.72315 
vt -0.259889 0.72315 
vt 0.365111 0.53565 
vt -0.259889 0.53565 
vt 0.365111 0.72315 
vt -0.259889 0.72315 
vt 0.365111 0.589133 
vt -0.259889 0.589133 

usemtl Part1Mtl

f 995/995/995 996/996/996 997/997/997 
f 997/997/997 996/996/996 998/998/998 
f 999/999/999 1000/1000/1000 1001/1001/1001 
f 1001/1001/1001 1000/1000/1000 1002/1002/1002 
f 1003/1003/1003 1004/1004/1004 1005/1005/1005 
f 1005/1005/1005 1004/1004/1004 1006/1006/1006 
f 1007/1007/1007 1008/1008/1008 1009/1009/1009 
f 1009/1009/1009 1008/1008/1008 1010/1010/1010 
f 1011/1011/1011 1012/1012/1012 1013/1013/1013 
f 1013/1013/1013 1012/1012/1012 1014/1014/1014 
f 1015/1015/1015 1016/1016/1016 1017/1017/1017 
f 1017/1017/1017 1016/1016/1016 1018/1018/1018 

g Part18

v 77.407 10.651 30.4865 
v 75.6393 12.4188 30.4865 
v 78.1141 11.3581 30.4865 
v 76.3464 13.1259 30.4865 
v 75.6393 12.4188 36.4865 
v 75.6393 12.4188 30.4865 
v 77.407 10.651 36.4865 
v 77.407 10.651 30.4865 
v 75.6393 12.4188 30.4865 
v 75.6393 12.4188 36.4865 
v 76.3464 13.1259 30.4865 
v 76.3464 13.1259 36.4865 
v 75.6393 12.4188 36.4865 
v 77.407 10.651 36.4865 
v 76.3464 13.1259 36.4865 
v 78.1141 11.3581 36.4865 
v 78.1141 11.3581 36.4865 
v 78.1141 11.3581 30.4865 
v 76.3464 13.1259 36.4865 
v 76.3464 13.1259 30.4865 
v 77.407 10.651 36.4865 
v 77.407 10.651 30.4865 
v 78.1141 11.3581 36.4865 
v 78.1141 11.3581 30.4865 

vn 0 0 -1 
vn 0 0 -1 
vn 0 0 -1 
vn 0 0 -1 
vn -0.708661 -0.708661 0 
vn -0.708661 -0.708661 0 
vn -0.708661 -0.708661 0 
vn -0.708661 -0.708661 0 
vn -0.708661 0.708661 0 
vn -0.708661 0.708661 0 
vn -0.708661 0.708661 0 
vn -0.708661 0.708661 0 
vn 0 0 1 
vn 0 0 1 
vn 0 0 1 
vn 0 0 1 
vn 0.708661 0.708661 0 
vn 0.708661 0.708661 0 
vn 0.708661 0.708661 0 
vn 0.708661 0.708661 0 
vn 0.708661 -0.708661 0 
vn 0.708661 -0.708661 0 
vn 0.708661 -0.708661 0 
vn 0.708661 -0.708661 0 

vt 0.3125 -6 
vt 0 -6 
vt 0.3125 -6.125 
vt 0 -6.125 
vt 0.75 -6 
vt 0 -6 
vt 0.75 -6.3125 
vt 0 -6.3125 
vt 0.75 -6 
vt 0 -6 
vt 0.75 -6.125 
vt 0 -6.125 
vt 0.3125 -6 
vt 0 -6 
vt 0.3125 -6.125 
vt 0 -6.125 
vt 0.75 -6 
vt 0 -6 
vt 0.75 -6.3125 
vt 0 -6.3125 
vt 0.75 -6 
vt 0 -6 
vt 0.75 -6.125 
vt 0 -6.125 

usemtl Union1Mtl

f 1019/1019/1019 1020/1020/1020 1021/1021/1021 
f 1021/1021/1021 1020/1020/1020 1022/1022/1022 
f 1023/1023/1023 1024/1024/1024 1025/1025/1025 
f 1025/1025/1025 1024/1024/1024 1026/1026/1026 
f 1027/1027/1027 1028/1028/1028 1029/1029/1029 
f 1029/1029/1029 1028/1028/1028 1030/1030/1030 
f 1031/1031/1031 1032/1032/1032 1033/1033/1033 
f 1033/1033/1033 1032/1032/1032 1034/1034/1034 
f 1035/1035/1035 1036/1036/1036 1037/1037/1037 
f 1037/1037/1037 1036/1036/1036 1038/1038/1038 
f 1039/1039/1039 1040/1040/1040 1041/1041/1041 
f 1041/1041/1041 1040/1040/1040 1042/1042/1042 

g Part19

v 78.1141 10.651 29.9865 
v 75.6393 13.1259 29.9865 
v 79.1748 11.7116 29.9865 
v 76.6999 14.1865 29.9865 
v 75.6393 13.1259 36.9865 
v 75.6393 13.1259 29.9865 
v 78.1141 10.651 36.9865 
v 78.1141 10.651 29.9865 
v 75.6393 13.1259 29.9865 
v 75.6393 13.1259 36.9865 
v 76.6999 14.1865 29.9865 
v 76.6999 14.1865 36.9865 
v 75.6393 13.1259 36.9865 
v 78.1141 10.651 36.9865 
v 76.6999 14.1865 36.9865 
v 79.1748 11.7116 36.9865 
v 79.1748 11.7116 36.9865 
v 79.1748 11.7116 29.9865 
v 76.6999 14.1865 36.9865 
v 76.6999 14.1865 29.9865 
v 78.1141 10.651 36.9865 
v 78.1141 10.651 29.9865 
v 79.1748 11.7116 36.9865 
v 79.1748 11.7116 29.9865 

vn 0 0 -1 
vn 0 0 -1 
vn 0 0 -1 
vn 0 0 -1 
vn -0.708661 -0.708661 0 
vn -0.708661 -0.708661 0 
vn -0.708661 -0.708661 0 
vn -0.708661 -0.708661 0 
vn -0.708661 0.708661 0 
vn -0.708661 0.708661 0 
vn -0.708661 0.708661 0 
vn -0.708661 0.708661 0 
vn 0 0 1 
vn 0 0 1 
vn 0 0 1 
vn 0 0 1 
vn 0.708661 0.708661 0 
vn 0.708661 0.708661 0 
vn 0.708661 0.708661 0 
vn 0.708661 0.708661 0 
vn 0.708661 -0.708661 0 
vn 0.708661 -0.708661 0 
vn 0.708661 -0.708661 0 
vn 0.708661 -0.708661 0 

vt 6.1875 -3.75 
vt 5.75 -3.75 
vt 6.1875 -3.9375 
vt 5.75 -3.9375 
vt 6.625 -3.75 
vt 5.75 -3.75 
vt 6.625 -4.1875 
vt 5.75 -4.1875 
vt 6.625 -3.75 
vt 5.75 -3.75 
vt 6.625 -3.9375 
vt 5.75 -3.9375 
vt 6.1875 -3.75 
vt 5.75 -3.75 
vt 6.1875 -3.9375 
vt 5.75 -3.9375 
vt 6.625 -3.75 
vt 5.75 -3.75 
vt 6.625 -4.1875 
vt 5.75 -4.1875 
vt 6.625 -3.75 
vt 5.75 -3.75 
vt 6.625 -3.9375 
vt 5.75 -3.9375 

usemtl Part3Mtl

f 1043/1043/1043 1044/1044/1044 1045/1045/1045 
f 1045/1045/1045 1044/1044/1044 1046/1046/1046 
f 1047/1047/1047 1048/1048/1048 1049/1049/1049 
f 1049/1049/1049 1048/1048/1048 1050/1050/1050 
f 1051/1051/1051 1052/1052/1052 1053/1053/1053 
f 1053/1053/1053 1052/1052/1052 1054/1054/1054 
f 1055/1055/1055 1056/1056/1056 1057/1057/1057 
f 1057/1057/1057 1056/1056/1056 1058/1058/1058 
f 1059/1059/1059 1060/1060/1060 1061/1061/1061 
f 1061/1061/1061 1060/1060/1060 1062/1062/1062 
f 1063/1063/1063 1064/1064/1064 1065/1065/1065 
f 1065/1065/1065 1064/1064/1064 1066/1066/1066 

g Part20

v 80.9547 1.93664 48.4865 
v 75.9547 1.93664 48.4865 
v 80.9547 0.936643 48.4865 
v 75.9547 0.936643 48.4865 
v 75.9547 1.93664 18.9865 
v 75.9547 1.93664 48.4865 
v 80.9547 1.93664 18.9865 
v 80.9547 1.93664 48.4865 
v 75.9547 1.93664 48.4865 
v 75.9547 1.93664 18.9865 
v 75.9547 0.936643 48.4865 
v 75.9547 0.936643 18.9865 
v 75.9547 1.93664 18.9865 
v 80.9547 1.93664 18.9865 
v 75.9547 0.936643 18.9865 
v 80.9547 0.936643 18.9865 
v 80.9547 0.936643 18.9865 
v 80.9547 0.936643 48.4865 
v 75.9547 0.936643 18.9865 
v 75.9547 0.936643 48.4865 
v 80.9547 1.93664 18.9865 
v 80.9547 1.93664 48.4865 
v 80.9547 0.936643 18.9865 
v 80.9547 0.936643 48.4865 

vn 0 0 1 
vn 0 0 1 
vn 0 0 1 
vn 0 0 1 
vn 0 1 0 
vn 0 1 0 
vn 0 1 0 
vn 0 1 0 
vn -1 0 0 
vn -1 0 0 
vn -1 0 0 
vn -1 0 0 
vn 0 0 -1 
vn 0 0 -1 
vn 0 0 -1 
vn 0 0 -1 
vn 0 -1 0 
vn 0 -1 0 
vn 0 -1 0 
vn 0 -1 0 
vn 1 0 0 
vn 1 0 0 
vn 1 0 0 
vn 1 0 0 

vt 3.875 -1 
vt 3.25 -1 
vt 3.875 -1.125 
vt 3.25 -1.125 
vt 6.9375 -1 
vt 3.25 -1 
vt 6.9375 -1.625 
vt 3.25 -1.625 
vt 6.9375 -1 
vt 3.25 -1 
vt 6.9375 -1.125 
vt 3.25 -1.125 
vt 3.875 -1 
vt 3.25 -1 
vt 3.875 -1.125 
vt 3.25 -1.125 
vt 6.9375 -1 
vt 3.25 -1 
vt 6.9375 -1.625 
vt 3.25 -1.625 
vt 6.9375 -1 
vt 3.25 -1 
vt 6.9375 -1.125 
vt 3.25 -1.125 

usemtl Part3Mtl

f 1067/1067/1067 1068/1068/1068 1069/1069/1069 
f 1069/1069/1069 1068/1068/1068 1070/1070/1070 
f 1071/1071/1071 1072/1072/1072 1073/1073/1073 
f 1073/1073/1073 1072/1072/1072 1074/1074/1074 
f 1075/1075/1075 1076/1076/1076 1077/1077/1077 
f 1077/1077/1077 1076/1076/1076 1078/1078/1078 
f 1079/1079/1079 1080/1080/1080 1081/1081/1081 
f 1081/1081/1081 1080/1080/1080 1082/1082/1082 
f 1083/1083/1083 1084/1084/1084 1085/1085/1085 
f 1085/1085/1085 1084/1084/1084 1086/1086/1086 
f 1087/1087/1087 1088/1088/1088 1089/1089/1089 
f 1089/1089/1089 1088/1088/1088 1090/1090/1090 

g Part21

v 80.9547 16.4367 48.4865 
v 75.9547 16.4367 48.4865 
v 80.9547 15.4367 48.4865 
v 75.9547 15.4367 48.4865 
v 75.9547 16.4367 18.9865 
v 75.9547 16.4367 48.4865 
v 80.9547 16.4367 18.9865 
v 80.9547 16.4367 48.4865 
v 75.9547 16.4367 48.4865 
v 75.9547 16.4367 18.9865 
v 75.9547 15.4367 48.4865 
v 75.9547 15.4367 18.9865 
v 75.9547 16.4367 18.9865 
v 80.9547 16.4367 18.9865 
v 75.9547 15.4367 18.9865 
v 80.9547 15.4367 18.9865 
v 80.9547 15.4367 18.9865 
v 80.9547 15.4367 48.4865 
v 75.9547 15.4367 18.9865 
v 75.9547 15.4367 48.4865 
v 80.9547 16.4367 18.9865 
v 80.9547 16.4367 48.4865 
v 80.9547 15.4367 18.9865 
v 80.9547 15.4367 48.4865 

vn 0 0 1 
vn 0 0 1 
vn 0 0 1 
vn 0 0 1 
vn 0 1 0 
vn 0 1 0 
vn 0 1 0 
vn 0 1 0 
vn -1 0 0 
vn -1 0 0 
vn -1 0 0 
vn -1 0 0 
vn 0 0 -1 
vn 0 0 -1 
vn 0 0 -1 
vn 0 0 -1 
vn 0 -1 0 
vn 0 -1 0 
vn 0 -1 0 
vn 0 -1 0 
vn 1 0 0 
vn 1 0 0 
vn 1 0 0 
vn 1 0 0 

vt 0.875 -1.75 
vt 0.25 -1.75 
vt 0.875 -1.875 
vt 0.25 -1.875 
vt 3.9375 -1.75 
vt 0.25 -1.75 
vt 3.9375 -2.375 
vt 0.25 -2.375 
vt 3.9375 -1.75 
vt 0.25 -1.75 
vt 3.9375 -1.875 
vt 0.25 -1.875 
vt 0.875 -1.75 
vt 0.25 -1.75 
vt 0.875 -1.875 
vt 0.25 -1.875 
vt 3.9375 -1.75 
vt 0.25 -1.75 
vt 3.9375 -2.375 
vt 0.25 -2.375 
vt 3.9375 -1.75 
vt 0.25 -1.75 
vt 3.9375 -1.875 
vt 0.25 -1.875 

usemtl Part3Mtl

f 1091/1091/1091 1092/1092/1092 1093/1093/1093 
f 1093/1093/1093 1092/1092/1092 1094/1094/1094 
f 1095/1095/1095 1096/1096/1096 1097/1097/1097 
f 1097/1097/1097 1096/1096/1096 1098/1098/1098 
f 1099/1099/1099 1100/1100/1100 1101/1101/1101 
f 1101/1101/1101 1100/1100/1100 1102/1102/1102 
f 1103/1103/1103 1104/1104/1104 1105/1105/1105 
f 1105/1105/1105 1104/1104/1104 1106/1106/1106 
f 1107/1107/1107 1108/1108/1108 1109/1109/1109 
f 1109/1109/1109 1108/1108/1108 1110/1110/1110 
f 1111/1111/1111 1112/1112/1112 1113/1113/1113 
f 1113/1113/1113 1112/1112/1112 1114/1114/1114 

g Union6

v 75.455 13.4316 38.9867 
v 80.955 16.4369 38.9867 
v 77.457 11.9424 38.9867 
v 77.457 11.9424 38.9867 
v 77.457 11.9424 43.4867 
v 75.455 13.4316 38.9867 
v 75.455 13.4316 43.4867 
v 75.455 13.4316 38.9867 
v 75.455 13.4316 43.4867 
v 75.455 16.4369 38.9867 
v 75.455 16.4369 43.4867 
v 75.455 13.4316 43.4867 
v 77.457 11.9424 43.4867 
v 75.455 16.4369 43.4867 
v 80.955 16.4369 43.4867 
v 80.955 16.4369 38.9867 
v 75.455 16.4369 38.9867 
v 80.955 16.4369 43.4867 
v 75.455 16.4369 43.4867 
v 75.455 16.4369 38.9867 
v 80.955 0.436849 43.4867 
v 75.455 0.436849 43.4867 
v 80.955 0.436849 38.9867 
v 75.455 0.436849 38.9867 
v 80.955 0.436849 38.9867 
v 80.955 9.44347 38.9867 
v 80.955 0.436849 43.4867 
v 80.955 16.4369 38.9867 
v 80.955 16.4369 43.4867 
v 80.955 0.436849 43.4867 
v 75.455 0.436849 38.9867 
v 75.455 0.436849 43.4867 
v 75.455 3.88454 38.9867 
v 75.455 3.88454 43.4867 
v 75.455 0.436849 38.9867 
v 75.455 3.88454 38.9867 
v 80.955 0.436849 38.9867 
v 80.955 9.44347 38.9867 
v 75.455 13.4316 23.9867 
v 80.955 16.4365 23.9867 
v 77.457 11.9424 23.9867 
v 77.457 11.9424 23.9867 
v 77.457 11.9424 28.4867 
v 75.455 13.4316 23.9867 
v 75.455 13.4316 28.4867 
v 75.455 13.4316 28.4867 
v 75.455 16.4365 28.4867 
v 75.455 13.4316 23.9867 
v 75.455 16.4365 23.9867 
v 75.455 13.4316 28.4867 
v 77.457 11.9424 28.4867 
v 75.455 16.4365 28.4867 
v 80.955 16.4365 28.4867 
v 80.955 16.4365 23.9867 
v 75.455 16.4365 23.9867 
v 80.955 16.4365 28.4867 
v 75.455 16.4365 28.4867 
v 75.455 16.4365 23.9867 
v 80.955 0.436543 28.4867 
v 75.455 0.436543 28.4867 
v 80.955 0.436543 23.9867 
v 75.455 0.436543 23.9867 
v 80.955 0.436543 23.9867 
v 80.955 9.44347 23.9867 
v 80.955 0.436543 28.4867 
v 80.955 16.4365 23.9867 
v 80.955 16.4365 28.4867 
v 80.955 0.436543 28.4867 
v 75.455 3.88454 28.4867 
v 75.455 3.88454 23.9867 
v 75.455 0.436543 28.4867 
v 75.455 0.436543 23.9867 
v 75.455 0.436543 23.9867 
v 75.455 3.88454 23.9867 
v 80.955 0.436543 23.9867 
v 80.955 9.44347 23.9867 
v 77.455 11.9365 23.9867 
v 77.455 11.9365 28.4867 
v 77.4526 11.9365 23.9867 
v 77.4526 11.9365 28.4867 
v 77.455 11.9365 28.4867 
v 77.455 11.9365 23.9867 
v 77.455 5.974 28.4867 
v 77.455 5.974 23.9867 
v 77.455 11.9365 43.4867 
v 77.455 11.9365 38.9867 
v 77.455 5.974 43.4867 
v 77.455 5.974 38.9867 
v 77.455 11.9365 38.9867 
v 77.455 11.9365 43.4867 
v 77.4526 11.9365 38.9867 
v 77.4526 11.9365 43.4867 
v 77.455 5.93653 38.9867 
v 77.455 5.93653 43.4867 
v 77.455 5.95271 38.9867 
v 77.455 5.95271 43.4867 
v 77.455 5.93653 43.4867 
v 77.455 5.93653 38.9867 
v 77.4394 5.93653 43.4867 
v 77.4394 5.93653 38.9867 
v 77.455 5.93653 23.9867 
v 77.455 5.93653 28.4867 
v 77.455 5.95271 23.9867 
v 77.455 5.95271 28.4867 
v 77.455 5.93653 28.4867 
v 77.455 5.93653 23.9867 
v 77.4394 5.93653 28.4867 
v 77.4394 5.93653 23.9867 
v 77.455 5.974 23.9867 
v 77.4656 5.96372 23.9867 
v 77.455 5.974 28.4867 
v 77.4656 5.96372 28.4867 
v 77.4656 5.96372 28.4867 
v 77.4656 5.96372 23.9867 
v 77.455 5.95271 28.4867 
v 77.455 5.95271 23.9867 
v 77.4656 5.96372 43.4867 
v 77.4656 5.96372 38.9867 
v 77.455 5.95271 43.4867 
v 77.455 5.95271 38.9867 
v 77.455 5.974 38.9867 
v 77.4656 5.96372 38.9867 
v 77.455 5.974 43.4867 
v 77.4656 5.96372 43.4867 
v 77.455 5.95271 43.4867 
v 77.455 5.93653 43.4867 
v 77.4656 5.96372 43.4867 
v 77.455 5.93653 38.9867 
v 77.4656 5.96372 38.9867 
v 77.455 5.95271 38.9867 
v 77.4656 5.96372 28.4867 
v 77.455 5.93653 28.4867 
v 77.455 5.95271 28.4867 
v 77.455 5.93653 23.9867 
v 77.4656 5.96372 23.9867 
v 77.455 5.95271 23.9867 
v 77.455 11.9365 23.9867 
v 77.4526 11.9365 23.9867 
v 77.4526 11.9365 23.9867 
v 77.4526 11.9365 28.4867 
v 77.457 11.9424 23.9867 
v 77.457 11.9424 28.4867 
v 77.457 11.9424 38.9867 
v 77.4526 11.9365 38.9867 
v 77.457 11.9424 43.4867 
v 77.4526 11.9365 43.4867 
v 77.4394 5.93653 28.4867 
v 77.4394 5.93653 23.9867 
v 75.455 3.88454 28.4867 
v 77.4355 5.93257 23.9867 
v 75.455 3.88454 23.9867 
v 77.4394 5.93653 43.4867 
v 77.4394 5.93653 38.9867 
v 75.455 3.88454 43.4867 
v 77.4355 5.93257 38.9867 
v 75.455 3.88454 38.9867 
v 77.4394 5.93653 43.4867 
v 75.455 3.88454 43.4867 
v 77.4394 5.93653 38.9867 
v 77.4355 5.93257 38.9867 
v 77.4394 5.93653 28.4867 
v 75.455 3.88454 28.4867 
v 77.4394 5.93653 23.9867 
v 77.4355 5.93257 23.9867 
v 77.455 5.974 38.9867 
v 77.455 11.9365 38.9867 
v 77.455 5.974 28.4867 
v 77.455 5.974 43.4867 
v 77.455 11.9365 28.4867 
v 77.4526 11.9365 28.4867 
v 77.4526 11.9365 38.9867 
v 77.455 11.9365 43.4867 
v 77.4526 11.9365 43.4867 
v 77.455 5.974 23.9867 
v 75.455 0.436849 43.4867 
v 75.455 0.436543 28.4867 

vn 0 0 -1 
vn 0 0 -1 
vn 0 0 -1 
vn -0.598425 -0.80315 0 
vn -0.598425 -0.80315 0 
vn -0.598425 -0.80315 0 
vn -0.598425 -0.80315 0 
vn -1 0 0 
vn -1 0 0 
vn -1 0 0 
vn -1 0 0 
vn 0 0 1 
vn 0 0 1 
vn 0 0 1 
vn 0 0 1 
vn 0 1 0 
vn 0 1 0 
vn 0 1 0 
vn 0 1 0 
vn 0 0 -1 
vn 0 -1 0 
vn 0 -1 0 
vn 0 -1 0 
vn 0 -1 0 
vn 1 0 0 
vn 1 0 0 
vn 1 0 0 
vn 1 0 0 
vn 1 0 0 
vn 0 0 1 
vn -1 0 0 
vn -1 0 0 
vn -1 0 0 
vn -1 0 0 
vn 0 0 -1 
vn 0 0 -1 
vn 0 0 -1 
vn 0 0 -1 
vn 0 0 -1 
vn 0 0 -1 
vn 0 0 -1 
vn -0.598425 -0.80315 0 
vn -0.598425 -0.80315 0 
vn -0.598425 -0.80315 0 
vn -0.598425 -0.80315 0 
vn -1 0 0 
vn -1 0 0 
vn -1 0 0 
vn -1 0 0 
vn 0 0 1 
vn 0 0 1 
vn 0 0 1 
vn 0 0 1 
vn 0 1 0 
vn 0 1 0 
vn 0 1 0 
vn 0 1 0 
vn 0 0 -1 
vn 0 -1 0 
vn 0 -1 0 
vn 0 -1 0 
vn 0 -1 0 
vn 1 0 0 
vn 1 0 0 
vn 1 0 0 
vn 1 0 0 
vn 1 0 0 
vn 0 0 1 
vn -1 0 0 
vn -1 0 0 
vn -1 0 0 
vn -1 0 0 
vn 0 0 -1 
vn 0 0 -1 
vn 0 0 -1 
vn 0 0 -1 
vn 0 -1 0 
vn 0 -1 0 
vn 0 -1 0 
vn 0 -1 0 
vn -1 0 0 
vn -1 0 0 
vn -1 0 0 
vn -1 0 0 
vn -1 0 0 
vn -1 0 0 
vn -1 0 0 
vn -1 0 0 
vn 0 -1 0 
vn 0 -1 0 
vn 0 -1 0 
vn 0 -1 0 
vn -1 0 0 
vn -1 0 0 
vn -1 0 0 
vn -1 0 0 
vn 0 1 0 
vn 0 1 0 
vn 0 1 0 
vn 0 1 0 
vn -1 0 0 
vn -1 0 0 
vn -1 0 0 
vn -1 0 0 
vn 0 1 0 
vn 0 1 0 
vn 0 1 0 
vn 0 1 0 
vn -0.692913 -0.716535 0 
vn -0.692913 -0.716535 0 
vn -0.692913 -0.716535 0 
vn -0.692913 -0.716535 0 
vn -0.716535 0.692913 0 
vn -0.716535 0.692913 0 
vn -0.716535 0.692913 0 
vn -0.716535 0.692913 0 
vn -0.716535 0.692913 0 
vn -0.716535 0.692913 0 
vn -0.716535 0.692913 0 
vn -0.716535 0.692913 0 
vn -0.692913 -0.716535 0 
vn -0.692913 -0.716535 0 
vn -0.692913 -0.716535 0 
vn -0.692913 -0.716535 0 
vn 0 0 1 
vn 0 0 1 
vn 0 0 1 
vn 0 0 -1 
vn 0 0 -1 
vn 0 0 -1 
vn 0 0 1 
vn 0 0 1 
vn 0 0 1 
vn 0 0 -1 
vn 0 0 -1 
vn 0 0 -1 
vn 0 0 -1 
vn 0 0 -1 
vn -0.80315 0.598425 0 
vn -0.80315 0.598425 0 
vn -0.80315 0.598425 0 
vn -0.80315 0.598425 0 
vn -0.80315 0.598425 0 
vn -0.80315 0.598425 0 
vn -0.80315 0.598425 0 
vn -0.80315 0.598425 0 
vn -0.716535 0.692913 0 
vn -0.716535 0.692913 0 
vn -0.716535 0.692913 0 
vn -0.716535 0.692913 0 
vn -0.716535 0.692913 0 
vn -0.716535 0.692913 0 
vn -0.716535 0.692913 0 
vn -0.716535 0.692913 0 
vn -0.716535 0.692913 0 
vn -0.716535 0.692913 0 
vn 0 0 1 
vn 0 0 1 
vn 0 0 -1 
vn 0 0 -1 
vn 0 0 1 
vn 0 0 1 
vn 0 0 -1 
vn 0 0 -1 
vn 0 0 -1 
vn 0 0 -1 
vn 0 0 1 
vn 0 0 1 
vn 0 0 1 
vn 0 0 1 
vn 0 0 -1 
vn 0 0 1 
vn 0 0 1 
vn 0 0 -1 
vn 0 0 1 
vn 0 0 1 

vt 46.3438 -32.3756 
vt 45.6562 -32 
vt 46.0935 -32.5618 
vt 46.6562 -32.9065 
vt 47.2188 -32.9065 
vt 46.6562 -32.6562 
vt 47.2188 -32.6562 
vt 46.6562 -32.3756 
vt 47.2188 -32.3756 
vt 46.6562 -32 
vt 47.2188 -32 
vt 45.6562 -32.3756 
vt 45.9065 -32.5618 
vt 45.6562 -32 
vt 46.3438 -32 
vt 45.3438 -33.3438 
vt 45.3438 -32.6562 
vt 44.7812 -33.3438 
vt 44.7812 -32.6562 
vt 46.3438 -32 
vt 47.2188 -33.3438 
vt 47.2188 -32.6562 
vt 46.6562 -33.3438 
vt 46.6562 -32.6562 
vt 45.3438 -34 
vt 45.3438 -32.8742 
vt 44.7812 -34 
vt 45.3438 -32 
vt 44.7812 -32 
vt 46.3438 -34 
vt 46.6562 -34 
vt 47.2188 -34 
vt 46.6562 -33.569 
vt 47.2188 -33.569 
vt 46.3438 -34 
vt 46.3438 -33.569 
vt 45.6562 -34 
vt 45.6562 -32.8742 
vt 46.3438 -32.3756 
vt 45.6562 -32 
vt 46.0935 -32.5618 
vt 44.7812 -32.9065 
vt 45.3438 -32.9065 
vt 44.7812 -32.6562 
vt 45.3438 -32.6562 
vt 45.3438 -32.3756 
vt 45.3438 -32 
vt 44.7812 -32.3756 
vt 44.7812 -32 
vt 45.6562 -32.3756 
vt 45.9065 -32.5618 
vt 45.6562 -32 
vt 46.3438 -32 
vt 47.2188 -33.3438 
vt 47.2188 -32.6562 
vt 46.6562 -33.3438 
vt 46.6562 -32.6562 
vt 46.3438 -32 
vt 45.3438 -33.3438 
vt 45.3438 -32.6562 
vt 44.7812 -33.3438 
vt 44.7812 -32.6562 
vt 47.2188 -34 
vt 47.2188 -32.8742 
vt 46.6562 -34 
vt 47.2188 -32 
vt 46.6562 -32 
vt 46.3438 -34 
vt 45.3438 -33.569 
vt 44.7812 -33.569 
vt 45.3438 -34 
vt 44.7812 -34 
vt 46.3438 -34 
vt 46.3438 -33.569 
vt 45.6562 -34 
vt 45.6562 -32.8742 
vt 44.7812 -32.9062 
vt 45.3438 -32.9062 
vt 44.7812 -32.9059 
vt 45.3438 -32.9059 
vt 45.3438 -32.5625 
vt 44.7812 -32.5625 
vt 45.3438 -33.3078 
vt 44.7812 -33.3078 
vt 47.2188 -32.5625 
vt 46.6562 -32.5625 
vt 47.2188 -33.3078 
vt 46.6562 -33.3078 
vt 46.6562 -32.9062 
vt 47.2188 -32.9062 
vt 46.6562 -32.9059 
vt 47.2188 -32.9059 
vt 46.6562 -33.3125 
vt 47.2188 -33.3125 
vt 46.6562 -33.3105 
vt 47.2188 -33.3105 
vt 44.7812 -32.9062 
vt 45.3438 -32.9062 
vt 44.7812 -32.9043 
vt 45.3438 -32.9043 
vt 44.7812 -33.3125 
vt 45.3438 -33.3125 
vt 44.7812 -33.3105 
vt 45.3438 -33.3105 
vt 46.6562 -32.9062 
vt 47.2188 -32.9062 
vt 46.6562 -32.9043 
vt 47.2188 -32.9043 
vt 44.7812 -32.9062 
vt 44.7812 -32.9076 
vt 45.3438 -32.9062 
vt 45.3438 -32.9076 
vt 45.3438 -33.3091 
vt 44.7812 -33.3091 
vt 45.3438 -33.3105 
vt 44.7812 -33.3105 
vt 47.2188 -33.3091 
vt 46.6562 -33.3091 
vt 47.2188 -33.3105 
vt 46.6562 -33.3105 
vt 46.6562 -32.9062 
vt 46.6562 -32.9076 
vt 47.2188 -32.9062 
vt 47.2188 -32.9076 
vt 45.9062 -33.3105 
vt 45.9062 -33.3125 
vt 45.9076 -33.3091 
vt 46.0938 -33.3125 
vt 46.0924 -33.3091 
vt 46.0938 -33.3105 
vt 45.9076 -33.3091 
vt 45.9062 -33.3125 
vt 45.9062 -33.3105 
vt 46.0938 -33.3125 
vt 46.0924 -33.3091 
vt 46.0938 -33.3105 
vt 46.0938 -32.5625 
vt 46.0941 -32.5625 
vt 44.7812 -32.5625 
vt 45.3438 -32.5625 
vt 44.7812 -32.5618 
vt 45.3438 -32.5618 
vt 46.6562 -32.5618 
vt 46.6562 -32.5625 
vt 47.2188 -32.5618 
vt 47.2188 -32.5625 
vt 45.3438 -33.3125 
vt 44.7812 -33.3125 
vt 45.3438 -33.569 
vt 44.7812 -33.313 
vt 44.7812 -33.569 
vt 47.2188 -33.3125 
vt 46.6562 -33.3125 
vt 47.2188 -33.569 
vt 46.6562 -33.313 
vt 46.6562 -33.569 
vt 45.9043 -33.3125 
vt 45.6562 -33.569 
vt 46.0957 -33.3125 
vt 46.0962 -33.313 
vt 45.9043 -33.3125 
vt 45.6562 -33.569 
vt 46.0957 -33.3125 
vt 46.0962 -33.313 
vt 46.0938 -33.3078 
vt 46.0938 -32.5625 
vt 45.9062 -33.3078 
vt 45.9062 -33.3078 
vt 45.9062 -32.5625 
vt 45.9059 -32.5625 
vt 46.0941 -32.5625 
vt 45.9062 -32.5625 
vt 45.9059 -32.5625 
vt 46.0938 -33.3078 
vt 45.6562 -34 
vt 45.6562 -34 

usemtl Part3Mtl

f 1115/1115/1115 1116/1116/1116 1117/1117/1117 
f 1118/1118/1118 1119/1119/1119 1120/1120/1120 
f 1119/1119/1119 1121/1121/1121 1120/1120/1120 
f 1122/1122/1122 1123/1123/1123 1124/1124/1124 
f 1123/1123/1123 1125/1125/1125 1124/1124/1124 
f 1126/1126/1126 1127/1127/1127 1128/1128/1128 
f 1127/1127/1127 1129/1129/1129 1128/1128/1128 
f 1130/1130/1130 1131/1131/1131 1132/1132/1132 
f 1131/1131/1131 1133/1133/1133 1132/1132/1132 
f 1115/1115/1115 1134/1134/1134 1116/1116/1116 
f 1135/1135/1135 1136/1136/1136 1137/1137/1137 
f 1136/1136/1136 1138/1138/1138 1137/1137/1137 
f 1139/1139/1139 1140/1140/1140 1141/1141/1141 
f 1140/1140/1140 1142/1142/1142 1141/1141/1141 
f 1143/1143/1143 1141/1141/1141 1142/1142/1142 
f 1127/1127/1127 1144/1144/1144 1129/1129/1129 
f 1145/1145/1145 1146/1146/1146 1147/1147/1147 
f 1146/1146/1146 1148/1148/1148 1147/1147/1147 
f 1149/1149/1149 1150/1150/1150 1151/1151/1151 
f 1116/1116/1116 1152/1152/1152 1151/1151/1151 
f 1153/1153/1153 1154/1154/1154 1155/1155/1155 
f 1156/1156/1156 1157/1157/1157 1158/1158/1158 
f 1157/1157/1157 1159/1159/1159 1158/1158/1158 
f 1160/1160/1160 1161/1161/1161 1162/1162/1162 
f 1163/1163/1163 1162/1162/1162 1161/1161/1161 
f 1164/1164/1164 1165/1165/1165 1166/1166/1166 
f 1165/1165/1165 1167/1167/1167 1166/1166/1166 
f 1168/1168/1168 1169/1169/1169 1170/1170/1170 
f 1169/1169/1169 1171/1171/1171 1170/1170/1170 
f 1153/1153/1153 1172/1172/1172 1154/1154/1154 
f 1173/1173/1173 1174/1174/1174 1175/1175/1175 
f 1174/1174/1174 1176/1176/1176 1175/1175/1175 
f 1177/1177/1177 1178/1178/1178 1179/1179/1179 
f 1178/1178/1178 1180/1180/1180 1179/1179/1179 
f 1181/1181/1181 1179/1179/1179 1180/1180/1180 
f 1165/1165/1165 1182/1182/1182 1167/1167/1167 
f 1183/1183/1183 1184/1184/1184 1185/1185/1185 
f 1184/1184/1184 1186/1186/1186 1185/1185/1185 
f 1187/1187/1187 1188/1188/1188 1189/1189/1189 
f 1154/1154/1154 1190/1190/1190 1189/1189/1189 
f 1191/1191/1191 1192/1192/1192 1193/1193/1193 
f 1192/1192/1192 1194/1194/1194 1193/1193/1193 
f 1195/1195/1195 1196/1196/1196 1197/1197/1197 
f 1196/1196/1196 1198/1198/1198 1197/1197/1197 
f 1199/1199/1199 1200/1200/1200 1201/1201/1201 
f 1200/1200/1200 1202/1202/1202 1201/1201/1201 
f 1203/1203/1203 1204/1204/1204 1205/1205/1205 
f 1204/1204/1204 1206/1206/1206 1205/1205/1205 
f 1207/1207/1207 1208/1208/1208 1209/1209/1209 
f 1208/1208/1208 1210/1210/1210 1209/1209/1209 
f 1211/1211/1211 1212/1212/1212 1213/1213/1213 
f 1212/1212/1212 1214/1214/1214 1213/1213/1213 
f 1215/1215/1215 1216/1216/1216 1217/1217/1217 
f 1216/1216/1216 1218/1218/1218 1217/1217/1217 
f 1219/1219/1219 1220/1220/1220 1221/1221/1221 
f 1220/1220/1220 1222/1222/1222 1221/1221/1221 
f 1223/1223/1223 1224/1224/1224 1225/1225/1225 
f 1224/1224/1224 1226/1226/1226 1225/1225/1225 
f 1227/1227/1227 1228/1228/1228 1229/1229/1229 
f 1228/1228/1228 1230/1230/1230 1229/1229/1229 
f 1231/1231/1231 1232/1232/1232 1233/1233/1233 
f 1232/1232/1232 1234/1234/1234 1233/1233/1233 
f 1235/1235/1235 1236/1236/1236 1237/1237/1237 
f 1236/1236/1236 1238/1238/1238 1237/1237/1237 
f 1239/1239/1239 1240/1240/1240 1241/1241/1241 
f 1240/1240/1240 1144/1144/1144 1241/1241/1241 
f 1144/1144/1144 1127/1127/1127 1241/1241/1241 
f 1242/1242/1242 1243/1243/1243 1151/1151/1151 
f 1244/1244/1244 1243/1243/1243 1242/1242/1242 
f 1182/1182/1182 1245/1245/1245 1246/1246/1246 
f 1247/1247/1247 1246/1246/1246 1245/1245/1245 
f 1248/1248/1248 1249/1249/1249 1189/1189/1189 
f 1250/1250/1250 1249/1249/1249 1248/1248/1248 
f 1251/1251/1251 1252/1252/1252 1155/1155/1155 
f 1253/1253/1253 1254/1254/1254 1255/1255/1255 
f 1254/1254/1254 1256/1256/1256 1255/1255/1255 
f 1257/1257/1257 1258/1258/1258 1259/1259/1259 
f 1258/1258/1258 1260/1260/1260 1259/1259/1259 
f 1261/1261/1261 1262/1262/1262 1263/1263/1263 
f 1262/1262/1262 1264/1264/1264 1263/1263/1263 
f 1264/1264/1264 1265/1265/1265 1263/1263/1263 
f 1266/1266/1266 1267/1267/1267 1268/1268/1268 
f 1267/1267/1267 1269/1269/1269 1268/1268/1268 
f 1269/1269/1269 1270/1270/1270 1268/1268/1268 
f 1271/1271/1271 1272/1272/1272 1240/1240/1240 
f 1242/1242/1242 1151/1151/1151 1273/1273/1273 
f 1151/1151/1151 1274/1274/1274 1273/1273/1273 
f 1275/1275/1275 1276/1276/1276 1246/1246/1246 
f 1248/1248/1248 1189/1189/1189 1277/1277/1277 
f 1189/1189/1189 1278/1278/1278 1277/1277/1277 
f 1279/1279/1279 1280/1280/1280 1243/1243/1243 
f 1280/1280/1280 1116/1116/1116 1243/1243/1243 
f 1116/1116/1116 1151/1151/1151 1243/1243/1243 
f 1281/1281/1281 1245/1245/1245 1165/1165/1165 
f 1245/1245/1245 1182/1182/1182 1165/1165/1165 
f 1127/1127/1127 1282/1282/1282 1241/1241/1241 
f 1281/1281/1281 1165/1165/1165 1283/1283/1283 
f 1165/1165/1165 1284/1284/1284 1283/1283/1283 
f 1285/1285/1285 1117/1117/1117 1280/1280/1280 
f 1117/1117/1117 1116/1116/1116 1280/1280/1280 
f 1282/1282/1282 1127/1127/1127 1286/1286/1286 
f 1127/1127/1127 1287/1287/1287 1286/1286/1286 
f 1154/1154/1154 1189/1189/1189 1155/1155/1155 
f 1189/1189/1189 1249/1249/1249 1155/1155/1155 
f 1249/1249/1249 1288/1288/1288 1155/1155/1155 
f 1288/1288/1288 1251/1251/1251 1155/1155/1155 
f 1240/1240/1240 1272/1272/1272 1144/1144/1144 
f 1272/1272/1272 1289/1289/1289 1144/1144/1144 
f 1151/1151/1151 1150/1150/1150 1274/1274/1274 
f 1246/1246/1246 1276/1276/1276 1182/1182/1182 
f 1276/1276/1276 1290/1290/1290 1182/1182/1182 
f 1189/1189/1189 1188/1188/1188 1278/1278/1278 

g Union7

v 77.9654 5.96417 48.4865 
v 77.9654 5.96417 18.9865 
v 77.9547 5.95316 48.4865 
v 77.9547 5.95316 18.9865 
v 77.9547 5.93698 48.4865 
v 77.9547 5.95316 48.4865 
v 77.9547 5.93698 18.9865 
v 77.9547 5.95316 18.9865 
v 77.9547 5.93698 18.9865 
v 77.9391 5.93698 18.9865 
v 77.9547 5.93698 48.4865 
v 77.9391 5.93698 48.4865 
v 75.9547 3.88501 18.9865 
v 77.9391 5.93698 18.9865 
v 77.9547 5.93698 18.9865 
v 75.9547 1.93668 18.9865 
v 80.9547 1.93668 18.9865 
v 80.9547 1.93668 48.4865 
v 75.9547 1.93668 48.4865 
v 80.9547 1.93668 18.9865 
v 75.9547 1.93668 18.9865 
v 75.9547 3.88501 18.9865 
v 75.9547 1.93668 18.9865 
v 75.9547 3.88501 48.4865 
v 75.9547 1.93668 48.4865 
v 77.9391 5.93698 18.9865 
v 75.9547 3.88501 18.9865 
v 77.9391 5.93698 48.4865 
v 75.9547 3.88501 48.4865 
v 77.9391 5.93698 48.4865 
v 75.9547 3.88501 48.4865 
v 77.9547 5.93698 48.4865 
v 80.9547 1.93668 48.4865 
v 75.9547 1.93668 48.4865 
v 80.9547 15.4367 18.9865 
v 75.9547 15.4367 18.9865 
v 80.9547 15.4367 48.4865 
v 75.9547 15.4367 48.4865 
v 80.9547 5.93302 48.4865 
v 77.9654 5.96417 48.4865 
v 77.9547 5.95316 48.4865 
v 77.9547 5.97445 48.4865 
v 77.9547 5.97445 48.4865 
v 77.9547 11.937 48.4865 
v 77.9547 5.97445 18.9865 
v 77.9547 11.937 18.9865 
v 77.9654 5.96417 18.9865 
v 77.9654 5.96417 48.4865 
v 77.9547 5.97445 18.9865 
v 77.9547 5.97445 48.4865 
v 77.9654 5.96417 18.9865 
v 77.9547 5.95316 18.9865 
v 80.9547 15.4367 18.9865 
v 77.9547 5.97445 18.9865 
v 80.9547 1.93668 18.9865 
v 80.9547 15.4367 18.9865 
v 80.9547 1.93668 48.4865 
v 80.9547 15.4367 48.4865 
v 80.9547 5.93302 48.4865 
v 80.9547 9.44392 48.4865 
v 77.9567 11.9429 18.9865 
v 77.9567 11.9429 48.4865 
v 75.9547 13.4321 18.9865 
v 75.9547 13.4321 48.4865 
v 77.9567 11.9429 48.4865 
v 77.9567 11.9429 18.9865 
v 77.9523 11.937 48.4865 
v 77.9523 11.937 18.9865 
v 77.9547 11.937 18.9865 
v 77.9567 11.9429 18.9865 
v 77.9547 11.937 48.4865 
v 77.9567 11.9429 48.4865 
v 77.9523 11.937 48.4865 
v 77.9547 11.937 48.4865 
v 77.9523 11.937 48.4865 
v 77.9547 11.937 18.9865 
v 77.9523 11.937 18.9865 
v 77.9523 11.937 18.9865 
v 75.9547 15.4367 48.4865 
v 75.9547 15.4367 18.9865 
v 75.9547 13.4321 48.4865 
v 75.9547 13.4321 18.9865 
v 75.9547 13.4321 18.9865 
v 75.9547 15.4367 18.9865 
v 75.9547 13.4321 48.4865 
v 75.9547 15.4367 48.4865 
v 80.9547 15.4367 48.4865 
v 80.9547 9.44392 48.4865 

vn -0.716535 0.692913 0 
vn -0.716535 0.692913 0 
vn -0.716535 0.692913 0 
vn -0.716535 0.692913 0 
vn -1 0 0 
vn -1 0 0 
vn -1 0 0 
vn -1 0 0 
vn 0 1 0 
vn 0 1 0 
vn 0 1 0 
vn 0 1 0 
vn 0 0 -1 
vn 0 0 -1 
vn 0 0 -1 
vn 0 0 -1 
vn 0 0 -1 
vn 0 -1 0 
vn 0 -1 0 
vn 0 -1 0 
vn 0 -1 0 
vn -1 0 0 
vn -1 0 0 
vn -1 0 0 
vn -1 0 0 
vn -0.716535 0.692913 0 
vn -0.716535 0.692913 0 
vn -0.716535 0.692913 0 
vn -0.716535 0.692913 0 
vn 0 0 1 
vn 0 0 1 
vn 0 0 1 
vn 0 0 1 
vn 0 0 1 
vn 0 1 0 
vn 0 1 0 
vn 0 1 0 
vn 0 1 0 
vn 0 0 1 
vn 0 0 1 
vn 0 0 1 
vn 0 0 1 
vn -1 0 0 
vn -1 0 0 
vn -1 0 0 
vn -1 0 0 
vn -0.692913 -0.716535 0 
vn -0.692913 -0.716535 0 
vn -0.692913 -0.716535 0 
vn -0.692913 -0.716535 0 
vn 0 0 -1 
vn 0 0 -1 
vn 0 0 -1 
vn 0 0 -1 
vn 1 0 0 
vn 1 0 0 
vn 1 0 0 
vn 1 0 0 
vn 1 0 0 
vn 1 0 0 
vn -0.598425 -0.80315 0 
vn -0.598425 -0.80315 0 
vn -0.598425 -0.80315 0 
vn -0.598425 -0.80315 0 
vn -0.80315 0.598425 0 
vn -0.80315 0.598425 0 
vn -0.80315 0.598425 0 
vn -0.80315 0.598425 0 
vn 0 0 -1 
vn 0 0 -1 
vn 0 0 1 
vn 0 0 1 
vn 0 0 1 
vn 0 -1 0 
vn 0 -1 0 
vn 0 -1 0 
vn 0 -1 0 
vn 0 0 -1 
vn -1 0 0 
vn -1 0 0 
vn -1 0 0 
vn -1 0 0 
vn 0 0 -1 
vn 0 0 -1 
vn 0 0 1 
vn 0 0 1 
vn 0 0 1 
vn 0 0 1 

vt 11.8438 -31.3096 
vt 8.15625 -31.3096 
vt 11.8438 -31.3115 
vt 8.15625 -31.3115 
vt 11.8438 -31.3131 
vt 11.8438 -31.3115 
vt 8.15625 -31.3131 
vt 8.15625 -31.3115 
vt 11.8438 -31.155 
vt 11.8438 -31.1534 
vt 8.15625 -31.155 
vt 8.15625 -31.1534 
vt 9.89249 -31.6681 
vt 9.84657 -31.3142 
vt 9.845 -31.3131 
vt 9.74713 -31.8635 
vt 9.24567 -31.4905 
vt 11.8438 -31.7543 
vt 11.8438 -31.2529 
vt 8.15625 -31.7543 
vt 8.15625 -31.2529 
vt 8.15625 -31.6681 
vt 8.15625 -31.8635 
vt 11.8438 -31.6681 
vt 11.8438 -31.8635 
vt 8.15625 -31.3142 
vt 8.15625 -31.6681 
vt 11.8438 -31.3142 
vt 11.8438 -31.6681 
vt 10.1534 -31.3142 
vt 10.1075 -31.6681 
vt 10.155 -31.3131 
vt 10.7543 -31.4905 
vt 10.2529 -31.8635 
vt 11.8438 -30.7471 
vt 11.8438 -30.2457 
vt 8.15625 -30.7471 
vt 8.15625 -30.2457 
vt 10.4562 -31.0897 
vt 10.154 -31.3096 
vt 10.1538 -31.3115 
vt 10.1522 -31.3093 
vt 11.8438 -31.3093 
vt 11.8438 -30.7113 
vt 8.15625 -31.3093 
vt 8.15625 -30.7113 
vt 8.15625 -31.154 
vt 11.8438 -31.154 
vt 8.15625 -31.1522 
vt 11.8438 -31.1522 
vt 9.84596 -31.3096 
vt 9.84621 -31.3115 
vt 10.2529 -30.1365 
vt 9.8478 -31.3093 
vt 11.8438 -31.4905 
vt 11.8438 -30.1365 
vt 8.15625 -31.4905 
vt 8.15625 -30.1365 
vt 8.15625 -31.0897 
vt 8.15625 -30.7375 
vt 8.15625 -30.7071 
vt 11.8438 -30.7071 
vt 8.15625 -30.3952 
vt 11.8438 -30.3952 
vt 11.8438 -30.7106 
vt 8.15625 -30.7106 
vt 11.8438 -30.7115 
vt 8.15625 -30.7115 
vt 10.2926 -30.7113 
vt 10.2929 -30.7106 
vt 9.70735 -30.7113 
vt 9.70711 -30.7106 
vt 9.70711 -30.7115 
vt 11.8438 -30.7074 
vt 11.8438 -30.7071 
vt 8.15625 -30.7074 
vt 8.15625 -30.7071 
vt 10.2929 -30.7115 
vt 11.8438 -30.5095 
vt 8.15625 -30.5095 
vt 11.8438 -30.7106 
vt 8.15625 -30.7106 
vt 10.6048 -30.7106 
vt 10.7543 -30.5095 
vt 9.39522 -30.7106 
vt 9.24567 -30.5095 
vt 9.74713 -30.1365 
vt 10.1942 -30.7375 

usemtl Union3Mtl

f 1291/1291/1291 1292/1292/1292 1293/1293/1293 
f 1292/1292/1292 1294/1294/1294 1293/1293/1293 
f 1295/1295/1295 1296/1296/1296 1297/1297/1297 
f 1296/1296/1296 1298/1298/1298 1297/1297/1297 
f 1299/1299/1299 1300/1300/1300 1301/1301/1301 
f 1300/1300/1300 1302/1302/1302 1301/1301/1301 
f 1303/1303/1303 1304/1304/1304 1305/1305/1305 
f 1306/1306/1306 1303/1303/1303 1307/1307/1307 
f 1303/1303/1303 1305/1305/1305 1307/1307/1307 
f 1308/1308/1308 1309/1309/1309 1310/1310/1310 
f 1309/1309/1309 1311/1311/1311 1310/1310/1310 
f 1312/1312/1312 1313/1313/1313 1314/1314/1314 
f 1313/1313/1313 1315/1315/1315 1314/1314/1314 
f 1316/1316/1316 1317/1317/1317 1318/1318/1318 
f 1317/1317/1317 1319/1319/1319 1318/1318/1318 
f 1320/1320/1320 1321/1321/1321 1322/1322/1322 
f 1321/1321/1321 1323/1323/1323 1322/1322/1322 
f 1321/1321/1321 1324/1324/1324 1323/1323/1323 
f 1325/1325/1325 1326/1326/1326 1327/1327/1327 
f 1326/1326/1326 1328/1328/1328 1327/1327/1327 
f 1329/1329/1329 1330/1330/1330 1323/1323/1323 
f 1330/1330/1330 1322/1322/1322 1323/1323/1323 
f 1331/1331/1331 1322/1322/1322 1330/1330/1330 
f 1330/1330/1330 1329/1329/1329 1332/1332/1332 
f 1333/1333/1333 1334/1334/1334 1335/1335/1335 
f 1334/1334/1334 1336/1336/1336 1335/1335/1335 
f 1337/1337/1337 1338/1338/1338 1339/1339/1339 
f 1338/1338/1338 1340/1340/1340 1339/1339/1339 
f 1341/1341/1341 1307/1307/1307 1342/1342/1342 
f 1307/1307/1307 1305/1305/1305 1342/1342/1342 
f 1341/1341/1341 1343/1343/1343 1307/1307/1307 
f 1344/1344/1344 1343/1343/1343 1341/1341/1341 
f 1345/1345/1345 1346/1346/1346 1347/1347/1347 
f 1348/1348/1348 1347/1347/1347 1346/1346/1346 
f 1348/1348/1348 1349/1349/1349 1347/1347/1347 
f 1350/1350/1350 1349/1349/1349 1348/1348/1348 
f 1351/1351/1351 1352/1352/1352 1353/1353/1353 
f 1352/1352/1352 1354/1354/1354 1353/1353/1353 
f 1355/1355/1355 1356/1356/1356 1357/1357/1357 
f 1356/1356/1356 1358/1358/1358 1357/1357/1357 
f 1344/1344/1344 1359/1359/1359 1360/1360/1360 
f 1332/1332/1332 1329/1329/1329 1361/1361/1361 
f 1329/1329/1329 1362/1362/1362 1361/1361/1361 
f 1362/1362/1362 1363/1363/1363 1361/1361/1361 
f 1364/1364/1364 1365/1365/1365 1366/1366/1366 
f 1365/1365/1365 1367/1367/1367 1366/1366/1366 
f 1368/1368/1368 1360/1360/1360 1359/1359/1359 
f 1369/1369/1369 1370/1370/1370 1371/1371/1371 
f 1370/1370/1370 1372/1372/1372 1371/1371/1371 
f 1373/1373/1373 1374/1374/1374 1360/1360/1360 
f 1375/1375/1375 1362/1362/1362 1376/1376/1376 
f 1362/1362/1362 1377/1377/1377 1376/1376/1376 
f 1374/1374/1374 1343/1343/1343 1360/1360/1360 
f 1343/1343/1343 1344/1344/1344 1360/1360/1360 
f 1329/1329/1329 1378/1378/1378 1362/1362/1362 
f 1378/1378/1378 1377/1377/1377 1362/1362/1362 

g Part22

v 63.9834 10.9535 -6.05863 
v 63.9834 12.0142 -4.99797 
v 63.9834 11.7116 -6.81674 
v 63.9834 12.7723 -5.75608 
v 68.9834 12.0142 -4.99797 
v 63.9834 12.0142 -4.99797 
v 68.9834 10.9535 -6.05863 
v 63.9834 10.9535 -6.05863 
v 63.9834 12.0142 -4.99797 
v 68.9834 12.0142 -4.99797 
v 63.9834 12.7723 -5.75608 
v 68.9834 12.7723 -5.75608 
v 68.9834 12.0142 -4.99797 
v 68.9834 10.9535 -6.05863 
v 68.9834 12.7723 -5.75608 
v 68.9834 11.7116 -6.81674 
v 68.9834 11.7116 -6.81674 
v 63.9834 11.7116 -6.81674 
v 68.9834 12.7723 -5.75608 
v 63.9834 12.7723 -5.75608 
v 68.9834 10.9535 -6.05863 
v 63.9834 10.9535 -6.05863 
v 68.9834 11.7116 -6.81674 
v 63.9834 11.7116 -6.81674 

vn -1 0 0 
vn -1 0 0 
vn -1 0 0 
vn -1 0 0 
vn 0 -0.708661 0.708661 
vn 0 -0.708661 0.708661 
vn 0 -0.708661 0.708661 
vn 0 -0.708661 0.708661 
vn 0 0.708661 0.708661 
vn 0 0.708661 0.708661 
vn 0 0.708661 0.708661 
vn 0 0.708661 0.708661 
vn 1 0 0 
vn 1 0 0 
vn 1 0 0 
vn 1 0 0 
vn 0 0.708661 -0.708661 
vn 0 0.708661 -0.708661 
vn 0 0.708661 -0.708661 
vn 0 0.708661 -0.708661 
vn 0 -0.708661 -0.708661 
vn 0 -0.708661 -0.708661 
vn 0 -0.708661 -0.708661 
vn 0 -0.708661 -0.708661 

vt 0.0692271 1.14453 
vt -0.118273 1.14453 
vt 0.0692271 1.01052 
vt -0.118273 1.01052 
vt 0.506727 1.14453 
vt -0.118273 1.14453 
vt 0.506727 0.957034 
vt -0.118273 0.957034 
vt 0.506727 1.14453 
vt -0.118273 1.14453 
vt 0.506727 1.01052 
vt -0.118273 1.01052 
vt 0.0692271 1.14453 
vt -0.118273 1.14453 
vt 0.0692271 1.01052 
vt -0.118273 1.01052 
vt 0.506727 1.14453 
vt -0.118273 1.14453 
vt 0.506727 0.957034 
vt -0.118273 0.957034 
vt 0.506727 1.14453 
vt -0.118273 1.14453 
vt 0.506727 1.01052 
vt -0.118273 1.01052 

usemtl Part1Mtl

f 1379/1379/1379 1380/1380/1380 1381/1381/1381 
f 1381/1381/1381 1380/1380/1380 1382/1382/1382 
f 1383/1383/1383 1384/1384/1384 1385/1385/1385 
f 1385/1385/1385 1384/1384/1384 1386/1386/1386 
f 1387/1387/1387 1388/1388/1388 1389/1389/1389 
f 1389/1389/1389 1388/1388/1388 1390/1390/1390 
f 1391/1391/1391 1392/1392/1392 1393/1393/1393 
f 1393/1393/1393 1392/1392/1392 1394/1394/1394 
f 1395/1395/1395 1396/1396/1396 1397/1397/1397 
f 1397/1397/1397 1396/1396/1396 1398/1398/1398 
f 1399/1399/1399 1400/1400/1400 1401/1401/1401 
f 1401/1401/1401 1400/1400/1400 1402/1402/1402 

g Part23

v 63.4834 10.651 -6.46319 
v 63.4834 12.4188 -4.69542 
v 63.4834 11.3581 -7.17029 
v 63.4834 13.1259 -5.40253 
v 69.4834 12.4188 -4.69542 
v 63.4834 12.4188 -4.69542 
v 69.4834 10.651 -6.46319 
v 63.4834 10.651 -6.46319 
v 63.4834 12.4188 -4.69542 
v 69.4834 12.4188 -4.69542 
v 63.4834 13.1259 -5.40253 
v 69.4834 13.1259 -5.40253 
v 69.4834 12.4188 -4.69542 
v 69.4834 10.651 -6.46319 
v 69.4834 13.1259 -5.40253 
v 69.4834 11.3581 -7.17029 
v 69.4834 11.3581 -7.17029 
v 63.4834 11.3581 -7.17029 
v 69.4834 13.1259 -5.40253 
v 63.4834 13.1259 -5.40253 
v 69.4834 10.651 -6.46319 
v 63.4834 10.651 -6.46319 
v 69.4834 11.3581 -7.17029 
v 63.4834 11.3581 -7.17029 

vn -1 0 0 
vn -1 0 0 
vn -1 0 0 
vn -1 0 0 
vn 0 -0.708661 0.708661 
vn 0 -0.708661 0.708661 
vn 0 -0.708661 0.708661 
vn 0 -0.708661 0.708661 
vn 0 0.708661 0.708661 
vn 0 0.708661 0.708661 
vn 0 0.708661 0.708661 
vn 0 0.708661 0.708661 
vn 1 0 0 
vn 1 0 0 
vn 1 0 0 
vn 1 0 0 
vn 0 0.708661 -0.708661 
vn 0 0.708661 -0.708661 
vn 0 0.708661 -0.708661 
vn 0 0.708661 -0.708661 
vn 0 -0.708661 -0.708661 
vn 0 -0.708661 -0.708661 
vn 0 -0.708661 -0.708661 
vn 0 -0.708661 -0.708661 

vt 3.5625 0 
vt 3.25 0 
vt 3.5625 -0.125 
vt 3.25 -0.125 
vt 4 0 
vt 3.25 0 
vt 4 -0.3125 
vt 3.25 -0.3125 
vt 4 0 
vt 3.25 0 
vt 4 -0.125 
vt 3.25 -0.125 
vt 3.5625 0 
vt 3.25 0 
vt 3.5625 -0.125 
vt 3.25 -0.125 
vt 4 0 
vt 3.25 0 
vt 4 -0.3125 
vt 3.25 -0.3125 
vt 4 0 
vt 3.25 0 
vt 4 -0.125 
vt 3.25 -0.125 

usemtl Union1Mtl

f 1403/1403/1403 1404/1404/1404 1405/1405/1405 
f 1405/1405/1405 1404/1404/1404 1406/1406/1406 
f 1407/1407/1407 1408/1408/1408 1409/1409/1409 
f 1409/1409/1409 1408/1408/1408 1410/1410/1410 
f 1411/1411/1411 1412/1412/1412 1413/1413/1413 
f 1413/1413/1413 1412/1412/1412 1414/1414/1414 
f 1415/1415/1415 1416/1416/1416 1417/1417/1417 
f 1417/1417/1417 1416/1416/1416 1418/1418/1418 
f 1419/1419/1419 1420/1420/1420 1421/1421/1421 
f 1421/1421/1421 1420/1420/1420 1422/1422/1422 
f 1423/1423/1423 1424/1424/1424 1425/1425/1425 
f 1425/1425/1425 1424/1424/1424 1426/1426/1426 

g Part24

v 62.9834 10.651 -7.17029 
v 62.9834 13.1259 -4.69542 
v 62.9834 11.7116 -8.23095 
v 62.9834 14.1865 -5.75608 
v 69.9834 13.1259 -4.69542 
v 62.9834 13.1259 -4.69542 
v 69.9834 10.651 -7.17029 
v 62.9834 10.651 -7.17029 
v 62.9834 13.1259 -4.69542 
v 69.9834 13.1259 -4.69542 
v 62.9834 14.1865 -5.75608 
v 69.9834 14.1865 -5.75608 
v 69.9834 13.1259 -4.69542 
v 69.9834 10.651 -7.17029 
v 69.9834 14.1865 -5.75608 
v 69.9834 11.7116 -8.23095 
v 69.9834 11.7116 -8.23095 
v 62.9834 11.7116 -8.23095 
v 69.9834 14.1865 -5.75608 
v 62.9834 14.1865 -5.75608 
v 69.9834 10.651 -7.17029 
v 62.9834 10.651 -7.17029 
v 69.9834 11.7116 -8.23095 
v 62.9834 11.7116 -8.23095 

vn -1 0 0 
vn -1 0 0 
vn -1 0 0 
vn -1 0 0 
vn 0 -0.708661 0.708661 
vn 0 -0.708661 0.708661 
vn 0 -0.708661 0.708661 
vn 0 -0.708661 0.708661 
vn 0 0.708661 0.708661 
vn 0 0.708661 0.708661 
vn 0 0.708661 0.708661 
vn 0 0.708661 0.708661 
vn 1 0 0 
vn 1 0 0 
vn 1 0 0 
vn 1 0 0 
vn 0 0.708661 -0.708661 
vn 0 0.708661 -0.708661 
vn 0 0.708661 -0.708661 
vn 0 0.708661 -0.708661 
vn 0 -0.708661 -0.708661 
vn 0 -0.708661 -0.708661 
vn 0 -0.708661 -0.708661 
vn 0 -0.708661 -0.708661 

vt 2.9375 -2 
vt 2.5 -2 
vt 2.9375 -2.1875 
vt 2.5 -2.1875 
vt 3.375 -2 
vt 2.5 -2 
vt 3.375 -2.4375 
vt 2.5 -2.4375 
vt 3.375 -2 
vt 2.5 -2 
vt 3.375 -2.1875 
vt 2.5 -2.1875 
vt 2.9375 -2 
vt 2.5 -2 
vt 2.9375 -2.1875 
vt 2.5 -2.1875 
vt 3.375 -2 
vt 2.5 -2 
vt 3.375 -2.4375 
vt 2.5 -2.4375 
vt 3.375 -2 
vt 2.5 -2 
vt 3.375 -2.1875 
vt 2.5 -2.1875 

usemtl Part3Mtl

f 1427/1427/1427 1428/1428/1428 1429/1429/1429 
f 1429/1429/1429 1428/1428/1428 1430/1430/1430 
f 1431/1431/1431 1432/1432/1432 1433/1433/1433 
f 1433/1433/1433 1432/1432/1432 1434/1434/1434 
f 1435/1435/1435 1436/1436/1436 1437/1437/1437 
f 1437/1437/1437 1436/1436/1436 1438/1438/1438 
f 1439/1439/1439 1440/1440/1440 1441/1441/1441 
f 1441/1441/1441 1440/1440/1440 1442/1442/1442 
f 1443/1443/1443 1444/1444/1444 1445/1445/1445 
f 1445/1445/1445 1444/1444/1444 1446/1446/1446 
f 1447/1447/1447 1448/1448/1448 1449/1449/1449 
f 1449/1449/1449 1448/1448/1448 1450/1450/1450 

g Part25

v 81.4834 1.93664 -10.0109 
v 81.4834 1.93664 -5.01091 
v 81.4834 0.936643 -10.0109 
v 81.4834 0.936643 -5.01091 
v 51.9834 1.93664 -5.01091 
v 81.4834 1.93664 -5.01091 
v 51.9834 1.93664 -10.0109 
v 81.4834 1.93664 -10.0109 
v 81.4834 1.93664 -5.01091 
v 51.9834 1.93664 -5.01091 
v 81.4834 0.936643 -5.01091 
v 51.9834 0.936643 -5.01091 
v 51.9834 1.93664 -5.01091 
v 51.9834 1.93664 -10.0109 
v 51.9834 0.936643 -5.01091 
v 51.9834 0.936643 -10.0109 
v 51.9834 0.936643 -10.0109 
v 81.4834 0.936643 -10.0109 
v 51.9834 0.936643 -5.01091 
v 81.4834 0.936643 -5.01091 
v 51.9834 1.93664 -10.0109 
v 81.4834 1.93664 -10.0109 
v 51.9834 0.936643 -10.0109 
v 81.4834 0.936643 -10.0109 

vn 1 0 0 
vn 1 0 0 
vn 1 0 0 
vn 1 0 0 
vn 0 1 0 
vn 0 1 0 
vn 0 1 0 
vn 0 1 0 
vn 0 0 1 
vn 0 0 1 
vn 0 0 1 
vn 0 0 1 
vn -1 0 0 
vn -1 0 0 
vn -1 0 0 
vn -1 0 0 
vn 0 -1 0 
vn 0 -1 0 
vn 0 -1 0 
vn 0 -1 0 
vn 0 0 -1 
vn 0 0 -1 
vn 0 0 -1 
vn 0 0 -1 

vt 3.625 -5.25 
vt 3 -5.25 
vt 3.625 -5.375 
vt 3 -5.375 
vt 6.6875 -5.25 
vt 3 -5.25 
vt 6.6875 -5.875 
vt 3 -5.875 
vt 6.6875 -5.25 
vt 3 -5.25 
vt 6.6875 -5.375 
vt 3 -5.375 
vt 3.625 -5.25 
vt 3 -5.25 
vt 3.625 -5.375 
vt 3 -5.375 
vt 6.6875 -5.25 
vt 3 -5.25 
vt 6.6875 -5.875 
vt 3 -5.875 
vt 6.6875 -5.25 
vt 3 -5.25 
vt 6.6875 -5.375 
vt 3 -5.375 

usemtl Part3Mtl

f 1451/1451/1451 1452/1452/1452 1453/1453/1453 
f 1453/1453/1453 1452/1452/1452 1454/1454/1454 
f 1455/1455/1455 1456/1456/1456 1457/1457/1457 
f 1457/1457/1457 1456/1456/1456 1458/1458/1458 
f 1459/1459/1459 1460/1460/1460 1461/1461/1461 
f 1461/1461/1461 1460/1460/1460 1462/1462/1462 
f 1463/1463/1463 1464/1464/1464 1465/1465/1465 
f 1465/1465/1465 1464/1464/1464 1466/1466/1466 
f 1467/1467/1467 1468/1468/1468 1469/1469/1469 
f 1469/1469/1469 1468/1468/1468 1470/1470/1470 
f 1471/1471/1471 1472/1472/1472 1473/1473/1473 
f 1473/1473/1473 1472/1472/1472 1474/1474/1474 

g Part26

v 81.4834 16.4367 -10.0109 
v 81.4834 16.4367 -5.01091 
v 81.4834 15.4367 -10.0109 
v 81.4834 15.4367 -5.01091 
v 51.9834 16.4367 -5.01091 
v 81.4834 16.4367 -5.01091 
v 51.9834 16.4367 -10.0109 
v 81.4834 16.4367 -10.0109 
v 81.4834 16.4367 -5.01091 
v 51.9834 16.4367 -5.01091 
v 81.4834 15.4367 -5.01091 
v 51.9834 15.4367 -5.01091 
v 51.9834 16.4367 -5.01091 
v 51.9834 16.4367 -10.0109 
v 51.9834 15.4367 -5.01091 
v 51.9834 15.4367 -10.0109 
v 51.9834 15.4367 -10.0109 
v 81.4834 15.4367 -10.0109 
v 51.9834 15.4367 -5.01091 
v 81.4834 15.4367 -5.01091 
v 51.9834 16.4367 -10.0109 
v 81.4834 16.4367 -10.0109 
v 51.9834 15.4367 -10.0109 
v 81.4834 15.4367 -10.0109 

vn 1 0 0 
vn 1 0 0 
vn 1 0 0 
vn 1 0 0 
vn 0 1 0 
vn 0 1 0 
vn 0 1 0 
vn 0 1 0 
vn 0 0 1 
vn 0 0 1 
vn 0 0 1 
vn 0 0 1 
vn -1 0 0 
vn -1 0 0 
vn -1 0 0 
vn -1 0 0 
vn 0 -1 0 
vn 0 -1 0 
vn 0 -1 0 
vn 0 -1 0 
vn 0 0 -1 
vn 0 0 -1 
vn 0 0 -1 
vn 0 0 -1 

vt 3.625 0.5 
vt 3 0.5 
vt 3.625 0.375 
vt 3 0.375 
vt 6.6875 0.5 
vt 3 0.5 
vt 6.6875 -0.125 
vt 3 -0.125 
vt 6.6875 0.5 
vt 3 0.5 
vt 6.6875 0.375 
vt 3 0.375 
vt 3.625 0.5 
vt 3 0.5 
vt 3.625 0.375 
vt 3 0.375 
vt 6.6875 0.5 
vt 3 0.5 
vt 6.6875 -0.125 
vt 3 -0.125 
vt 6.6875 0.5 
vt 3 0.5 
vt 6.6875 0.375 
vt 3 0.375 

usemtl Part3Mtl

f 1475/1475/1475 1476/1476/1476 1477/1477/1477 
f 1477/1477/1477 1476/1476/1476 1478/1478/1478 
f 1479/1479/1479 1480/1480/1480 1481/1481/1481 
f 1481/1481/1481 1480/1480/1480 1482/1482/1482 
f 1483/1483/1483 1484/1484/1484 1485/1485/1485 
f 1485/1485/1485 1484/1484/1484 1486/1486/1486 
f 1487/1487/1487 1488/1488/1488 1489/1489/1489 
f 1489/1489/1489 1488/1488/1488 1490/1490/1490 
f 1491/1491/1491 1492/1492/1492 1493/1493/1493 
f 1493/1493/1493 1492/1492/1492 1494/1494/1494 
f 1495/1495/1495 1496/1496/1496 1497/1497/1497 
f 1497/1497/1497 1496/1496/1496 1498/1498/1498 

g Union8

v 71.9836 13.4316 -4.51118 
v 71.9836 16.4369 -10.0112 
v 71.9836 11.9424 -6.51313 
v 71.9836 11.9424 -6.51313 
v 76.4836 11.9424 -6.51313 
v 71.9836 13.4316 -4.51118 
v 76.4836 13.4316 -4.51118 
v 71.9836 13.4316 -4.51118 
v 76.4836 13.4316 -4.51118 
v 71.9836 16.4369 -4.51118 
v 76.4836 16.4369 -4.51118 
v 76.4836 13.4316 -4.51118 
v 76.4836 11.9424 -6.51313 
v 76.4836 16.4369 -4.51118 
v 76.4836 16.4369 -10.0112 
v 71.9836 16.4369 -10.0112 
v 71.9836 16.4369 -4.51118 
v 76.4836 16.4369 -10.0112 
v 76.4836 16.4369 -4.51118 
v 71.9836 16.4369 -4.51118 
v 76.4836 0.43685 -10.0112 
v 76.4836 0.43685 -4.51118 
v 71.9836 0.43685 -10.0112 
v 71.9836 0.43685 -4.51118 
v 71.9836 0.43685 -10.0112 
v 71.9836 9.44347 -10.0112 
v 76.4836 0.43685 -10.0112 
v 71.9836 16.4369 -10.0112 
v 76.4836 16.4369 -10.0112 
v 76.4836 0.43685 -10.0112 
v 71.9836 0.43685 -4.51118 
v 76.4836 0.43685 -4.51118 
v 71.9836 3.88454 -4.51118 
v 76.4836 3.88454 -4.51118 
v 71.9836 0.43685 -4.51118 
v 71.9836 3.88454 -4.51118 
v 71.9836 0.43685 -10.0112 
v 71.9836 9.44347 -10.0112 
v 56.9836 13.4316 -4.51118 
v 56.9836 16.4365 -10.0112 
v 56.9836 11.9424 -6.51313 
v 56.9836 11.9424 -6.51313 
v 61.4836 11.9424 -6.51313 
v 56.9836 13.4316 -4.51118 
v 61.4836 13.4316 -4.51118 
v 61.4836 13.4316 -4.51118 
v 61.4836 16.4365 -4.51118 
v 56.9836 13.4316 -4.51118 
v 56.9836 16.4365 -4.51118 
v 61.4836 13.4316 -4.51118 
v 61.4836 11.9424 -6.51313 
v 61.4836 16.4365 -4.51118 
v 61.4836 16.4365 -10.0112 
v 56.9836 16.4365 -10.0112 
v 56.9836 16.4365 -4.51118 
v 61.4836 16.4365 -10.0112 
v 61.4836 16.4365 -4.51118 
v 56.9836 16.4365 -4.51118 
v 61.4836 0.436544 -10.0112 
v 61.4836 0.436544 -4.51118 
v 56.9836 0.436544 -10.0112 
v 56.9836 0.436544 -4.51118 
v 56.9836 0.436544 -10.0112 
v 56.9836 9.44347 -10.0112 
v 61.4836 0.436544 -10.0112 
v 56.9836 16.4365 -10.0112 
v 61.4836 16.4365 -10.0112 
v 61.4836 0.436544 -10.0112 
v 61.4836 3.88454 -4.51118 
v 56.9836 3.88454 -4.51118 
v 61.4836 0.436544 -4.51118 
v 56.9836 0.436544 -4.51118 
v 56.9836 0.436544 -4.51118 
v 56.9836 3.88454 -4.51118 
v 56.9836 0.436544 -10.0112 
v 56.9836 9.44347 -10.0112 
v 56.9836 11.9365 -6.51118 
v 61.4836 11.9365 -6.51118 
v 56.9836 11.9365 -6.50875 
v 61.4836 11.9365 -6.50875 
v 61.4836 11.9365 -6.51118 
v 56.9836 11.9365 -6.51118 
v 61.4836 5.974 -6.51118 
v 56.9836 5.974 -6.51118 
v 76.4836 11.9365 -6.51118 
v 71.9836 11.9365 -6.51118 
v 76.4836 5.974 -6.51118 
v 71.9836 5.974 -6.51118 
v 71.9836 11.9365 -6.51118 
v 76.4836 11.9365 -6.51118 
v 71.9836 11.9365 -6.50875 
v 76.4836 11.9365 -6.50875 
v 71.9836 5.93653 -6.51118 
v 76.4836 5.93653 -6.51118 
v 71.9836 5.95272 -6.51118 
v 76.4836 5.95272 -6.51118 
v 76.4836 5.93653 -6.51118 
v 71.9836 5.93653 -6.51118 
v 76.4836 5.93653 -6.49553 
v 71.9836 5.93653 -6.49553 
v 56.9836 5.93653 -6.51118 
v 61.4836 5.93653 -6.51118 
v 56.9836 5.95272 -6.51118 
v 61.4836 5.95272 -6.51118 
v 61.4836 5.93653 -6.51118 
v 56.9836 5.93653 -6.51118 
v 61.4836 5.93653 -6.49553 
v 56.9836 5.93653 -6.49553 
v 56.9836 5.974 -6.51118 
v 56.9836 5.96372 -6.52182 
v 61.4836 5.974 -6.51118 
v 61.4836 5.96372 -6.52182 
v 61.4836 5.96372 -6.52182 
v 56.9836 5.96372 -6.52182 
v 61.4836 5.95272 -6.51118 
v 56.9836 5.95272 -6.51118 
v 76.4836 5.96372 -6.52182 
v 71.9836 5.96372 -6.52182 
v 76.4836 5.95272 -6.51118 
v 71.9836 5.95272 -6.51118 
v 71.9836 5.974 -6.51118 
v 71.9836 5.96372 -6.52182 
v 76.4836 5.974 -6.51118 
v 76.4836 5.96372 -6.52182 
v 76.4836 5.95272 -6.51118 
v 76.4836 5.93653 -6.51118 
v 76.4836 5.96372 -6.52182 
v 71.9836 5.93653 -6.51118 
v 71.9836 5.96372 -6.52182 
v 71.9836 5.95272 -6.51118 
v 61.4836 5.96372 -6.52182 
v 61.4836 5.93653 -6.51118 
v 61.4836 5.95272 -6.51118 
v 56.9836 5.93653 -6.51118 
v 56.9836 5.96372 -6.52182 
v 56.9836 5.95272 -6.51118 
v 56.9836 11.9365 -6.51118 
v 56.9836 11.9365 -6.50875 
v 56.9836 11.9365 -6.50875 
v 61.4836 11.9365 -6.50875 
v 56.9836 11.9424 -6.51313 
v 61.4836 11.9424 -6.51313 
v 71.9836 11.9424 -6.51313 
v 71.9836 11.9365 -6.50875 
v 76.4836 11.9424 -6.51313 
v 76.4836 11.9365 -6.50875 
v 61.4836 5.93653 -6.49553 
v 56.9836 5.93653 -6.49553 
v 61.4836 3.88454 -4.51118 
v 56.9836 5.93257 -6.4917 
v 56.9836 3.88454 -4.51118 
v 76.4836 5.93653 -6.49553 
v 71.9836 5.93653 -6.49553 
v 76.4836 3.88454 -4.51118 
v 71.9836 5.93257 -6.4917 
v 71.9836 3.88454 -4.51118 
v 76.4836 5.93653 -6.49553 
v 76.4836 3.88454 -4.51118 
v 71.9836 5.93653 -6.49553 
v 71.9836 5.93257 -6.4917 
v 61.4836 5.93653 -6.49553 
v 61.4836 3.88454 -4.51118 
v 56.9836 5.93653 -6.49553 
v 56.9836 5.93257 -6.4917 
v 71.9836 5.974 -6.51118 
v 71.9836 11.9365 -6.51118 
v 61.4836 5.974 -6.51118 
v 76.4836 5.974 -6.51118 
v 61.4836 11.9365 -6.51118 
v 61.4836 11.9365 -6.50875 
v 71.9836 11.9365 -6.50875 
v 76.4836 11.9365 -6.51118 
v 76.4836 11.9365 -6.50875 
v 56.9836 5.974 -6.51118 
v 76.4836 0.43685 -4.51118 
v 61.4836 0.436544 -4.51118 

vn -1 0 0 
vn -1 0 0 
vn -1 0 0 
vn 0 -0.80315 0.598425 
vn 0 -0.80315 0.598425 
vn 0 -0.80315 0.598425 
vn 0 -0.80315 0.598425 
vn 0 0 1 
vn 0 0 1 
vn 0 0 1 
vn 0 0 1 
vn 1 0 0 
vn 1 0 0 
vn 1 0 0 
vn 1 0 0 
vn 0 1 0 
vn 0 1 0 
vn 0 1 0 
vn 0 1 0 
vn -1 0 0 
vn 0 -1 0 
vn 0 -1 0 
vn 0 -1 0 
vn 0 -1 0 
vn 0 0 -1 
vn 0 0 -1 
vn 0 0 -1 
vn 0 0 -1 
vn 0 0 -1 
vn 1 0 0 
vn 0 0 1 
vn 0 0 1 
vn 0 0 1 
vn 0 0 1 
vn -1 0 0 
vn -1 0 0 
vn -1 0 0 
vn -1 0 0 
vn -1 0 0 
vn -1 0 0 
vn -1 0 0 
vn 0 -0.80315 0.598425 
vn 0 -0.80315 0.598425 
vn 0 -0.80315 0.598425 
vn 0 -0.80315 0.598425 
vn 0 0 1 
vn 0 0 1 
vn 0 0 1 
vn 0 0 1 
vn 1 0 0 
vn 1 0 0 
vn 1 0 0 
vn 1 0 0 
vn 0 1 0 
vn 0 1 0 
vn 0 1 0 
vn 0 1 0 
vn -1 0 0 
vn 0 -1 0 
vn 0 -1 0 
vn 0 -1 0 
vn 0 -1 0 
vn 0 0 -1 
vn 0 0 -1 
vn 0 0 -1 
vn 0 0 -1 
vn 0 0 -1 
vn 1 0 0 
vn 0 0 1 
vn 0 0 1 
vn 0 0 1 
vn 0 0 1 
vn -1 0 0 
vn -1 0 0 
vn -1 0 0 
vn -1 0 0 
vn 0 -1 0 
vn 0 -1 0 
vn 0 -1 0 
vn 0 -1 0 
vn 0 0 1 
vn 0 0 1 
vn 0 0 1 
vn 0 0 1 
vn 0 0 1 
vn 0 0 1 
vn 0 0 1 
vn 0 0 1 
vn 0 -1 0 
vn 0 -1 0 
vn 0 -1 0 
vn 0 -1 0 
vn 0 0 1 
vn 0 0 1 
vn 0 0 1 
vn 0 0 1 
vn 0 1 0 
vn 0 1 0 
vn 0 1 0 
vn 0 1 0 
vn 0 0 1 
vn 0 0 1 
vn 0 0 1 
vn 0 0 1 
vn 0 1 0 
vn 0 1 0 
vn 0 1 0 
vn 0 1 0 
vn 0 -0.716535 0.692913 
vn 0 -0.716535 0.692913 
vn 0 -0.716535 0.692913 
vn 0 -0.716535 0.692913 
vn 0 0.692913 0.716535 
vn 0 0.692913 0.716535 
vn 0 0.692913 0.716535 
vn 0 0.692913 0.716535 
vn 0 0.692913 0.716535 
vn 0 0.692913 0.716535 
vn 0 0.692913 0.716535 
vn 0 0.692913 0.716535 
vn 0 -0.716535 0.692913 
vn 0 -0.716535 0.692913 
vn 0 -0.716535 0.692913 
vn 0 -0.716535 0.692913 
vn 1 0 0 
vn 1 0 0 
vn 1 0 0 
vn -1 0 0 
vn -1 0 0 
vn -1 0 0 
vn 1 0 0 
vn 1 0 0 
vn 1 0 0 
vn -1 0 0 
vn -1 0 0 
vn -1 0 0 
vn -1 0 0 
vn -1 0 0 
vn 0 0.598425 0.80315 
vn 0 0.598425 0.80315 
vn 0 0.598425 0.80315 
vn 0 0.598425 0.80315 
vn 0 0.598425 0.80315 
vn 0 0.598425 0.80315 
vn 0 0.598425 0.80315 
vn 0 0.598425 0.80315 
vn 0 0.692913 0.716535 
vn 0 0.692913 0.716535 
vn 0 0.692913 0.716535 
vn 0 0.692913 0.716535 
vn 0 0.692913 0.716535 
vn 0 0.692913 0.716535 
vn 0 0.692913 0.716535 
vn 0 0.692913 0.716535 
vn 0 0.692913 0.716535 
vn 0 0.692913 0.716535 
vn 1 0 0 
vn 1 0 0 
vn -1 0 0 
vn -1 0 0 
vn 1 0 0 
vn 1 0 0 
vn -1 0 0 
vn -1 0 0 
vn -1 0 0 
vn -1 0 0 
vn 1 0 0 
vn 1 0 0 
vn 1 0 0 
vn 1 0 0 
vn -1 0 0 
vn 1 0 0 
vn 1 0 0 
vn -1 0 0 
vn 1 0 0 
vn 1 0 0 

vt 12.3438 -54.3756 
vt 11.6562 -54 
vt 12.0935 -54.5618 
vt 12.6562 -54.9065 
vt 13.2188 -54.9065 
vt 12.6562 -54.6562 
vt 13.2188 -54.6562 
vt 12.6562 -54.3756 
vt 13.2188 -54.3756 
vt 12.6562 -54 
vt 13.2188 -54 
vt 11.6562 -54.3756 
vt 11.9065 -54.5618 
vt 11.6562 -54 
vt 12.3438 -54 
vt 11.3438 -55.3438 
vt 11.3438 -54.6562 
vt 10.7812 -55.3438 
vt 10.7812 -54.6562 
vt 12.3438 -54 
vt 13.2188 -55.3438 
vt 13.2188 -54.6562 
vt 12.6562 -55.3438 
vt 12.6562 -54.6562 
vt 11.3438 -56 
vt 11.3438 -54.8742 
vt 10.7812 -56 
vt 11.3438 -54 
vt 10.7812 -54 
vt 12.3438 -56 
vt 12.6562 -56 
vt 13.2188 -56 
vt 12.6562 -55.569 
vt 13.2188 -55.569 
vt 12.3438 -56 
vt 12.3438 -55.569 
vt 11.6562 -56 
vt 11.6562 -54.8742 
vt 12.3438 -54.3756 
vt 11.6562 -54 
vt 12.0935 -54.5618 
vt 10.7812 -54.9065 
vt 11.3438 -54.9065 
vt 10.7812 -54.6562 
vt 11.3438 -54.6562 
vt 11.3438 -54.3756 
vt 11.3438 -54 
vt 10.7812 -54.3756 
vt 10.7812 -54 
vt 11.6562 -54.3756 
vt 11.9065 -54.5618 
vt 11.6562 -54 
vt 12.3438 -54 
vt 13.2188 -55.3438 
vt 13.2188 -54.6562 
vt 12.6562 -55.3438 
vt 12.6562 -54.6562 
vt 12.3438 -54 
vt 11.3438 -55.3438 
vt 11.3438 -54.6562 
vt 10.7812 -55.3438 
vt 10.7812 -54.6562 
vt 13.2188 -56 
vt 13.2188 -54.8742 
vt 12.6562 -56 
vt 13.2188 -54 
vt 12.6562 -54 
vt 12.3438 -56 
vt 11.3438 -55.569 
vt 10.7812 -55.569 
vt 11.3438 -56 
vt 10.7812 -56 
vt 12.3438 -56 
vt 12.3438 -55.569 
vt 11.6562 -56 
vt 11.6562 -54.8742 
vt 10.7812 -54.9062 
vt 11.3438 -54.9062 
vt 10.7812 -54.9059 
vt 11.3438 -54.9059 
vt 11.3438 -54.5625 
vt 10.7812 -54.5625 
vt 11.3438 -55.3078 
vt 10.7812 -55.3078 
vt 13.2188 -54.5625 
vt 12.6562 -54.5625 
vt 13.2188 -55.3078 
vt 12.6562 -55.3078 
vt 12.6562 -54.9062 
vt 13.2188 -54.9062 
vt 12.6562 -54.9059 
vt 13.2188 -54.9059 
vt 12.6562 -55.3125 
vt 13.2188 -55.3125 
vt 12.6562 -55.3105 
vt 13.2188 -55.3105 
vt 10.7812 -54.9062 
vt 11.3438 -54.9062 
vt 10.7812 -54.9043 
vt 11.3438 -54.9043 
vt 10.7812 -55.3125 
vt 11.3438 -55.3125 
vt 10.7812 -55.3105 
vt 11.3438 -55.3105 
vt 12.6562 -54.9062 
vt 13.2188 -54.9062 
vt 12.6562 -54.9043 
vt 13.2188 -54.9043 
vt 10.7812 -54.9062 
vt 10.7812 -54.9076 
vt 11.3438 -54.9062 
vt 11.3438 -54.9076 
vt 11.3438 -55.3091 
vt 10.7812 -55.3091 
vt 11.3438 -55.3105 
vt 10.7812 -55.3105 
vt 13.2188 -55.3091 
vt 12.6562 -55.3091 
vt 13.2188 -55.3105 
vt 12.6562 -55.3105 
vt 12.6562 -54.9062 
vt 12.6562 -54.9076 
vt 13.2188 -54.9062 
vt 13.2188 -54.9076 
vt 11.9062 -55.3105 
vt 11.9062 -55.3125 
vt 11.9076 -55.3091 
vt 12.0938 -55.3125 
vt 12.0924 -55.3091 
vt 12.0938 -55.3105 
vt 11.9076 -55.3091 
vt 11.9062 -55.3125 
vt 11.9062 -55.3105 
vt 12.0938 -55.3125 
vt 12.0924 -55.3091 
vt 12.0938 -55.3105 
vt 12.0938 -54.5625 
vt 12.0941 -54.5625 
vt 10.7812 -54.5625 
vt 11.3438 -54.5625 
vt 10.7812 -54.5618 
vt 11.3438 -54.5618 
vt 12.6562 -54.5618 
vt 12.6562 -54.5625 
vt 13.2188 -54.5618 
vt 13.2188 -54.5625 
vt 11.3438 -55.3125 
vt 10.7812 -55.3125 
vt 11.3438 -55.569 
vt 10.7812 -55.313 
vt 10.7812 -55.569 
vt 13.2188 -55.3125 
vt 12.6562 -55.3125 
vt 13.2188 -55.569 
vt 12.6562 -55.313 
vt 12.6562 -55.569 
vt 11.9043 -55.3125 
vt 11.6562 -55.569 
vt 12.0957 -55.3125 
vt 12.0962 -55.313 
vt 11.9043 -55.3125 
vt 11.6562 -55.569 
vt 12.0957 -55.3125 
vt 12.0962 -55.313 
vt 12.0938 -55.3078 
vt 12.0938 -54.5625 
vt 11.9062 -55.3078 
vt 11.9062 -55.3078 
vt 11.9062 -54.5625 
vt 11.9059 -54.5625 
vt 12.0941 -54.5625 
vt 11.9062 -54.5625 
vt 11.9059 -54.5625 
vt 12.0938 -55.3078 
vt 11.6562 -56 
vt 11.6562 -56 

usemtl Part3Mtl

f 1499/1499/1499 1500/1500/1500 1501/1501/1501 
f 1502/1502/1502 1503/1503/1503 1504/1504/1504 
f 1503/1503/1503 1505/1505/1505 1504/1504/1504 
f 1506/1506/1506 1507/1507/1507 1508/1508/1508 
f 1507/1507/1507 1509/1509/1509 1508/1508/1508 
f 1510/1510/1510 1511/1511/1511 1512/1512/1512 
f 1511/1511/1511 1513/1513/1513 1512/1512/1512 
f 1514/1514/1514 1515/1515/1515 1516/1516/1516 
f 1515/1515/1515 1517/1517/1517 1516/1516/1516 
f 1499/1499/1499 1518/1518/1518 1500/1500/1500 
f 1519/1519/1519 1520/1520/1520 1521/1521/1521 
f 1520/1520/1520 1522/1522/1522 1521/1521/1521 
f 1523/1523/1523 1524/1524/1524 1525/1525/1525 
f 1524/1524/1524 1526/1526/1526 1525/1525/1525 
f 1527/1527/1527 1525/1525/1525 1526/1526/1526 
f 1511/1511/1511 1528/1528/1528 1513/1513/1513 
f 1529/1529/1529 1530/1530/1530 1531/1531/1531 
f 1530/1530/1530 1532/1532/1532 1531/1531/1531 
f 1533/1533/1533 1534/1534/1534 1535/1535/1535 
f 1500/1500/1500 1536/1536/1536 1535/1535/1535 
f 1537/1537/1537 1538/1538/1538 1539/1539/1539 
f 1540/1540/1540 1541/1541/1541 1542/1542/1542 
f 1541/1541/1541 1543/1543/1543 1542/1542/1542 
f 1544/1544/1544 1545/1545/1545 1546/1546/1546 
f 1547/1547/1547 1546/1546/1546 1545/1545/1545 
f 1548/1548/1548 1549/1549/1549 1550/1550/1550 
f 1549/1549/1549 1551/1551/1551 1550/1550/1550 
f 1552/1552/1552 1553/1553/1553 1554/1554/1554 
f 1553/1553/1553 1555/1555/1555 1554/1554/1554 
f 1537/1537/1537 1556/1556/1556 1538/1538/1538 
f 1557/1557/1557 1558/1558/1558 1559/1559/1559 
f 1558/1558/1558 1560/1560/1560 1559/1559/1559 
f 1561/1561/1561 1562/1562/1562 1563/1563/1563 
f 1562/1562/1562 1564/1564/1564 1563/1563/1563 
f 1565/1565/1565 1563/1563/1563 1564/1564/1564 
f 1549/1549/1549 1566/1566/1566 1551/1551/1551 
f 1567/1567/1567 1568/1568/1568 1569/1569/1569 
f 1568/1568/1568 1570/1570/1570 1569/1569/1569 
f 1571/1571/1571 1572/1572/1572 1573/1573/1573 
f 1538/1538/1538 1574/1574/1574 1573/1573/1573 
f 1575/1575/1575 1576/1576/1576 1577/1577/1577 
f 1576/1576/1576 1578/1578/1578 1577/1577/1577 
f 1579/1579/1579 1580/1580/1580 1581/1581/1581 
f 1580/1580/1580 1582/1582/1582 1581/1581/1581 
f 1583/1583/1583 1584/1584/1584 1585/1585/1585 
f 1584/1584/1584 1586/1586/1586 1585/1585/1585 
f 1587/1587/1587 1588/1588/1588 1589/1589/1589 
f 1588/1588/1588 1590/1590/1590 1589/1589/1589 
f 1591/1591/1591 1592/1592/1592 1593/1593/1593 
f 1592/1592/1592 1594/1594/1594 1593/1593/1593 
f 1595/1595/1595 1596/1596/1596 1597/1597/1597 
f 1596/1596/1596 1598/1598/1598 1597/1597/1597 
f 1599/1599/1599 1600/1600/1600 1601/1601/1601 
f 1600/1600/1600 1602/1602/1602 1601/1601/1601 
f 1603/1603/1603 1604/1604/1604 1605/1605/1605 
f 1604/1604/1604 1606/1606/1606 1605/1605/1605 
f 1607/1607/1607 1608/1608/1608 1609/1609/1609 
f 1608/1608/1608 1610/1610/1610 1609/1609/1609 
f 1611/1611/1611 1612/1612/1612 1613/1613/1613 
f 1612/1612/1612 1614/1614/1614 1613/1613/1613 
f 1615/1615/1615 1616/1616/1616 1617/1617/1617 
f 1616/1616/1616 1618/1618/1618 1617/1617/1617 
f 1619/1619/1619 1620/1620/1620 1621/1621/1621 
f 1620/1620/1620 1622/1622/1622 1621/1621/1621 
f 1623/1623/1623 1624/1624/1624 1625/1625/1625 
f 1624/1624/1624 1528/1528/1528 1625/1625/1625 
f 1528/1528/1528 1511/1511/1511 1625/1625/1625 
f 1626/1626/1626 1627/1627/1627 1535/1535/1535 
f 1628/1628/1628 1627/1627/1627 1626/1626/1626 
f 1566/1566/1566 1629/1629/1629 1630/1630/1630 
f 1631/1631/1631 1630/1630/1630 1629/1629/1629 
f 1632/1632/1632 1633/1633/1633 1573/1573/1573 
f 1634/1634/1634 1633/1633/1633 1632/1632/1632 
f 1635/1635/1635 1636/1636/1636 1539/1539/1539 
f 1637/1637/1637 1638/1638/1638 1639/1639/1639 
f 1638/1638/1638 1640/1640/1640 1639/1639/1639 
f 1641/1641/1641 1642/1642/1642 1643/1643/1643 
f 1642/1642/1642 1644/1644/1644 1643/1643/1643 
f 1645/1645/1645 1646/1646/1646 1647/1647/1647 
f 1646/1646/1646 1648/1648/1648 1647/1647/1647 
f 1648/1648/1648 1649/1649/1649 1647/1647/1647 
f 1650/1650/1650 1651/1651/1651 1652/1652/1652 
f 1651/1651/1651 1653/1653/1653 1652/1652/1652 
f 1653/1653/1653 1654/1654/1654 1652/1652/1652 
f 1655/1655/1655 1656/1656/1656 1624/1624/1624 
f 1626/1626/1626 1535/1535/1535 1657/1657/1657 
f 1535/1535/1535 1658/1658/1658 1657/1657/1657 
f 1659/1659/1659 1660/1660/1660 1630/1630/1630 
f 1632/1632/1632 1573/1573/1573 1661/1661/1661 
f 1573/1573/1573 1662/1662/1662 1661/1661/1661 
f 1663/1663/1663 1664/1664/1664 1627/1627/1627 
f 1664/1664/1664 1500/1500/1500 1627/1627/1627 
f 1500/1500/1500 1535/1535/1535 1627/1627/1627 
f 1665/1665/1665 1629/1629/1629 1549/1549/1549 
f 1629/1629/1629 1566/1566/1566 1549/1549/1549 
f 1511/1511/1511 1666/1666/1666 1625/1625/1625 
f 1665/1665/1665 1549/1549/1549 1667/1667/1667 
f 1549/1549/1549 1668/1668/1668 1667/1667/1667 
f 1669/1669/1669 1501/1501/1501 1664/1664/1664 
f 1501/1501/1501 1500/1500/1500 1664/1664/1664 
f 1666/1666/1666 1511/1511/1511 1670/1670/1670 
f 1511/1511/1511 1671/1671/1671 1670/1670/1670 
f 1538/1538/1538 1573/1573/1573 1539/1539/1539 
f 1573/1573/1573 1633/1633/1633 1539/1539/1539 
f 1633/1633/1633 1672/1672/1672 1539/1539/1539 
f 1672/1672/1672 1635/1635/1635 1539/1539/1539 
f 1624/1624/1624 1656/1656/1656 1528/1528/1528 
f 1656/1656/1656 1673/1673/1673 1528/1528/1528 
f 1535/1535/1535 1534/1534/1534 1658/1658/1658 
f 1630/1630/1630 1660/1660/1660 1566/1566/1566 
f 1660/1660/1660 1674/1674/1674 1566/1566/1566 
f 1573/1573/1573 1572/1572/1572 1662/1662/1662 

g Union9

v 81.4834 5.96417 -7.02153 
v 51.9834 5.96417 -7.02153 
v 81.4834 5.95316 -7.01089 
v 51.9834 5.95316 -7.01089 
v 81.4834 5.93698 -7.01089 
v 81.4834 5.95316 -7.01089 
v 51.9834 5.93698 -7.01089 
v 51.9834 5.95316 -7.01089 
v 51.9834 5.93698 -7.01089 
v 51.9834 5.93698 -6.99524 
v 81.4834 5.93698 -7.01089 
v 81.4834 5.93698 -6.99524 
v 51.9834 3.88501 -5.01091 
v 51.9834 5.93698 -6.99524 
v 51.9834 5.93698 -7.01089 
v 51.9834 1.93668 -5.01091 
v 51.9834 1.93668 -10.0109 
v 81.4834 1.93668 -10.0109 
v 81.4834 1.93668 -5.01091 
v 51.9834 1.93668 -10.0109 
v 51.9834 1.93668 -5.01091 
v 51.9834 3.88501 -5.01091 
v 51.9834 1.93668 -5.01091 
v 81.4834 3.88501 -5.01091 
v 81.4834 1.93668 -5.01091 
v 51.9834 5.93698 -6.99524 
v 51.9834 3.88501 -5.01091 
v 81.4834 5.93698 -6.99524 
v 81.4834 3.88501 -5.01091 
v 81.4834 5.93698 -6.99524 
v 81.4834 3.88501 -5.01091 
v 81.4834 5.93698 -7.01089 
v 81.4834 1.93668 -10.0109 
v 81.4834 1.93668 -5.01091 
v 51.9834 15.4367 -10.0109 
v 51.9834 15.4367 -5.01091 
v 81.4834 15.4367 -10.0109 
v 81.4834 15.4367 -5.01091 
v 81.4834 5.93302 -10.0109 
v 81.4834 5.96417 -7.02153 
v 81.4834 5.95316 -7.01089 
v 81.4834 5.97445 -7.01089 
v 81.4834 5.97445 -7.01089 
v 81.4834 11.937 -7.01089 
v 51.9834 5.97445 -7.01089 
v 51.9834 11.937 -7.01089 
v 51.9834 5.96417 -7.02153 
v 81.4834 5.96417 -7.02153 
v 51.9834 5.97445 -7.01089 
v 81.4834 5.97445 -7.01089 
v 51.9834 5.96417 -7.02153 
v 51.9834 5.95316 -7.01089 
v 51.9834 15.4367 -10.0109 
v 51.9834 5.97445 -7.01089 
v 51.9834 1.93668 -10.0109 
v 51.9834 15.4367 -10.0109 
v 81.4834 1.93668 -10.0109 
v 81.4834 15.4367 -10.0109 
v 81.4834 5.93302 -10.0109 
v 81.4834 9.44392 -10.0109 
v 51.9834 11.9429 -7.01284 
v 81.4834 11.9429 -7.01284 
v 51.9834 13.4321 -5.01091 
v 81.4834 13.4321 -5.01091 
v 81.4834 11.9429 -7.01284 
v 51.9834 11.9429 -7.01284 
v 81.4834 11.937 -7.00847 
v 51.9834 11.937 -7.00847 
v 51.9834 11.937 -7.01089 
v 51.9834 11.9429 -7.01284 
v 81.4834 11.937 -7.01089 
v 81.4834 11.9429 -7.01284 
v 81.4834 11.937 -7.00847 
v 81.4834 11.937 -7.01089 
v 81.4834 11.937 -7.00847 
v 51.9834 11.937 -7.01089 
v 51.9834 11.937 -7.00847 
v 51.9834 11.937 -7.00847 
v 81.4834 15.4367 -5.01091 
v 51.9834 15.4367 -5.01091 
v 81.4834 13.4321 -5.01091 
v 51.9834 13.4321 -5.01091 
v 51.9834 13.4321 -5.01091 
v 51.9834 15.4367 -5.01091 
v 81.4834 13.4321 -5.01091 
v 81.4834 15.4367 -5.01091 
v 81.4834 15.4367 -10.0109 
v 81.4834 9.44392 -10.0109 

vn 0 0.692913 0.716535 
vn 0 0.692913 0.716535 
vn 0 0.692913 0.716535 
vn 0 0.692913 0.716535 
vn 0 0 1 
vn 0 0 1 
vn 0 0 1 
vn 0 0 1 
vn 0 1 0 
vn 0 1 0 
vn 0 1 0 
vn 0 1 0 
vn -1 0 0 
vn -1 0 0 
vn -1 0 0 
vn -1 0 0 
vn -1 0 0 
vn 0 -1 0 
vn 0 -1 0 
vn 0 -1 0 
vn 0 -1 0 
vn 0 0 1 
vn 0 0 1 
vn 0 0 1 
vn 0 0 1 
vn 0 0.692913 0.716535 
vn 0 0.692913 0.716535 
vn 0 0.692913 0.716535 
vn 0 0.692913 0.716535 
vn 1 0 0 
vn 1 0 0 
vn 1 0 0 
vn 1 0 0 
vn 1 0 0 
vn 0 1 0 
vn 0 1 0 
vn 0 1 0 
vn 0 1 0 
vn 1 0 0 
vn 1 0 0 
vn 1 0 0 
vn 1 0 0 
vn 0 0 1 
vn 0 0 1 
vn 0 0 1 
vn 0 0 1 
vn 0 -0.716535 0.692913 
vn 0 -0.716535 0.692913 
vn 0 -0.716535 0.692913 
vn 0 -0.716535 0.692913 
vn -1 0 0 
vn -1 0 0 
vn -1 0 0 
vn -1 0 0 
vn 0 0 -1 
vn 0 0 -1 
vn 0 0 -1 
vn 0 0 -1 
vn 0 0 -1 
vn 0 0 -1 
vn 0 -0.80315 0.598425 
vn 0 -0.80315 0.598425 
vn 0 -0.80315 0.598425 
vn 0 -0.80315 0.598425 
vn 0 0.598425 0.80315 
vn 0 0.598425 0.80315 
vn 0 0.598425 0.80315 
vn 0 0.598425 0.80315 
vn -1 0 0 
vn -1 0 0 
vn 1 0 0 
vn 1 0 0 
vn 1 0 0 
vn 0 -1 0 
vn 0 -1 0 
vn 0 -1 0 
vn 0 -1 0 
vn -1 0 0 
vn 0 0 1 
vn 0 0 1 
vn 0 0 1 
vn 0 0 1 
vn -1 0 0 
vn -1 0 0 
vn 1 0 0 
vn 1 0 0 
vn 1 0 0 
vn 1 0 0 

vt 45.8438 -19.3096 
vt 42.1562 -19.3096 
vt 45.8438 -19.3115 
vt 42.1562 -19.3115 
vt 45.8438 -19.3131 
vt 45.8438 -19.3115 
vt 42.1562 -19.3131 
vt 42.1562 -19.3115 
vt 45.8438 -19.155 
vt 45.8438 -19.1534 
vt 42.1562 -19.155 
vt 42.1562 -19.1534 
vt 43.8925 -19.6681 
vt 43.8466 -19.3142 
vt 43.845 -19.3131 
vt 43.7471 -19.8635 
vt 43.2457 -19.4905 
vt 45.8438 -19.7543 
vt 45.8438 -19.2529 
vt 42.1562 -19.7543 
vt 42.1562 -19.2529 
vt 42.1562 -19.6681 
vt 42.1562 -19.8635 
vt 45.8438 -19.6681 
vt 45.8438 -19.8635 
vt 42.1562 -19.3142 
vt 42.1562 -19.6681 
vt 45.8438 -19.3142 
vt 45.8438 -19.6681 
vt 44.1534 -19.3142 
vt 44.1075 -19.6681 
vt 44.155 -19.3131 
vt 44.7543 -19.4905 
vt 44.2529 -19.8635 
vt 45.8438 -18.7471 
vt 45.8438 -18.2457 
vt 42.1562 -18.7471 
vt 42.1562 -18.2457 
vt 44.4562 -19.0897 
vt 44.154 -19.3096 
vt 44.1538 -19.3115 
vt 44.1522 -19.3093 
vt 45.8438 -19.3093 
vt 45.8438 -18.7113 
vt 42.1562 -19.3093 
vt 42.1562 -18.7113 
vt 42.1562 -19.154 
vt 45.8438 -19.154 
vt 42.1562 -19.1522 
vt 45.8438 -19.1522 
vt 43.846 -19.3096 
vt 43.8462 -19.3115 
vt 44.2529 -18.1365 
vt 43.8478 -19.3093 
vt 45.8438 -19.4905 
vt 45.8438 -18.1365 
vt 42.1562 -19.4905 
vt 42.1562 -18.1365 
vt 42.1562 -19.0897 
vt 42.1562 -18.7375 
vt 42.1562 -18.7071 
vt 45.8438 -18.7071 
vt 42.1562 -18.3952 
vt 45.8438 -18.3952 
vt 45.8438 -18.7106 
vt 42.1562 -18.7106 
vt 45.8438 -18.7115 
vt 42.1562 -18.7115 
vt 44.2926 -18.7113 
vt 44.2929 -18.7106 
vt 43.7074 -18.7113 
vt 43.7071 -18.7106 
vt 43.7071 -18.7115 
vt 45.8438 -18.7074 
vt 45.8438 -18.7071 
vt 42.1562 -18.7074 
vt 42.1562 -18.7071 
vt 44.2929 -18.7115 
vt 45.8438 -18.5095 
vt 42.1562 -18.5095 
vt 45.8438 -18.7106 
vt 42.1562 -18.7106 
vt 44.6048 -18.7106 
vt 44.7543 -18.5095 
vt 43.3952 -18.7106 
vt 43.2457 -18.5095 
vt 43.7471 -18.1365 
vt 44.1942 -18.7375 

usemtl Union3Mtl

f 1675/1675/1675 1676/1676/1676 1677/1677/1677 
f 1676/1676/1676 1678/1678/1678 1677/1677/1677 
f 1679/1679/1679 1680/1680/1680 1681/1681/1681 
f 1680/1680/1680 1682/1682/1682 1681/1681/1681 
f 1683/1683/1683 1684/1684/1684 1685/1685/1685 
f 1684/1684/1684 1686/1686/1686 1685/1685/1685 
f 1687/1687/1687 1688/1688/1688 1689/1689/1689 
f 1690/1690/1690 1687/1687/1687 1691/1691/1691 
f 1687/1687/1687 1689/1689/1689 1691/1691/1691 
f 1692/1692/1692 1693/1693/1693 1694/1694/1694 
f 1693/1693/1693 1695/1695/1695 1694/1694/1694 
f 1696/1696/1696 1697/1697/1697 1698/1698/1698 
f 1697/1697/1697 1699/1699/1699 1698/1698/1698 
f 1700/1700/1700 1701/1701/1701 1702/1702/1702 
f 1701/1701/1701 1703/1703/1703 1702/1702/1702 
f 1704/1704/1704 1705/1705/1705 1706/1706/1706 
f 1705/1705/1705 1707/1707/1707 1706/1706/1706 
f 1705/1705/1705 1708/1708/1708 1707/1707/1707 
f 1709/1709/1709 1710/1710/1710 1711/1711/1711 
f 1710/1710/1710 1712/1712/1712 1711/1711/1711 
f 1713/1713/1713 1714/1714/1714 1707/1707/1707 
f 1714/1714/1714 1706/1706/1706 1707/1707/1707 
f 1715/1715/1715 1706/1706/1706 1714/1714/1714 
f 1714/1714/1714 1713/1713/1713 1716/1716/1716 
f 1717/1717/1717 1718/1718/1718 1719/1719/1719 
f 1718/1718/1718 1720/1720/1720 1719/1719/1719 
f 1721/1721/1721 1722/1722/1722 1723/1723/1723 
f 1722/1722/1722 1724/1724/1724 1723/1723/1723 
f 1725/1725/1725 1691/1691/1691 1726/1726/1726 
f 1691/1691/1691 1689/1689/1689 1726/1726/1726 
f 1725/1725/1725 1727/1727/1727 1691/1691/1691 
f 1728/1728/1728 1727/1727/1727 1725/1725/1725 
f 1729/1729/1729 1730/1730/1730 1731/1731/1731 
f 1732/1732/1732 1731/1731/1731 1730/1730/1730 
f 1732/1732/1732 1733/1733/1733 1731/1731/1731 
f 1734/1734/1734 1733/1733/1733 1732/1732/1732 
f 1735/1735/1735 1736/1736/1736 1737/1737/1737 
f 1736/1736/1736 1738/1738/1738 1737/1737/1737 
f 1739/1739/1739 1740/1740/1740 1741/1741/1741 
f 1740/1740/1740 1742/1742/1742 1741/1741/1741 
f 1728/1728/1728 1743/1743/1743 1744/1744/1744 
f 1716/1716/1716 1713/1713/1713 1745/1745/1745 
f 1713/1713/1713 1746/1746/1746 1745/1745/1745 
f 1746/1746/1746 1747/1747/1747 1745/1745/1745 
f 1748/1748/1748 1749/1749/1749 1750/1750/1750 
f 1749/1749/1749 1751/1751/1751 1750/1750/1750 
f 1752/1752/1752 1744/1744/1744 1743/1743/1743 
f 1753/1753/1753 1754/1754/1754 1755/1755/1755 
f 1754/1754/1754 1756/1756/1756 1755/1755/1755 
f 1757/1757/1757 1758/1758/1758 1744/1744/1744 
f 1759/1759/1759 1746/1746/1746 1760/1760/1760 
f 1746/1746/1746 1761/1761/1761 1760/1760/1760 
f 1758/1758/1758 1727/1727/1727 1744/1744/1744 
f 1727/1727/1727 1728/1728/1728 1744/1744/1744 
f 1713/1713/1713 1762/1762/1762 1746/1746/1746 
f 1762/1762/1762 1761/1761/1761 1746/1746/1746 

g Ceiling2

v 22.4834 17.9367 18.9891 
v 22.4834 17.9367 -10.0109 
v 22.4834 16.4367 18.9891 
v 22.4834 16.4367 -10.0109 
v 80.9834 17.9367 -10.0109 
v 22.4834 17.9367 -10.0109 
v 80.9834 17.9367 18.9891 
v 22.4834 17.9367 18.9891 
v 22.4834 17.9367 -10.0109 
v 80.9834 17.9367 -10.0109 
v 22.4834 16.4367 -10.0109 
v 80.9834 16.4367 -10.0109 
v 80.9834 17.9367 -10.0109 
v 80.9834 17.9367 18.9891 
v 80.9834 16.4367 -10.0109 
v 80.9834 16.4367 18.9891 
v 80.9834 16.4367 18.9891 
v 22.4834 16.4367 18.9891 
v 80.9834 16.4367 -10.0109 
v 22.4834 16.4367 -10.0109 
v 80.9834 17.9367 18.9891 
v 22.4834 17.9367 18.9891 
v 80.9834 16.4367 18.9891 
v 22.4834 16.4367 18.9891 

vn -1 0 0 
vn -1 0 0 
vn -1 0 0 
vn -1 0 0 
vn 0 1 0 
vn 0 1 0 
vn 0 1 0 
vn 0 1 0 
vn 0 0 -1 
vn 0 0 -1 
vn 0 0 -1 
vn 0 0 -1 
vn 1 0 0 
vn 1 0 0 
vn 1 0 0 
vn 1 0 0 
vn 0 -1 0 
vn 0 -1 0 
vn 0 -1 0 
vn 0 -1 0 
vn 0 0 1 
vn 0 0 1 
vn 0 0 1 
vn 0 0 1 

vt 1.18766 6.54156 
vt -2.43734 6.54156 
vt 1.18766 6.35406 
vt -2.43734 6.35406 
vt 4.87516 6.54156 
vt -2.43734 6.54156 
vt 4.87516 2.91656 
vt -2.43734 2.91656 
vt 4.87516 6.54156 
vt -2.43734 6.54156 
vt 4.87516 6.35406 
vt -2.43734 6.35406 
vt 1.18766 6.54156 
vt -2.43734 6.54156 
vt 1.18766 6.35406 
vt -2.43734 6.35406 
vt 4.87516 6.54156 
vt -2.43734 6.54156 
vt 4.87516 2.91656 
vt -2.43734 2.91656 
vt 4.87516 6.54156 
vt -2.43734 6.54156 
vt 4.87516 6.35406 
vt -2.43734 6.35406 

usemtl Ceiling1Mtl

f 1763/1763/1763 1764/1764/1764 1765/1765/1765 
f 1765/1765/1765 1764/1764/1764 1766/1766/1766 
f 1767/1767/1767 1768/1768/1768 1769/1769/1769 
f 1769/1769/1769 1768/1768/1768 1770/1770/1770 
f 1771/1771/1771 1772/1772/1772 1773/1773/1773 
f 1773/1773/1773 1772/1772/1772 1774/1774/1774 
f 1775/1775/1775 1776/1776/1776 1777/1777/1777 
f 1777/1777/1777 1776/1776/1776 1778/1778/1778 
f 1779/1779/1779 1780/1780/1780 1781/1781/1781 
f 1781/1781/1781 1780/1780/1780 1782/1782/1782 
f 1783/1783/1783 1784/1784/1784 1785/1785/1785 
f 1785/1785/1785 1784/1784/1784 1786/1786/1786 

g Part27

v 63.4834 15.6804 3.48909 
v 63.4834 15.6804 5.98909 
v 63.4834 16.7525 3.48909 
v 63.4834 16.7525 5.98909 
v 69.4834 15.6804 5.98909 
v 63.4834 15.6804 5.98909 
v 69.4834 15.6804 3.48909 
v 63.4834 15.6804 3.48909 
v 63.4834 15.6804 5.98909 
v 69.4834 15.6804 5.98909 
v 63.4834 16.7525 5.98909 
v 69.4834 16.7525 5.98909 
v 69.4834 15.6804 5.98909 
v 69.4834 15.6804 3.48909 
v 69.4834 16.7525 5.98909 
v 69.4834 16.7525 3.48909 
v 69.4834 16.7525 3.48909 
v 63.4834 16.7525 3.48909 
v 69.4834 16.7525 5.98909 
v 63.4834 16.7525 5.98909 
v 69.4834 15.6804 3.48909 
v 63.4834 15.6804 3.48909 
v 69.4834 16.7525 3.48909 
v 63.4834 16.7525 3.48909 

vn -1 0 0 
vn -1 0 0 
vn -1 0 0 
vn -1 0 0 
vn 0 -1 0 
vn 0 -1 0 
vn 0 -1 0 
vn 0 -1 0 
vn 0 0 1 
vn 0 0 1 
vn 0 0 1 
vn 0 0 1 
vn 1 0 0 
vn 1 0 0 
vn 1 0 0 
vn 1 0 0 
vn 0 1 0 
vn 0 1 0 
vn 0 1 0 
vn 0 1 0 
vn 0 0 -1 
vn 0 0 -1 
vn 0 0 -1 
vn 0 0 -1 

vt 0.701895 1.32853 
vt 0.389395 1.32853 
vt 0.701895 1.19452 
vt 0.389395 1.19452 
vt 1.1394 1.32853 
vt 0.389395 1.32853 
vt 1.1394 1.01603 
vt 0.389395 1.01603 
vt 1.1394 1.32853 
vt 0.389395 1.32853 
vt 1.1394 1.19452 
vt 0.389395 1.19452 
vt 0.701895 1.32853 
vt 0.389395 1.32853 
vt 0.701895 1.19452 
vt 0.389395 1.19452 
vt 1.1394 1.32853 
vt 0.389395 1.32853 
vt 1.1394 1.01603 
vt 0.389395 1.01603 
vt 1.1394 1.32853 
vt 0.389395 1.32853 
vt 1.1394 1.19452 
vt 0.389395 1.19452 

usemtl Part1Mtl

f 1787/1787/1787 1788/1788/1788 1789/1789/1789 
f 1789/1789/1789 1788/1788/1788 1790/1790/1790 
f 1791/1791/1791 1792/1792/1792 1793/1793/1793 
f 1793/1793/1793 1792/1792/1792 1794/1794/1794 
f 1795/1795/1795 1796/1796/1796 1797/1797/1797 
f 1797/1797/1797 1796/1796/1796 1798/1798/1798 
f 1799/1799/1799 1800/1800/1800 1801/1801/1801 
f 1801/1801/1801 1800/1800/1800 1802/1802/1802 
f 1803/1803/1803 1804/1804/1804 1805/1805/1805 
f 1805/1805/1805 1804/1804/1804 1806/1806/1806 
f 1807/1807/1807 1808/1808/1808 1809/1809/1809 
f 1809/1809/1809 1808/1808/1808 1810/1810/1810 

g Part28

v 62.9834 15.7525 2.98909 
v 62.9834 15.7525 6.48909 
v 62.9834 17.2525 2.98909 
v 62.9834 17.2525 6.48909 
v 69.9834 15.7525 6.48909 
v 62.9834 15.7525 6.48909 
v 69.9834 15.7525 2.98909 
v 62.9834 15.7525 2.98909 
v 62.9834 15.7525 6.48909 
v 69.9834 15.7525 6.48909 
v 62.9834 17.2525 6.48909 
v 69.9834 17.2525 6.48909 
v 69.9834 15.7525 6.48909 
v 69.9834 15.7525 2.98909 
v 69.9834 17.2525 6.48909 
v 69.9834 17.2525 2.98909 
v 69.9834 17.2525 2.98909 
v 62.9834 17.2525 2.98909 
v 69.9834 17.2525 6.48909 
v 62.9834 17.2525 6.48909 
v 69.9834 15.7525 2.98909 
v 62.9834 15.7525 2.98909 
v 69.9834 17.2525 2.98909 
v 62.9834 17.2525 2.98909 

vn -1 0 0 
vn -1 0 0 
vn -1 0 0 
vn -1 0 0 
vn 0 -1 0 
vn 0 -1 0 
vn 0 -1 0 
vn 0 -1 0 
vn 0 0 1 
vn 0 0 1 
vn 0 0 1 
vn 0 0 1 
vn 1 0 0 
vn 1 0 0 
vn 1 0 0 
vn 1 0 0 
vn 0 1 0 
vn 0 1 0 
vn 0 1 0 
vn 0 1 0 
vn 0 0 -1 
vn 0 0 -1 
vn 0 0 -1 
vn 0 0 -1 

vt 6.6875 0.75 
vt 6.25 0.75 
vt 6.6875 0.5625 
vt 6.25 0.5625 
vt 7.125 0.75 
vt 6.25 0.75 
vt 7.125 0.3125 
vt 6.25 0.3125 
vt 7.125 0.75 
vt 6.25 0.75 
vt 7.125 0.5625 
vt 6.25 0.5625 
vt 6.6875 0.75 
vt 6.25 0.75 
vt 6.6875 0.5625 
vt 6.25 0.5625 
vt 7.125 0.75 
vt 6.25 0.75 
vt 7.125 0.3125 
vt 6.25 0.3125 
vt 7.125 0.75 
vt 6.25 0.75 
vt 7.125 0.5625 
vt 6.25 0.5625 

usemtl Part3Mtl

f 1811/1811/1811 1812/1812/1812 1813/1813/1813 
f 1813/1813/1813 1812/1812/1812 1814/1814/1814 
f 1815/1815/1815 1816/1816/1816 1817/1817/1817 
f 1817/1817/1817 1816/1816/1816 1818/1818/1818 
f 1819/1819/1819 1820/1820/1820 1821/1821/1821 
f 1821/1821/1821 1820/1820/1820 1822/1822/1822 
f 1823/1823/1823 1824/1824/1824 1825/1825/1825 
f 1825/1825/1825 1824/1824/1824 1826/1826/1826 
f 1827/1827/1827 1828/1828/1828 1829/1829/1829 
f 1829/1829/1829 1828/1828/1828 1830/1830/1830 
f 1831/1831/1831 1832/1832/1832 1833/1833/1833 
f 1833/1833/1833 1832/1832/1832 1834/1834/1834 

g Part29

v 33.9834 15.6804 3.48909 
v 33.9834 15.6804 5.98909 
v 33.9834 16.7525 3.48909 
v 33.9834 16.7525 5.98909 
v 39.9834 15.6804 5.98909 
v 33.9834 15.6804 5.98909 
v 39.9834 15.6804 3.48909 
v 33.9834 15.6804 3.48909 
v 33.9834 15.6804 5.98909 
v 39.9834 15.6804 5.98909 
v 33.9834 16.7525 5.98909 
v 39.9834 16.7525 5.98909 
v 39.9834 15.6804 5.98909 
v 39.9834 15.6804 3.48909 
v 39.9834 16.7525 5.98909 
v 39.9834 16.7525 3.48909 
v 39.9834 16.7525 3.48909 
v 33.9834 16.7525 3.48909 
v 39.9834 16.7525 5.98909 
v 33.9834 16.7525 5.98909 
v 39.9834 15.6804 3.48909 
v 33.9834 15.6804 3.48909 
v 39.9834 16.7525 3.48909 
v 33.9834 16.7525 3.48909 

vn -1 0 0 
vn -1 0 0 
vn -1 0 0 
vn -1 0 0 
vn 0 -1 0 
vn 0 -1 0 
vn 0 -1 0 
vn 0 -1 0 
vn 0 0 1 
vn 0 0 1 
vn 0 0 1 
vn 0 0 1 
vn 1 0 0 
vn 1 0 0 
vn 1 0 0 
vn 1 0 0 
vn 0 1 0 
vn 0 1 0 
vn 0 1 0 
vn 0 1 0 
vn 0 0 -1 
vn 0 0 -1 
vn 0 0 -1 
vn 0 0 -1 

vt -0.00999346 1.39224 
vt -0.322493 1.39224 
vt -0.00999346 1.25822 
vt -0.322493 1.25822 
vt 0.427507 1.39224 
vt -0.322493 1.39224 
vt 0.427507 1.07974 
vt -0.322493 1.07974 
vt 0.427507 1.39224 
vt -0.322493 1.39224 
vt 0.427507 1.25822 
vt -0.322493 1.25822 
vt -0.00999346 1.39224 
vt -0.322493 1.39224 
vt -0.00999346 1.25822 
vt -0.322493 1.25822 
vt 0.427507 1.39224 
vt -0.322493 1.39224 
vt 0.427507 1.07974 
vt -0.322493 1.07974 
vt 0.427507 1.39224 
vt -0.322493 1.39224 
vt 0.427507 1.25822 
vt -0.322493 1.25822 

usemtl Part1Mtl

f 1835/1835/1835 1836/1836/1836 1837/1837/1837 
f 1837/1837/1837 1836/1836/1836 1838/1838/1838 
f 1839/1839/1839 1840/1840/1840 1841/1841/1841 
f 1841/1841/1841 1840/1840/1840 1842/1842/1842 
f 1843/1843/1843 1844/1844/1844 1845/1845/1845 
f 1845/1845/1845 1844/1844/1844 1846/1846/1846 
f 1847/1847/1847 1848/1848/1848 1849/1849/1849 
f 1849/1849/1849 1848/1848/1848 1850/1850/1850 
f 1851/1851/1851 1852/1852/1852 1853/1853/1853 
f 1853/1853/1853 1852/1852/1852 1854/1854/1854 
f 1855/1855/1855 1856/1856/1856 1857/1857/1857 
f 1857/1857/1857 1856/1856/1856 1858/1858/1858 

g Part30

v 33.4834 15.7525 2.98909 
v 33.4834 15.7525 6.48909 
v 33.4834 17.2525 2.98909 
v 33.4834 17.2525 6.48909 
v 40.4834 15.7525 6.48909 
v 33.4834 15.7525 6.48909 
v 40.4834 15.7525 2.98909 
v 33.4834 15.7525 2.98909 
v 33.4834 15.7525 6.48909 
v 40.4834 15.7525 6.48909 
v 33.4834 17.2525 6.48909 
v 40.4834 17.2525 6.48909 
v 40.4834 15.7525 6.48909 
v 40.4834 15.7525 2.98909 
v 40.4834 17.2525 6.48909 
v 40.4834 17.2525 2.98909 
v 40.4834 17.2525 2.98909 
v 33.4834 17.2525 2.98909 
v 40.4834 17.2525 6.48909 
v 33.4834 17.2525 6.48909 
v 40.4834 15.7525 2.98909 
v 33.4834 15.7525 2.98909 
v 40.4834 17.2525 2.98909 
v 33.4834 17.2525 2.98909 

vn -1 0 0 
vn -1 0 0 
vn -1 0 0 
vn -1 0 0 
vn 0 -1 0 
vn 0 -1 0 
vn 0 -1 0 
vn 0 -1 0 
vn 0 0 1 
vn 0 0 1 
vn 0 0 1 
vn 0 0 1 
vn 1 0 0 
vn 1 0 0 
vn 1 0 0 
vn 1 0 0 
vn 0 1 0 
vn 0 1 0 
vn 0 1 0 
vn 0 1 0 
vn 0 0 -1 
vn 0 0 -1 
vn 0 0 -1 
vn 0 0 -1 

vt 0.6875 -4.25 
vt 0.25 -4.25 
vt 0.6875 -4.4375 
vt 0.25 -4.4375 
vt 1.125 -4.25 
vt 0.25 -4.25 
vt 1.125 -4.6875 
vt 0.25 -4.6875 
vt 1.125 -4.25 
vt 0.25 -4.25 
vt 1.125 -4.4375 
vt 0.25 -4.4375 
vt 0.6875 -4.25 
vt 0.25 -4.25 
vt 0.6875 -4.4375 
vt 0.25 -4.4375 
vt 1.125 -4.25 
vt 0.25 -4.25 
vt 1.125 -4.6875 
vt 0.25 -4.6875 
vt 1.125 -4.25 
vt 0.25 -4.25 
vt 1.125 -4.4375 
vt 0.25 -4.4375 

usemtl Part3Mtl

f 1859/1859/1859 1860/1860/1860 1861/1861/1861 
f 1861/1861/1861 1860/1860/1860 1862/1862/1862 
f 1863/1863/1863 1864/1864/1864 1865/1865/1865 
f 1865/1865/1865 1864/1864/1864 1866/1866/1866 
f 1867/1867/1867 1868/1868/1868 1869/1869/1869 
f 1869/1869/1869 1868/1868/1868 1870/1870/1870 
f 1871/1871/1871 1872/1872/1872 1873/1873/1873 
f 1873/1873/1873 1872/1872/1872 1874/1874/1874 
f 1875/1875/1875 1876/1876/1876 1877/1877/1877 
f 1877/1877/1877 1876/1876/1876 1878/1878/1878 
f 1879/1879/1879 1880/1880/1880 1881/1881/1881 
f 1881/1881/1881 1880/1880/1880 1882/1882/1882 

g Union10

v 22.4834 5.96403 15.9999 
v 54.9834 5.96403 15.9999 
v 22.4834 5.95303 15.9893 
v 54.9834 5.95303 15.9893 
v 22.4834 5.93684 15.9893 
v 22.4834 5.95303 15.9893 
v 54.9834 5.93684 15.9893 
v 54.9834 5.95303 15.9893 
v 54.9834 5.93684 15.9893 
v 54.9834 5.93684 15.9736 
v 22.4834 5.93684 15.9893 
v 22.4834 5.93684 15.9736 
v 54.9834 3.88488 13.9893 
v 54.9834 5.93684 15.9736 
v 54.9834 5.93684 15.9893 
v 54.9834 1.93654 13.9893 
v 54.9834 1.93654 18.9893 
v 22.4834 1.93654 18.9893 
v 22.4834 1.93654 13.9893 
v 54.9834 1.93654 18.9893 
v 54.9834 1.93654 13.9893 
v 54.9834 3.88488 13.9893 
v 54.9834 1.93654 13.9893 
v 22.4834 3.88488 13.9893 
v 22.4834 1.93654 13.9893 
v 54.9834 5.93684 15.9736 
v 54.9834 3.88488 13.9893 
v 22.4834 5.93684 15.9736 
v 22.4834 3.88488 13.9893 
v 22.4834 5.93684 15.9736 
v 22.4834 3.88488 13.9893 
v 22.4834 5.93684 15.9893 
v 22.4834 1.93654 18.9893 
v 22.4834 1.93654 13.9893 
v 54.9834 15.4365 18.9893 
v 54.9834 15.4365 13.9893 
v 22.4834 15.4365 18.9893 
v 22.4834 15.4365 13.9893 
v 22.4834 5.93287 18.9893 
v 22.4834 5.96403 15.9999 
v 22.4834 5.95303 15.9893 
v 22.4834 5.97432 15.9893 
v 22.4834 5.97432 15.9893 
v 22.4834 11.9368 15.9893 
v 54.9834 5.97432 15.9893 
v 54.9834 11.9368 15.9893 
v 54.9834 5.96403 15.9999 
v 22.4834 5.96403 15.9999 
v 54.9834 5.97432 15.9893 
v 22.4834 5.97432 15.9893 
v 54.9834 5.96403 15.9999 
v 54.9834 5.95303 15.9893 
v 54.9834 15.4365 18.9893 
v 54.9834 5.97432 15.9893 
v 54.9834 1.93654 18.9893 
v 54.9834 15.4365 18.9893 
v 22.4834 1.93654 18.9893 
v 22.4834 15.4365 18.9893 
v 22.4834 5.93287 18.9893 
v 22.4834 9.44381 18.9893 
v 54.9834 11.9427 15.9912 
v 22.4834 11.9427 15.9912 
v 54.9834 13.432 13.9893 
v 22.4834 13.432 13.9893 
v 22.4834 11.9427 15.9912 
v 54.9834 11.9427 15.9912 
v 22.4834 11.9368 15.9868 
v 54.9834 11.9368 15.9868 
v 54.9834 11.9368 15.9893 
v 54.9834 11.9427 15.9912 
v 22.4834 11.9368 15.9893 
v 22.4834 11.9427 15.9912 
v 22.4834 11.9368 15.9868 
v 22.4834 11.9368 15.9893 
v 22.4834 11.9368 15.9868 
v 54.9834 11.9368 15.9893 
v 54.9834 11.9368 15.9868 
v 54.9834 11.9368 15.9868 
v 22.4834 15.4365 13.9893 
v 54.9834 15.4365 13.9893 
v 22.4834 13.432 13.9893 
v 54.9834 13.432 13.9893 
v 54.9834 13.432 13.9893 
v 54.9834 15.4365 13.9893 
v 22.4834 13.432 13.9893 
v 22.4834 15.4365 13.9893 
v 22.4834 15.4365 18.9893 
v 22.4834 9.44381 18.9893 

vn 0 0.692913 -0.716535 
vn 0 0.692913 -0.716535 
vn 0 0.692913 -0.716535 
vn 0 0.692913 -0.716535 
vn 0 0 -1 
vn 0 0 -1 
vn 0 0 -1 
vn 0 0 -1 
vn 0 1 0 
vn 0 1 0 
vn 0 1 0 
vn 0 1 0 
vn 1 0 0 
vn 1 0 0 
vn 1 0 0 
vn 1 0 0 
vn 1 0 0 
vn 0 -1 0 
vn 0 -1 0 
vn 0 -1 0 
vn 0 -1 0 
vn 0 0 -1 
vn 0 0 -1 
vn 0 0 -1 
vn 0 0 -1 
vn 0 0.692913 -0.716535 
vn 0 0.692913 -0.716535 
vn 0 0.692913 -0.716535 
vn 0 0.692913 -0.716535 
vn -1 0 0 
vn -1 0 0 
vn -1 0 0 
vn -1 0 0 
vn -1 0 0 
vn 0 1 0 
vn 0 1 0 
vn 0 1 0 
vn 0 1 0 
vn -1 0 0 
vn -1 0 0 
vn -1 0 0 
vn -1 0 0 
vn 0 0 -1 
vn 0 0 -1 
vn 0 0 -1 
vn 0 0 -1 
vn 0 -0.716535 -0.692913 
vn 0 -0.716535 -0.692913 
vn 0 -0.716535 -0.692913 
vn 0 -0.716535 -0.692913 
vn 1 0 0 
vn 1 0 0 
vn 1 0 0 
vn 1 0 0 
vn 0 0 1 
vn 0 0 1 
vn 0 0 1 
vn 0 0 1 
vn 0 0 1 
vn 0 0 1 
vn 0 -0.80315 -0.598425 
vn 0 -0.80315 -0.598425 
vn 0 -0.80315 -0.598425 
vn 0 -0.80315 -0.598425 
vn 0 0.598425 -0.80315 
vn 0 0.598425 -0.80315 
vn 0 0.598425 -0.80315 
vn 0 0.598425 -0.80315 
vn 1 0 0 
vn 1 0 0 
vn -1 0 0 
vn -1 0 0 
vn -1 0 0 
vn 0 -1 0 
vn 0 -1 0 
vn 0 -1 0 
vn 0 -1 0 
vn 1 0 0 
vn 0 0 -1 
vn 0 0 -1 
vn 0 0 -1 
vn 0 0 -1 
vn 1 0 0 
vn 1 0 0 
vn -1 0 0 
vn -1 0 0 
vn -1 0 0 
vn -1 0 0 

vt 46.0312 -41.3096 
vt 41.9688 -41.3096 
vt 46.0312 -41.3115 
vt 41.9688 -41.3115 
vt 46.0312 -41.3131 
vt 46.0312 -41.3115 
vt 41.9688 -41.3131 
vt 41.9688 -41.3115 
vt 46.0312 -41.155 
vt 46.0312 -41.1534 
vt 41.9688 -41.155 
vt 41.9688 -41.1534 
vt 43.8925 -41.6681 
vt 43.8466 -41.3142 
vt 43.845 -41.3131 
vt 43.7471 -41.8635 
vt 43.2457 -41.4905 
vt 46.0312 -41.7543 
vt 46.0312 -41.2529 
vt 41.9688 -41.7543 
vt 41.9688 -41.2529 
vt 41.9688 -41.6681 
vt 41.9688 -41.8635 
vt 46.0312 -41.6681 
vt 46.0312 -41.8635 
vt 41.9688 -41.3142 
vt 41.9688 -41.6681 
vt 46.0312 -41.3142 
vt 46.0312 -41.6681 
vt 44.1534 -41.3142 
vt 44.1075 -41.6681 
vt 44.155 -41.3131 
vt 44.7543 -41.4905 
vt 44.2529 -41.8635 
vt 46.0312 -40.7471 
vt 46.0312 -40.2457 
vt 41.9688 -40.7471 
vt 41.9688 -40.2457 
vt 44.4562 -41.0897 
vt 44.154 -41.3096 
vt 44.1538 -41.3115 
vt 44.1522 -41.3093 
vt 46.0312 -41.3093 
vt 46.0312 -40.7113 
vt 41.9688 -41.3093 
vt 41.9688 -40.7113 
vt 41.9688 -41.154 
vt 46.0312 -41.154 
vt 41.9688 -41.1522 
vt 46.0312 -41.1522 
vt 43.846 -41.3096 
vt 43.8462 -41.3115 
vt 44.2529 -40.1365 
vt 43.8478 -41.3093 
vt 46.0312 -41.4905 
vt 46.0312 -40.1365 
vt 41.9688 -41.4905 
vt 41.9688 -40.1365 
vt 41.9688 -41.0897 
vt 41.9688 -40.7375 
vt 41.9688 -40.7071 
vt 46.0312 -40.7071 
vt 41.9688 -40.3952 
vt 46.0312 -40.3952 
vt 46.0312 -40.7106 
vt 41.9688 -40.7106 
vt 46.0312 -40.7115 
vt 41.9688 -40.7115 
vt 44.2926 -40.7113 
vt 44.2929 -40.7106 
vt 43.7074 -40.7113 
vt 43.7071 -40.7106 
vt 43.7071 -40.7115 
vt 46.0312 -40.7074 
vt 46.0312 -40.7071 
vt 41.9688 -40.7074 
vt 41.9688 -40.7071 
vt 44.2929 -40.7115 
vt 46.0312 -40.5095 
vt 41.9688 -40.5095 
vt 46.0312 -40.7106 
vt 41.9688 -40.7106 
vt 44.6048 -40.7106 
vt 44.7543 -40.5095 
vt 43.3952 -40.7106 
vt 43.2457 -40.5095 
vt 43.7471 -40.1365 
vt 44.1942 -40.7375 

usemtl Union3Mtl

f 1883/1883/1883 1884/1884/1884 1885/1885/1885 
f 1884/1884/1884 1886/1886/1886 1885/1885/1885 
f 1887/1887/1887 1888/1888/1888 1889/1889/1889 
f 1888/1888/1888 1890/1890/1890 1889/1889/1889 
f 1891/1891/1891 1892/1892/1892 1893/1893/1893 
f 1892/1892/1892 1894/1894/1894 1893/1893/1893 
f 1895/1895/1895 1896/1896/1896 1897/1897/1897 
f 1898/1898/1898 1895/1895/1895 1899/1899/1899 
f 1895/1895/1895 1897/1897/1897 1899/1899/1899 
f 1900/1900/1900 1901/1901/1901 1902/1902/1902 
f 1901/1901/1901 1903/1903/1903 1902/1902/1902 
f 1904/1904/1904 1905/1905/1905 1906/1906/1906 
f 1905/1905/1905 1907/1907/1907 1906/1906/1906 
f 1908/1908/1908 1909/1909/1909 1910/1910/1910 
f 1909/1909/1909 1911/1911/1911 1910/1910/1910 
f 1912/1912/1912 1913/1913/1913 1914/1914/1914 
f 1913/1913/1913 1915/1915/1915 1914/1914/1914 
f 1913/1913/1913 1916/1916/1916 1915/1915/1915 
f 1917/1917/1917 1918/1918/1918 1919/1919/1919 
f 1918/1918/1918 1920/1920/1920 1919/1919/1919 
f 1921/1921/1921 1922/1922/1922 1915/1915/1915 
f 1922/1922/1922 1914/1914/1914 1915/1915/1915 
f 1923/1923/1923 1914/1914/1914 1922/1922/1922 
f 1922/1922/1922 1921/1921/1921 1924/1924/1924 
f 1925/1925/1925 1926/1926/1926 1927/1927/1927 
f 1926/1926/1926 1928/1928/1928 1927/1927/1927 
f 1929/1929/1929 1930/1930/1930 1931/1931/1931 
f 1930/1930/1930 1932/1932/1932 1931/1931/1931 
f 1933/1933/1933 1899/1899/1899 1934/1934/1934 
f 1899/1899/1899 1897/1897/1897 1934/1934/1934 
f 1933/1933/1933 1935/1935/1935 1899/1899/1899 
f 1936/1936/1936 1935/1935/1935 1933/1933/1933 
f 1937/1937/1937 1938/1938/1938 1939/1939/1939 
f 1940/1940/1940 1939/1939/1939 1938/1938/1938 
f 1940/1940/1940 1941/1941/1941 1939/1939/1939 
f 1942/1942/1942 1941/1941/1941 1940/1940/1940 
f 1943/1943/1943 1944/1944/1944 1945/1945/1945 
f 1944/1944/1944 1946/1946/1946 1945/1945/1945 
f 1947/1947/1947 1948/1948/1948 1949/1949/1949 
f 1948/1948/1948 1950/1950/1950 1949/1949/1949 
f 1936/1936/1936 1951/1951/1951 1952/1952/1952 
f 1924/1924/1924 1921/1921/1921 1953/1953/1953 
f 1921/1921/1921 1954/1954/1954 1953/1953/1953 
f 1954/1954/1954 1955/1955/1955 1953/1953/1953 
f 1956/1956/1956 1957/1957/1957 1958/1958/1958 
f 1957/1957/1957 1959/1959/1959 1958/1958/1958 
f 1960/1960/1960 1952/1952/1952 1951/1951/1951 
f 1961/1961/1961 1962/1962/1962 1963/1963/1963 
f 1962/1962/1962 1964/1964/1964 1963/1963/1963 
f 1965/1965/1965 1966/1966/1966 1952/1952/1952 
f 1967/1967/1967 1954/1954/1954 1968/1968/1968 
f 1954/1954/1954 1969/1969/1969 1968/1968/1968 
f 1966/1966/1966 1935/1935/1935 1952/1952/1952 
f 1935/1935/1935 1936/1936/1936 1952/1952/1952 
f 1921/1921/1921 1970/1970/1970 1954/1954/1954 
f 1970/1970/1970 1969/1969/1969 1954/1954/1954 

g Part31

v 22.4834 16.4367 18.9891 
v 22.4834 16.4367 13.9891 
v 22.4834 15.4367 18.9891 
v 22.4834 15.4367 13.9891 
v 56.9834 16.4367 13.9891 
v 22.4834 16.4367 13.9891 
v 56.9834 16.4367 18.9891 
v 22.4834 16.4367 18.9891 
v 22.4834 16.4367 13.9891 
v 56.9834 16.4367 13.9891 
v 22.4834 15.4367 13.9891 
v 56.9834 15.4367 13.9891 
v 56.9834 16.4367 13.9891 
v 56.9834 16.4367 18.9891 
v 56.9834 15.4367 13.9891 
v 56.9834 15.4367 18.9891 
v 56.9834 15.4367 18.9891 
v 22.4834 15.4367 18.9891 
v 56.9834 15.4367 13.9891 
v 22.4834 15.4367 13.9891 
v 56.9834 16.4367 18.9891 
v 22.4834 16.4367 18.9891 
v 56.9834 15.4367 18.9891 
v 22.4834 15.4367 18.9891 

vn -1 0 0 
vn -1 0 0 
vn -1 0 0 
vn -1 0 0 
vn 0 1 0 
vn 0 1 0 
vn 0 1 0 
vn 0 1 0 
vn 0 0 -1 
vn 0 0 -1 
vn 0 0 -1 
vn 0 0 -1 
vn 1 0 0 
vn 1 0 0 
vn 1 0 0 
vn 1 0 0 
vn 0 -1 0 
vn 0 -1 0 
vn 0 -1 0 
vn 0 -1 0 
vn 0 0 1 
vn 0 0 1 
vn 0 0 1 
vn 0 0 1 

vt 2.875 -4.5 
vt 2.25 -4.5 
vt 2.875 -4.625 
vt 2.25 -4.625 
vt 6.5625 -4.5 
vt 2.25 -4.5 
vt 6.5625 -5.125 
vt 2.25 -5.125 
vt 6.5625 -4.5 
vt 2.25 -4.5 
vt 6.5625 -4.625 
vt 2.25 -4.625 
vt 2.875 -4.5 
vt 2.25 -4.5 
vt 2.875 -4.625 
vt 2.25 -4.625 
vt 6.5625 -4.5 
vt 2.25 -4.5 
vt 6.5625 -5.125 
vt 2.25 -5.125 
vt 6.5625 -4.5 
vt 2.25 -4.5 
vt 6.5625 -4.625 
vt 2.25 -4.625 

usemtl Part3Mtl

f 1971/1971/1971 1972/1972/1972 1973/1973/1973 
f 1973/1973/1973 1972/1972/1972 1974/1974/1974 
f 1975/1975/1975 1976/1976/1976 1977/1977/1977 
f 1977/1977/1977 1976/1976/1976 1978/1978/1978 
f 1979/1979/1979 1980/1980/1980 1981/1981/1981 
f 1981/1981/1981 1980/1980/1980 1982/1982/1982 
f 1983/1983/1983 1984/1984/1984 1985/1985/1985 
f 1985/1985/1985 1984/1984/1984 1986/1986/1986 
f 1987/1987/1987 1988/1988/1988 1989/1989/1989 
f 1989/1989/1989 1988/1988/1988 1990/1990/1990 
f 1991/1991/1991 1992/1992/1992 1993/1993/1993 
f 1993/1993/1993 1992/1992/1992 1994/1994/1994 

g Union11

v 31.9832 13.4316 13.4894 
v 31.9832 16.4368 18.9894 
v 31.9832 11.9424 15.4913 
v 31.9832 11.9424 15.4913 
v 27.4832 11.9424 15.4913 
v 31.9832 13.4316 13.4894 
v 27.4832 13.4316 13.4894 
v 31.9832 13.4316 13.4894 
v 27.4832 13.4316 13.4894 
v 31.9832 16.4368 13.4894 
v 27.4832 16.4368 13.4894 
v 27.4832 13.4316 13.4894 
v 27.4832 11.9424 15.4913 
v 27.4832 16.4368 13.4894 
v 27.4832 16.4368 18.9894 
v 31.9832 16.4368 18.9894 
v 31.9832 16.4368 13.4894 
v 27.4832 16.4368 18.9894 
v 27.4832 16.4368 13.4894 
v 31.9832 16.4368 13.4894 
v 27.4832 0.436848 18.9894 
v 27.4832 0.436848 13.4894 
v 31.9832 0.436848 18.9894 
v 31.9832 0.436848 13.4894 
v 31.9832 0.436848 18.9894 
v 31.9832 9.44347 18.9894 
v 27.4832 0.436848 18.9894 
v 31.9832 16.4368 18.9894 
v 27.4832 16.4368 18.9894 
v 27.4832 0.436848 18.9894 
v 31.9832 0.436848 13.4894 
v 27.4832 0.436848 13.4894 
v 31.9832 3.88454 13.4894 
v 27.4832 3.88454 13.4894 
v 31.9832 0.436848 13.4894 
v 31.9832 3.88454 13.4894 
v 31.9832 0.436848 18.9894 
v 31.9832 9.44347 18.9894 
v 46.9832 13.4316 13.4894 
v 46.9832 16.4365 18.9894 
v 46.9832 11.9424 15.4913 
v 46.9832 11.9424 15.4913 
v 42.4832 11.9424 15.4913 
v 46.9832 13.4316 13.4894 
v 42.4832 13.4316 13.4894 
v 42.4832 13.4316 13.4894 
v 42.4832 16.4365 13.4894 
v 46.9832 13.4316 13.4894 
v 46.9832 16.4365 13.4894 
v 42.4832 13.4316 13.4894 
v 42.4832 11.9424 15.4913 
v 42.4832 16.4365 13.4894 
v 42.4832 16.4365 18.9894 
v 46.9832 16.4365 18.9894 
v 46.9832 16.4365 13.4894 
v 42.4832 16.4365 18.9894 
v 42.4832 16.4365 13.4894 
v 46.9832 16.4365 13.4894 
v 42.4832 0.436543 18.9894 
v 42.4832 0.436543 13.4894 
v 46.9832 0.436543 18.9894 
v 46.9832 0.436543 13.4894 
v 46.9832 0.436543 18.9894 
v 46.9832 9.44347 18.9894 
v 42.4832 0.436543 18.9894 
v 46.9832 16.4365 18.9894 
v 42.4832 16.4365 18.9894 
v 42.4832 0.436543 18.9894 
v 42.4832 3.88454 13.4894 
v 46.9832 3.88454 13.4894 
v 42.4832 0.436543 13.4894 
v 46.9832 0.436543 13.4894 
v 46.9832 0.436543 13.4894 
v 46.9832 3.88454 13.4894 
v 46.9832 0.436543 18.9894 
v 46.9832 9.44347 18.9894 
v 46.9832 11.9365 15.4894 
v 42.4832 11.9365 15.4894 
v 46.9832 11.9365 15.4869 
v 42.4832 11.9365 15.4869 
v 42.4832 11.9365 15.4894 
v 46.9832 11.9365 15.4894 
v 42.4832 5.974 15.4894 
v 46.9832 5.974 15.4894 
v 27.4832 11.9365 15.4894 
v 31.9832 11.9365 15.4894 
v 27.4832 5.974 15.4894 
v 31.9832 5.974 15.4894 
v 31.9832 11.9365 15.4894 
v 27.4832 11.9365 15.4894 
v 31.9832 11.9365 15.4869 
v 27.4832 11.9365 15.4869 
v 31.9832 5.93653 15.4894 
v 27.4832 5.93653 15.4894 
v 31.9832 5.95271 15.4894 
v 27.4832 5.95271 15.4894 
v 27.4832 5.93653 15.4894 
v 31.9832 5.93653 15.4894 
v 27.4832 5.93652 15.4737 
v 31.9832 5.93652 15.4737 
v 46.9832 5.93653 15.4894 
v 42.4832 5.93653 15.4894 
v 46.9832 5.95271 15.4894 
v 42.4832 5.95271 15.4894 
v 42.4832 5.93653 15.4894 
v 46.9832 5.93653 15.4894 
v 42.4832 5.93652 15.4737 
v 46.9832 5.93652 15.4737 
v 46.9832 5.974 15.4894 
v 46.9832 5.96371 15.5 
v 42.4832 5.974 15.4894 
v 42.4832 5.96371 15.5 
v 42.4832 5.96371 15.5 
v 46.9832 5.96371 15.5 
v 42.4832 5.95271 15.4894 
v 46.9832 5.95271 15.4894 
v 27.4832 5.96371 15.5 
v 31.9832 5.96371 15.5 
v 27.4832 5.95271 15.4894 
v 31.9832 5.95271 15.4894 
v 31.9832 5.974 15.4894 
v 31.9832 5.96371 15.5 
v 27.4832 5.974 15.4894 
v 27.4832 5.96371 15.5 
v 27.4832 5.95271 15.4894 
v 27.4832 5.93653 15.4894 
v 27.4832 5.96371 15.5 
v 31.9832 5.93653 15.4894 
v 31.9832 5.96371 15.5 
v 31.9832 5.95271 15.4894 
v 42.4832 5.96371 15.5 
v 42.4832 5.93653 15.4894 
v 42.4832 5.95271 15.4894 
v 46.9832 5.93653 15.4894 
v 46.9832 5.96371 15.5 
v 46.9832 5.95271 15.4894 
v 46.9832 11.9365 15.4894 
v 46.9832 11.9365 15.4869 
v 46.9832 11.9365 15.4869 
v 42.4832 11.9365 15.4869 
v 46.9832 11.9424 15.4913 
v 42.4832 11.9424 15.4913 
v 31.9832 11.9424 15.4913 
v 31.9832 11.9365 15.4869 
v 27.4832 11.9424 15.4913 
v 27.4832 11.9365 15.4869 
v 42.4832 5.93652 15.4737 
v 46.9832 5.93652 15.4737 
v 42.4832 3.88454 13.4894 
v 46.9832 5.93257 15.4699 
v 46.9832 3.88454 13.4894 
v 27.4832 5.93652 15.4737 
v 31.9832 5.93652 15.4737 
v 27.4832 3.88454 13.4894 
v 31.9832 5.93257 15.4699 
v 31.9832 3.88454 13.4894 
v 27.4832 5.93652 15.4737 
v 27.4832 3.88454 13.4894 
v 31.9832 5.93652 15.4737 
v 31.9832 5.93257 15.4699 
v 42.4832 5.93652 15.4737 
v 42.4832 3.88454 13.4894 
v 46.9832 5.93652 15.4737 
v 46.9832 5.93257 15.4699 
v 31.9832 5.974 15.4894 
v 31.9832 11.9365 15.4894 
v 42.4832 5.974 15.4894 
v 27.4832 5.974 15.4894 
v 42.4832 11.9365 15.4894 
v 42.4832 11.9365 15.4869 
v 31.9832 11.9365 15.4869 
v 27.4832 11.9365 15.4894 
v 27.4832 11.9365 15.4869 
v 46.9832 5.974 15.4894 
v 27.4832 0.436848 13.4894 
v 42.4832 0.436543 13.4894 

vn 1 0 0 
vn 1 0 0 
vn 1 0 0 
vn 0 -0.80315 -0.598425 
vn 0 -0.80315 -0.598425 
vn 0 -0.80315 -0.598425 
vn 0 -0.80315 -0.598425 
vn 0 0 -1 
vn 0 0 -1 
vn 0 0 -1 
vn 0 0 -1 
vn -1 0 0 
vn -1 0 0 
vn -1 0 0 
vn -1 0 0 
vn 0 1 0 
vn 0 1 0 
vn 0 1 0 
vn 0 1 0 
vn 1 0 0 
vn 0 -1 0 
vn 0 -1 0 
vn 0 -1 0 
vn 0 -1 0 
vn 0 0 1 
vn 0 0 1 
vn 0 0 1 
vn 0 0 1 
vn 0 0 1 
vn -1 0 0 
vn 0 0 -1 
vn 0 0 -1 
vn 0 0 -1 
vn 0 0 -1 
vn 1 0 0 
vn 1 0 0 
vn 1 0 0 
vn 1 0 0 
vn 1 0 0 
vn 1 0 0 
vn 1 0 0 
vn 0 -0.80315 -0.598425 
vn 0 -0.80315 -0.598425 
vn 0 -0.80315 -0.598425 
vn 0 -0.80315 -0.598425 
vn 0 0 -1 
vn 0 0 -1 
vn 0 0 -1 
vn 0 0 -1 
vn -1 0 0 
vn -1 0 0 
vn -1 0 0 
vn -1 0 0 
vn 0 1 0 
vn 0 1 0 
vn 0 1 0 
vn 0 1 0 
vn 1 0 0 
vn 0 -1 0 
vn 0 -1 0 
vn 0 -1 0 
vn 0 -1 0 
vn 0 0 1 
vn 0 0 1 
vn 0 0 1 
vn 0 0 1 
vn 0 0 1 
vn -1 0 0 
vn 0 0 -1 
vn 0 0 -1 
vn 0 0 -1 
vn 0 0 -1 
vn 1 0 0 
vn 1 0 0 
vn 1 0 0 
vn 1 0 0 
vn 0 -1 0 
vn 0 -1 0 
vn 0 -1 0 
vn 0 -1 0 
vn 0 0 -1 
vn 0 0 -1 
vn 0 0 -1 
vn 0 0 -1 
vn 0 0 -1 
vn 0 0 -1 
vn 0 0 -1 
vn 0 0 -1 
vn 0 -1 0 
vn 0 -1 0 
vn 0 -1 0 
vn 0 -1 0 
vn 0 0 -1 
vn 0 0 -1 
vn 0 0 -1 
vn 0 0 -1 
vn 0 1 0 
vn 0 1 0 
vn 0 1 0 
vn 0 1 0 
vn 0 0 -1 
vn 0 0 -1 
vn 0 0 -1 
vn 0 0 -1 
vn 0 1 0 
vn 0 1 0 
vn 0 1 0 
vn 0 1 0 
vn 0 -0.716535 -0.692913 
vn 0 -0.716535 -0.692913 
vn 0 -0.716535 -0.692913 
vn 0 -0.716535 -0.692913 
vn 0 0.692913 -0.716535 
vn 0 0.692913 -0.716535 
vn 0 0.692913 -0.716535 
vn 0 0.692913 -0.716535 
vn 0 0.692913 -0.716535 
vn 0 0.692913 -0.716535 
vn 0 0.692913 -0.716535 
vn 0 0.692913 -0.716535 
vn 0 -0.716535 -0.692913 
vn 0 -0.716535 -0.692913 
vn 0 -0.716535 -0.692913 
vn 0 -0.716535 -0.692913 
vn -1 0 0 
vn -1 0 0 
vn -1 0 0 
vn 1 0 0 
vn 1 0 0 
vn 1 0 0 
vn -1 0 0 
vn -1 0 0 
vn -1 0 0 
vn 1 0 0 
vn 1 0 0 
vn 1 0 0 
vn 1 0 0 
vn 1 0 0 
vn 0 0.598425 -0.80315 
vn 0 0.598425 -0.80315 
vn 0 0.598425 -0.80315 
vn 0 0.598425 -0.80315 
vn 0 0.598425 -0.80315 
vn 0 0.598425 -0.80315 
vn 0 0.598425 -0.80315 
vn 0 0.598425 -0.80315 
vn 0 0.692913 -0.716535 
vn 0 0.692913 -0.716535 
vn 0 0.692913 -0.716535 
vn 0 0.692913 -0.716535 
vn 0 0.692913 -0.716535 
vn 0 0.692913 -0.716535 
vn 0 0.692913 -0.716535 
vn 0 0.692913 -0.716535 
vn 0 0.692913 -0.716535 
vn 0 0.692913 -0.716535 
vn -1 0 0 
vn -1 0 0 
vn 1 0 0 
vn 1 0 0 
vn -1 0 0 
vn -1 0 0 
vn 1 0 0 
vn 1 0 0 
vn 1 0 0 
vn 1 0 0 
vn -1 0 0 
vn -1 0 0 
vn -1 0 0 
vn -1 0 0 
vn 1 0 0 
vn -1 0 0 
vn -1 0 0 
vn 1 0 0 
vn -1 0 0 
vn -1 0 0 

vt 50.3438 -20.3756 
vt 49.6562 -20 
vt 50.0935 -20.5618 
vt 50.6562 -20.9065 
vt 51.2188 -20.9065 
vt 50.6562 -20.6562 
vt 51.2188 -20.6562 
vt 50.6562 -20.3756 
vt 51.2188 -20.3756 
vt 50.6562 -20 
vt 51.2188 -20 
vt 49.6562 -20.3756 
vt 49.9065 -20.5618 
vt 49.6562 -20 
vt 50.3438 -20 
vt 49.3438 -21.3438 
vt 49.3438 -20.6562 
vt 48.7812 -21.3438 
vt 48.7812 -20.6562 
vt 50.3438 -20 
vt 51.2188 -21.3438 
vt 51.2188 -20.6562 
vt 50.6562 -21.3438 
vt 50.6562 -20.6562 
vt 49.3438 -22 
vt 49.3438 -20.8742 
vt 48.7812 -22 
vt 49.3438 -20 
vt 48.7812 -20 
vt 50.3438 -22 
vt 50.6562 -22 
vt 51.2188 -22 
vt 50.6562 -21.569 
vt 51.2188 -21.569 
vt 50.3438 -22 
vt 50.3438 -21.569 
vt 49.6562 -22 
vt 49.6562 -20.8742 
vt 50.3438 -20.3756 
vt 49.6562 -20 
vt 50.0935 -20.5618 
vt 48.7812 -20.9065 
vt 49.3438 -20.9065 
vt 48.7812 -20.6562 
vt 49.3438 -20.6562 
vt 49.3438 -20.3756 
vt 49.3438 -20 
vt 48.7812 -20.3756 
vt 48.7812 -20 
vt 49.6562 -20.3756 
vt 49.9065 -20.5618 
vt 49.6562 -20 
vt 50.3438 -20 
vt 51.2188 -21.3438 
vt 51.2188 -20.6562 
vt 50.6562 -21.3438 
vt 50.6562 -20.6562 
vt 50.3438 -20 
vt 49.3438 -21.3438 
vt 49.3438 -20.6562 
vt 48.7812 -21.3438 
vt 48.7812 -20.6562 
vt 51.2188 -22 
vt 51.2188 -20.8742 
vt 50.6562 -22 
vt 51.2188 -20 
vt 50.6562 -20 
vt 50.3438 -22 
vt 49.3438 -21.569 
vt 48.7812 -21.569 
vt 49.3438 -22 
vt 48.7812 -22 
vt 50.3438 -22 
vt 50.3438 -21.569 
vt 49.6562 -22 
vt 49.6562 -20.8742 
vt 48.7812 -20.9062 
vt 49.3438 -20.9062 
vt 48.7812 -20.9059 
vt 49.3438 -20.9059 
vt 49.3438 -20.5625 
vt 48.7812 -20.5625 
vt 49.3438 -21.3078 
vt 48.7812 -21.3078 
vt 51.2188 -20.5625 
vt 50.6562 -20.5625 
vt 51.2188 -21.3078 
vt 50.6562 -21.3078 
vt 50.6562 -20.9062 
vt 51.2188 -20.9062 
vt 50.6562 -20.9059 
vt 51.2188 -20.9059 
vt 50.6562 -21.3125 
vt 51.2188 -21.3125 
vt 50.6562 -21.3105 
vt 51.2188 -21.3105 
vt 48.7812 -20.9062 
vt 49.3438 -20.9062 
vt 48.7812 -20.9043 
vt 49.3438 -20.9043 
vt 48.7812 -21.3125 
vt 49.3438 -21.3125 
vt 48.7812 -21.3105 
vt 49.3438 -21.3105 
vt 50.6562 -20.9062 
vt 51.2188 -20.9062 
vt 50.6562 -20.9043 
vt 51.2188 -20.9043 
vt 48.7812 -20.9062 
vt 48.7812 -20.9076 
vt 49.3438 -20.9062 
vt 49.3438 -20.9076 
vt 49.3438 -21.3091 
vt 48.7812 -21.3091 
vt 49.3438 -21.3105 
vt 48.7812 -21.3105 
vt 51.2188 -21.3091 
vt 50.6562 -21.3091 
vt 51.2188 -21.3105 
vt 50.6562 -21.3105 
vt 50.6562 -20.9062 
vt 50.6562 -20.9076 
vt 51.2188 -20.9062 
vt 51.2188 -20.9076 
vt 49.9062 -21.3105 
vt 49.9062 -21.3125 
vt 49.9076 -21.3091 
vt 50.0938 -21.3125 
vt 50.0924 -21.3091 
vt 50.0938 -21.3105 
vt 49.9076 -21.3091 
vt 49.9062 -21.3125 
vt 49.9062 -21.3105 
vt 50.0938 -21.3125 
vt 50.0924 -21.3091 
vt 50.0938 -21.3105 
vt 50.0938 -20.5625 
vt 50.0941 -20.5625 
vt 48.7812 -20.5625 
vt 49.3438 -20.5625 
vt 48.7812 -20.5618 
vt 49.3438 -20.5618 
vt 50.6562 -20.5618 
vt 50.6562 -20.5625 
vt 51.2188 -20.5618 
vt 51.2188 -20.5625 
vt 49.3438 -21.3125 
vt 48.7812 -21.3125 
vt 49.3438 -21.569 
vt 48.7812 -21.313 
vt 48.7812 -21.569 
vt 51.2188 -21.3125 
vt 50.6562 -21.3125 
vt 51.2188 -21.569 
vt 50.6562 -21.313 
vt 50.6562 -21.569 
vt 49.9043 -21.3125 
vt 49.6562 -21.569 
vt 50.0957 -21.3125 
vt 50.0962 -21.313 
vt 49.9043 -21.3125 
vt 49.6562 -21.569 
vt 50.0957 -21.3125 
vt 50.0962 -21.313 
vt 50.0938 -21.3078 
vt 50.0938 -20.5625 
vt 49.9062 -21.3078 
vt 49.9062 -21.3078 
vt 49.9062 -20.5625 
vt 49.9059 -20.5625 
vt 50.0941 -20.5625 
vt 49.9062 -20.5625 
vt 49.9059 -20.5625 
vt 50.0938 -21.3078 
vt 49.6562 -22 
vt 49.6562 -22 

usemtl Part3Mtl

f 1995/1995/1995 1996/1996/1996 1997/1997/1997 
f 1998/1998/1998 1999/1999/1999 2000/2000/2000 
f 1999/1999/1999 2001/2001/2001 2000/2000/2000 
f 2002/2002/2002 2003/2003/2003 2004/2004/2004 
f 2003/2003/2003 2005/2005/2005 2004/2004/2004 
f 2006/2006/2006 2007/2007/2007 2008/2008/2008 
f 2007/2007/2007 2009/2009/2009 2008/2008/2008 
f 2010/2010/2010 2011/2011/2011 2012/2012/2012 
f 2011/2011/2011 2013/2013/2013 2012/2012/2012 
f 1995/1995/1995 2014/2014/2014 1996/1996/1996 
f 2015/2015/2015 2016/2016/2016 2017/2017/2017 
f 2016/2016/2016 2018/2018/2018 2017/2017/2017 
f 2019/2019/2019 2020/2020/2020 2021/2021/2021 
f 2020/2020/2020 2022/2022/2022 2021/2021/2021 
f 2023/2023/2023 2021/2021/2021 2022/2022/2022 
f 2007/2007/2007 2024/2024/2024 2009/2009/2009 
f 2025/2025/2025 2026/2026/2026 2027/2027/2027 
f 2026/2026/2026 2028/2028/2028 2027/2027/2027 
f 2029/2029/2029 2030/2030/2030 2031/2031/2031 
f 1996/1996/1996 2032/2032/2032 2031/2031/2031 
f 2033/2033/2033 2034/2034/2034 2035/2035/2035 
f 2036/2036/2036 2037/2037/2037 2038/2038/2038 
f 2037/2037/2037 2039/2039/2039 2038/2038/2038 
f 2040/2040/2040 2041/2041/2041 2042/2042/2042 
f 2043/2043/2043 2042/2042/2042 2041/2041/2041 
f 2044/2044/2044 2045/2045/2045 2046/2046/2046 
f 2045/2045/2045 2047/2047/2047 2046/2046/2046 
f 2048/2048/2048 2049/2049/2049 2050/2050/2050 
f 2049/2049/2049 2051/2051/2051 2050/2050/2050 
f 2033/2033/2033 2052/2052/2052 2034/2034/2034 
f 2053/2053/2053 2054/2054/2054 2055/2055/2055 
f 2054/2054/2054 2056/2056/2056 2055/2055/2055 
f 2057/2057/2057 2058/2058/2058 2059/2059/2059 
f 2058/2058/2058 2060/2060/2060 2059/2059/2059 
f 2061/2061/2061 2059/2059/2059 2060/2060/2060 
f 2045/2045/2045 2062/2062/2062 2047/2047/2047 
f 2063/2063/2063 2064/2064/2064 2065/2065/2065 
f 2064/2064/2064 2066/2066/2066 2065/2065/2065 
f 2067/2067/2067 2068/2068/2068 2069/2069/2069 
f 2034/2034/2034 2070/2070/2070 2069/2069/2069 
f 2071/2071/2071 2072/2072/2072 2073/2073/2073 
f 2072/2072/2072 2074/2074/2074 2073/2073/2073 
f 2075/2075/2075 2076/2076/2076 2077/2077/2077 
f 2076/2076/2076 2078/2078/2078 2077/2077/2077 
f 2079/2079/2079 2080/2080/2080 2081/2081/2081 
f 2080/2080/2080 2082/2082/2082 2081/2081/2081 
f 2083/2083/2083 2084/2084/2084 2085/2085/2085 
f 2084/2084/2084 2086/2086/2086 2085/2085/2085 
f 2087/2087/2087 2088/2088/2088 2089/2089/2089 
f 2088/2088/2088 2090/2090/2090 2089/2089/2089 
f 2091/2091/2091 2092/2092/2092 2093/2093/2093 
f 2092/2092/2092 2094/2094/2094 2093/2093/2093 
f 2095/2095/2095 2096/2096/2096 2097/2097/2097 
f 2096/2096/2096 2098/2098/2098 2097/2097/2097 
f 2099/2099/2099 2100/2100/2100 2101/2101/2101 
f 2100/2100/2100 2102/2102/2102 2101/2101/2101 
f 2103/2103/2103 2104/2104/2104 2105/2105/2105 
f 2104/2104/2104 2106/2106/2106 2105/2105/2105 
f 2107/2107/2107 2108/2108/2108 2109/2109/2109 
f 2108/2108/2108 2110/2110/2110 2109/2109/2109 
f 2111/2111/2111 2112/2112/2112 2113/2113/2113 
f 2112/2112/2112 2114/2114/2114 2113/2113/2113 
f 2115/2115/2115 2116/2116/2116 2117/2117/2117 
f 2116/2116/2116 2118/2118/2118 2117/2117/2117 
f 2119/2119/2119 2120/2120/2120 2121/2121/2121 
f 2120/2120/2120 2024/2024/2024 2121/2121/2121 
f 2024/2024/2024 2007/2007/2007 2121/2121/2121 
f 2122/2122/2122 2123/2123/2123 2031/2031/2031 
f 2124/2124/2124 2123/2123/2123 2122/2122/2122 
f 2062/2062/2062 2125/2125/2125 2126/2126/2126 
f 2127/2127/2127 2126/2126/2126 2125/2125/2125 
f 2128/2128/2128 2129/2129/2129 2069/2069/2069 
f 2130/2130/2130 2129/2129/2129 2128/2128/2128 
f 2131/2131/2131 2132/2132/2132 2035/2035/2035 
f 2133/2133/2133 2134/2134/2134 2135/2135/2135 
f 2134/2134/2134 2136/2136/2136 2135/2135/2135 
f 2137/2137/2137 2138/2138/2138 2139/2139/2139 
f 2138/2138/2138 2140/2140/2140 2139/2139/2139 
f 2141/2141/2141 2142/2142/2142 2143/2143/2143 
f 2142/2142/2142 2144/2144/2144 2143/2143/2143 
f 2144/2144/2144 2145/2145/2145 2143/2143/2143 
f 2146/2146/2146 2147/2147/2147 2148/2148/2148 
f 2147/2147/2147 2149/2149/2149 2148/2148/2148 
f 2149/2149/2149 2150/2150/2150 2148/2148/2148 
f 2151/2151/2151 2152/2152/2152 2120/2120/2120 
f 2122/2122/2122 2031/2031/2031 2153/2153/2153 
f 2031/2031/2031 2154/2154/2154 2153/2153/2153 
f 2155/2155/2155 2156/2156/2156 2126/2126/2126 
f 2128/2128/2128 2069/2069/2069 2157/2157/2157 
f 2069/2069/2069 2158/2158/2158 2157/2157/2157 
f 2159/2159/2159 2160/2160/2160 2123/2123/2123 
f 2160/2160/2160 1996/1996/1996 2123/2123/2123 
f 1996/1996/1996 2031/2031/2031 2123/2123/2123 
f 2161/2161/2161 2125/2125/2125 2045/2045/2045 
f 2125/2125/2125 2062/2062/2062 2045/2045/2045 
f 2007/2007/2007 2162/2162/2162 2121/2121/2121 
f 2161/2161/2161 2045/2045/2045 2163/2163/2163 
f 2045/2045/2045 2164/2164/2164 2163/2163/2163 
f 2165/2165/2165 1997/1997/1997 2160/2160/2160 
f 1997/1997/1997 1996/1996/1996 2160/2160/2160 
f 2162/2162/2162 2007/2007/2007 2166/2166/2166 
f 2007/2007/2007 2167/2167/2167 2166/2166/2166 
f 2034/2034/2034 2069/2069/2069 2035/2035/2035 
f 2069/2069/2069 2129/2129/2129 2035/2035/2035 
f 2129/2129/2129 2168/2168/2168 2035/2035/2035 
f 2168/2168/2168 2131/2131/2131 2035/2035/2035 
f 2120/2120/2120 2152/2152/2152 2024/2024/2024 
f 2152/2152/2152 2169/2169/2169 2024/2024/2024 
f 2031/2031/2031 2030/2030/2030 2154/2154/2154 
f 2126/2126/2126 2156/2156/2156 2062/2062/2062 
f 2156/2156/2156 2170/2170/2170 2062/2062/2062 
f 2069/2069/2069 2068/2068/2068 2158/2158/2158 

g Part32

v 34.4834 12.0142 13.9762 
v 34.4834 10.9535 15.0368 
v 34.4834 12.7723 14.7343 
v 34.4834 11.7116 15.7949 
v 39.4834 10.9535 15.0368 
v 34.4834 10.9535 15.0368 
v 39.4834 12.0142 13.9762 
v 34.4834 12.0142 13.9762 
v 34.4834 10.9535 15.0368 
v 39.4834 10.9535 15.0368 
v 34.4834 11.7116 15.7949 
v 39.4834 11.7116 15.7949 
v 39.4834 10.9535 15.0368 
v 39.4834 12.0142 13.9762 
v 39.4834 11.7116 15.7949 
v 39.4834 12.7723 14.7343 
v 39.4834 12.7723 14.7343 
v 34.4834 12.7723 14.7343 
v 39.4834 11.7116 15.7949 
v 34.4834 11.7116 15.7949 
v 39.4834 12.0142 13.9762 
v 34.4834 12.0142 13.9762 
v 39.4834 12.7723 14.7343 
v 34.4834 12.7723 14.7343 

vn -1 0 0 
vn -1 0 0 
vn -1 0 0 
vn -1 0 0 
vn 0 -0.708661 -0.708661 
vn 0 -0.708661 -0.708661 
vn 0 -0.708661 -0.708661 
vn 0 -0.708661 -0.708661 
vn 0 -0.708661 0.708661 
vn 0 -0.708661 0.708661 
vn 0 -0.708661 0.708661 
vn 0 -0.708661 0.708661 
vn 1 0 0 
vn 1 0 0 
vn 1 0 0 
vn 1 0 0 
vn 0 0.708661 0.708661 
vn 0 0.708661 0.708661 
vn 0 0.708661 0.708661 
vn 0 0.708661 0.708661 
vn 0 0.708661 -0.708661 
vn 0 0.708661 -0.708661 
vn 0 0.708661 -0.708661 
vn 0 0.708661 -0.708661 

vt -0.122786 1.4229 
vt -0.310286 1.4229 
vt -0.122786 1.28888 
vt -0.310286 1.28888 
vt 0.314714 1.4229 
vt -0.310286 1.4229 
vt 0.314714 1.2354 
vt -0.310286 1.2354 
vt 0.314714 1.4229 
vt -0.310286 1.4229 
vt 0.314714 1.28888 
vt -0.310286 1.28888 
vt -0.122786 1.4229 
vt -0.310286 1.4229 
vt -0.122786 1.28888 
vt -0.310286 1.28888 
vt 0.314714 1.4229 
vt -0.310286 1.4229 
vt 0.314714 1.2354 
vt -0.310286 1.2354 
vt 0.314714 1.4229 
vt -0.310286 1.4229 
vt 0.314714 1.28888 
vt -0.310286 1.28888 

usemtl Part1Mtl

f 2171/2171/2171 2172/2172/2172 2173/2173/2173 
f 2173/2173/2173 2172/2172/2172 2174/2174/2174 
f 2175/2175/2175 2176/2176/2176 2177/2177/2177 
f 2177/2177/2177 2176/2176/2176 2178/2178/2178 
f 2179/2179/2179 2180/2180/2180 2181/2181/2181 
f 2181/2181/2181 2180/2180/2180 2182/2182/2182 
f 2183/2183/2183 2184/2184/2184 2185/2185/2185 
f 2185/2185/2185 2184/2184/2184 2186/2186/2186 
f 2187/2187/2187 2188/2188/2188 2189/2189/2189 
f 2189/2189/2189 2188/2188/2188 2190/2190/2190 
f 2191/2191/2191 2192/2192/2192 2193/2193/2193 
f 2193/2193/2193 2192/2192/2192 2194/2194/2194 

g Part33

v 33.9834 12.4188 13.6736 
v 33.9834 10.651 15.4414 
v 33.9834 13.1259 14.3807 
v 33.9834 11.3581 16.1485 
v 39.9834 10.651 15.4414 
v 33.9834 10.651 15.4414 
v 39.9834 12.4188 13.6736 
v 33.9834 12.4188 13.6736 
v 33.9834 10.651 15.4414 
v 39.9834 10.651 15.4414 
v 33.9834 11.3581 16.1485 
v 39.9834 11.3581 16.1485 
v 39.9834 10.651 15.4414 
v 39.9834 12.4188 13.6736 
v 39.9834 11.3581 16.1485 
v 39.9834 13.1259 14.3807 
v 39.9834 13.1259 14.3807 
v 33.9834 13.1259 14.3807 
v 39.9834 11.3581 16.1485 
v 33.9834 11.3581 16.1485 
v 39.9834 12.4188 13.6736 
v 33.9834 12.4188 13.6736 
v 39.9834 13.1259 14.3807 
v 33.9834 13.1259 14.3807 

vn -1 0 0 
vn -1 0 0 
vn -1 0 0 
vn -1 0 0 
vn 0 -0.708661 -0.708661 
vn 0 -0.708661 -0.708661 
vn 0 -0.708661 -0.708661 
vn 0 -0.708661 -0.708661 
vn 0 -0.708661 0.708661 
vn 0 -0.708661 0.708661 
vn 0 -0.708661 0.708661 
vn 0 -0.708661 0.708661 
vn 1 0 0 
vn 1 0 0 
vn 1 0 0 
vn 1 0 0 
vn 0 0.708661 0.708661 
vn 0 0.708661 0.708661 
vn 0 0.708661 0.708661 
vn 0 0.708661 0.708661 
vn 0 0.708661 -0.708661 
vn 0 0.708661 -0.708661 
vn 0 0.708661 -0.708661 
vn 0 0.708661 -0.708661 

vt 2.8125 -2.75 
vt 2.5 -2.75 
vt 2.8125 -2.875 
vt 2.5 -2.875 
vt 3.25 -2.75 
vt 2.5 -2.75 
vt 3.25 -3.0625 
vt 2.5 -3.0625 
vt 3.25 -2.75 
vt 2.5 -2.75 
vt 3.25 -2.875 
vt 2.5 -2.875 
vt 2.8125 -2.75 
vt 2.5 -2.75 
vt 2.8125 -2.875 
vt 2.5 -2.875 
vt 3.25 -2.75 
vt 2.5 -2.75 
vt 3.25 -3.0625 
vt 2.5 -3.0625 
vt 3.25 -2.75 
vt 2.5 -2.75 
vt 3.25 -2.875 
vt 2.5 -2.875 

usemtl Union1Mtl

f 2195/2195/2195 2196/2196/2196 2197/2197/2197 
f 2197/2197/2197 2196/2196/2196 2198/2198/2198 
f 2199/2199/2199 2200/2200/2200 2201/2201/2201 
f 2201/2201/2201 2200/2200/2200 2202/2202/2202 
f 2203/2203/2203 2204/2204/2204 2205/2205/2205 
f 2205/2205/2205 2204/2204/2204 2206/2206/2206 
f 2207/2207/2207 2208/2208/2208 2209/2209/2209 
f 2209/2209/2209 2208/2208/2208 2210/2210/2210 
f 2211/2211/2211 2212/2212/2212 2213/2213/2213 
f 2213/2213/2213 2212/2212/2212 2214/2214/2214 
f 2215/2215/2215 2216/2216/2216 2217/2217/2217 
f 2217/2217/2217 2216/2216/2216 2218/2218/2218 

g Part34

v 33.4834 13.1259 13.6736 
v 33.4834 10.651 16.1485 
v 33.4834 14.1865 14.7343 
v 33.4834 11.7116 17.2091 
v 40.4834 10.651 16.1485 
v 33.4834 10.651 16.1485 
v 40.4834 13.1259 13.6736 
v 33.4834 13.1259 13.6736 
v 33.4834 10.651 16.1485 
v 40.4834 10.651 16.1485 
v 33.4834 11.7116 17.2091 
v 40.4834 11.7116 17.2091 
v 40.4834 10.651 16.1485 
v 40.4834 13.1259 13.6736 
v 40.4834 11.7116 17.2091 
v 40.4834 14.1865 14.7343 
v 40.4834 14.1865 14.7343 
v 33.4834 14.1865 14.7343 
v 40.4834 11.7116 17.2091 
v 33.4834 11.7116 17.2091 
v 40.4834 13.1259 13.6736 
v 33.4834 13.1259 13.6736 
v 40.4834 14.1865 14.7343 
v 33.4834 14.1865 14.7343 

vn -1 0 0 
vn -1 0 0 
vn -1 0 0 
vn -1 0 0 
vn 0 -0.708661 -0.708661 
vn 0 -0.708661 -0.708661 
vn 0 -0.708661 -0.708661 
vn 0 -0.708661 -0.708661 
vn 0 -0.708661 0.708661 
vn 0 -0.708661 0.708661 
vn 0 -0.708661 0.708661 
vn 0 -0.708661 0.708661 
vn 1 0 0 
vn 1 0 0 
vn 1 0 0 
vn 1 0 0 
vn 0 0.708661 0.708661 
vn 0 0.708661 0.708661 
vn 0 0.708661 0.708661 
vn 0 0.708661 0.708661 
vn 0 0.708661 -0.708661 
vn 0 0.708661 -0.708661 
vn 0 0.708661 -0.708661 
vn 0 0.708661 -0.708661 

vt 7.4375 -1.25 
vt 7 -1.25 
vt 7.4375 -1.4375 
vt 7 -1.4375 
vt 7.875 -1.25 
vt 7 -1.25 
vt 7.875 -1.6875 
vt 7 -1.6875 
vt 7.875 -1.25 
vt 7 -1.25 
vt 7.875 -1.4375 
vt 7 -1.4375 
vt 7.4375 -1.25 
vt 7 -1.25 
vt 7.4375 -1.4375 
vt 7 -1.4375 
vt 7.875 -1.25 
vt 7 -1.25 
vt 7.875 -1.6875 
vt 7 -1.6875 
vt 7.875 -1.25 
vt 7 -1.25 
vt 7.875 -1.4375 
vt 7 -1.4375 

usemtl Part3Mtl

f 2219/2219/2219 2220/2220/2220 2221/2221/2221 
f 2221/2221/2221 2220/2220/2220 2222/2222/2222 
f 2223/2223/2223 2224/2224/2224 2225/2225/2225 
f 2225/2225/2225 2224/2224/2224 2226/2226/2226 
f 2227/2227/2227 2228/2228/2228 2229/2229/2229 
f 2229/2229/2229 2228/2228/2228 2230/2230/2230 
f 2231/2231/2231 2232/2232/2232 2233/2233/2233 
f 2233/2233/2233 2232/2232/2232 2234/2234/2234 
f 2235/2235/2235 2236/2236/2236 2237/2237/2237 
f 2237/2237/2237 2236/2236/2236 2238/2238/2238 
f 2239/2239/2239 2240/2240/2240 2241/2241/2241 
f 2241/2241/2241 2240/2240/2240 2242/2242/2242 

g Part35

v 22.4834 1.93664 18.9891 
v 22.4834 1.93664 13.9891 
v 22.4834 0.936643 18.9891 
v 22.4834 0.936643 13.9891 
v 56.9834 1.93664 13.9891 
v 22.4834 1.93664 13.9891 
v 56.9834 1.93664 18.9891 
v 22.4834 1.93664 18.9891 
v 22.4834 1.93664 13.9891 
v 56.9834 1.93664 13.9891 
v 22.4834 0.936643 13.9891 
v 56.9834 0.936643 13.9891 
v 56.9834 1.93664 13.9891 
v 56.9834 1.93664 18.9891 
v 56.9834 0.936643 13.9891 
v 56.9834 0.936643 18.9891 
v 56.9834 0.936643 18.9891 
v 22.4834 0.936643 18.9891 
v 56.9834 0.936643 13.9891 
v 22.4834 0.936643 13.9891 
v 56.9834 1.93664 18.9891 
v 22.4834 1.93664 18.9891 
v 56.9834 0.936643 18.9891 
v 22.4834 0.936643 18.9891 

vn -1 0 0 
vn -1 0 0 
vn -1 0 0 
vn -1 0 0 
vn 0 1 0 
vn 0 1 0 
vn 0 1 0 
vn 0 1 0 
vn 0 0 -1 
vn 0 0 -1 
vn 0 0 -1 
vn 0 0 -1 
vn 1 0 0 
vn 1 0 0 
vn 1 0 0 
vn 1 0 0 
vn 0 -1 0 
vn 0 -1 0 
vn 0 -1 0 
vn 0 -1 0 
vn 0 0 1 
vn 0 0 1 
vn 0 0 1 
vn 0 0 1 

vt 8.125 -3 
vt 7.5 -3 
vt 8.125 -3.125 
vt 7.5 -3.125 
vt 11.8125 -3 
vt 7.5 -3 
vt 11.8125 -3.625 
vt 7.5 -3.625 
vt 11.8125 -3 
vt 7.5 -3 
vt 11.8125 -3.125 
vt 7.5 -3.125 
vt 8.125 -3 
vt 7.5 -3 
vt 8.125 -3.125 
vt 7.5 -3.125 
vt 11.8125 -3 
vt 7.5 -3 
vt 11.8125 -3.625 
vt 7.5 -3.625 
vt 11.8125 -3 
vt 7.5 -3 
vt 11.8125 -3.125 
vt 7.5 -3.125 

usemtl Part3Mtl

f 2243/2243/2243 2244/2244/2244 2245/2245/2245 
f 2245/2245/2245 2244/2244/2244 2246/2246/2246 
f 2247/2247/2247 2248/2248/2248 2249/2249/2249 
f 2249/2249/2249 2248/2248/2248 2250/2250/2250 
f 2251/2251/2251 2252/2252/2252 2253/2253/2253 
f 2253/2253/2253 2252/2252/2252 2254/2254/2254 
f 2255/2255/2255 2256/2256/2256 2257/2257/2257 
f 2257/2257/2257 2256/2256/2256 2258/2258/2258 
f 2259/2259/2259 2260/2260/2260 2261/2261/2261 
f 2261/2261/2261 2260/2260/2260 2262/2262/2262 
f 2263/2263/2263 2264/2264/2264 2265/2265/2265 
f 2265/2265/2265 2264/2264/2264 2266/2266/2266 

g Part36

v 22.4834 0.936643 15.9891 
v 22.4834 0.936643 -6.51091 
v 22.4834 1.23978e-05 15.9891 
v 22.4834 1.23978e-05 -6.51091 
v 55.2884 0.936643 -6.51091 
v 22.4834 0.936643 -6.51091 
v 55.2884 0.936643 15.9891 
v 22.4834 0.936643 15.9891 
v 22.4834 0.936643 -6.51091 
v 55.2884 0.936643 -6.51091 
v 22.4834 1.23978e-05 -6.51091 
v 55.2884 1.23978e-05 -6.51091 
v 55.2884 0.936643 -6.51091 
v 55.2884 0.936643 15.9891 
v 55.2884 1.23978e-05 -6.51091 
v 55.2884 1.23978e-05 15.9891 
v 55.2884 1.23978e-05 15.9891 
v 22.4834 1.23978e-05 15.9891 
v 55.2884 1.23978e-05 -6.51091 
v 22.4834 1.23978e-05 -6.51091 
v 55.2884 0.936643 15.9891 
v 22.4834 0.936643 15.9891 
v 55.2884 1.23978e-05 15.9891 
v 22.4834 1.23978e-05 15.9891 

vn -1 0 0 
vn -1 0 0 
vn -1 0 0 
vn -1 0 0 
vn 0 1 0 
vn 0 1 0 
vn 0 1 0 
vn 0 1 0 
vn 0 0 -1 
vn 0 0 -1 
vn 0 0 -1 
vn 0 0 -1 
vn 1 0 0 
vn 1 0 0 
vn 1 0 0 
vn 1 0 0 
vn 0 -1 0 
vn 0 -1 0 
vn 0 -1 0 
vn 0 -1 0 
vn 0 0 1 
vn 0 0 1 
vn 0 0 1 
vn 0 0 1 

vt 9.3125 -0.25 
vt 6.5 -0.25 
vt 9.3125 -0.367079 
vt 6.5 -0.367079 
vt 10.6006 -0.25 
vt 6.5 -0.25 
vt 10.6006 -3.0625 
vt 6.5 -3.0625 
vt 10.6006 -0.25 
vt 6.5 -0.25 
vt 10.6006 -0.367079 
vt 6.5 -0.367079 
vt 9.3125 -0.25 
vt 6.5 -0.25 
vt 9.3125 -0.367079 
vt 6.5 -0.367079 
vt 10.6006 -0.25 
vt 6.5 -0.25 
vt 10.6006 -3.0625 
vt 6.5 -3.0625 
vt 10.6006 -0.25 
vt 6.5 -0.25 
vt 10.6006 -0.367079 
vt 6.5 -0.367079 

usemtl Union3Mtl

f 2267/2267/2267 2268/2268/2268 2269/2269/2269 
f 2269/2269/2269 2268/2268/2268 2270/2270/2270 
f 2271/2271/2271 2272/2272/2272 2273/2273/2273 
f 2273/2273/2273 2272/2272/2272 2274/2274/2274 
f 2275/2275/2275 2276/2276/2276 2277/2277/2277 
f 2277/2277/2277 2276/2276/2276 2278/2278/2278 
f 2279/2279/2279 2280/2280/2280 2281/2281/2281 
f 2281/2281/2281 2280/2280/2280 2282/2282/2282 
f 2283/2283/2283 2284/2284/2284 2285/2285/2285 
f 2285/2285/2285 2284/2284/2284 2286/2286/2286 
f 2287/2287/2287 2288/2288/2288 2289/2289/2289 
f 2289/2289/2289 2288/2288/2288 2290/2290/2290 

g Part37

v 22.4838 0.953315 -2.56436 
v 22.4838 0.953315 -2.97827 
v 22.4838 0.0166845 -2.56436 
v 22.4838 0.0166845 -2.97827 
v 73.9138 0.953315 -2.97827 
v 22.4838 0.953315 -2.97827 
v 73.9138 0.953315 -2.56436 
v 22.4838 0.953315 -2.56436 
v 22.4838 0.953315 -2.97827 
v 73.9138 0.953315 -2.97827 
v 22.4838 0.0166845 -2.97827 
v 73.9138 0.0166845 -2.97827 
v 73.9138 0.953315 -2.97827 
v 73.9138 0.953315 -2.56436 
v 73.9138 0.0166845 -2.97827 
v 73.9138 0.0166845 -2.56436 
v 73.9138 0.0166845 -2.56436 
v 22.4838 0.0166845 -2.56436 
v 73.9138 0.0166845 -2.97827 
v 22.4838 0.0166845 -2.97827 
v 73.9138 0.953315 -2.56436 
v 22.4838 0.953315 -2.56436 
v 73.9138 0.0166845 -2.56436 
v 22.4838 0.0166845 -2.56436 

vn -1 0 0 
vn -1 0 0 
vn -1 0 0 
vn -1 0 0 
vn 0 1 0 
vn 0 1 0 
vn 0 1 0 
vn 0 1 0 
vn 0 0 -1 
vn 0 0 -1 
vn 0 0 -1 
vn 0 0 -1 
vn 1 0 0 
vn 1 0 0 
vn 1 0 0 
vn 1 0 0 
vn 0 -1 0 
vn 0 -1 0 
vn 0 -1 0 
vn 0 -1 0 
vn 0 0 1 
vn 0 0 1 
vn 0 0 1 
vn 0 0 1 

vt 1.30174 -0.25 
vt 1.25 -0.25 
vt 1.30174 -0.367079 
vt 1.25 -0.367079 
vt 7.67875 -0.25 
vt 1.25 -0.25 
vt 7.67875 -0.30174 
vt 1.25 -0.30174 
vt 7.67875 -0.25 
vt 1.25 -0.25 
vt 7.67875 -0.367079 
vt 1.25 -0.367079 
vt 1.30174 -0.25 
vt 1.25 -0.25 
vt 1.30174 -0.367079 
vt 1.25 -0.367079 
vt 7.67875 -0.25 
vt 1.25 -0.25 
vt 7.67875 -0.30174 
vt 1.25 -0.30174 
vt 7.67875 -0.25 
vt 1.25 -0.25 
vt 7.67875 -0.367079 
vt 1.25 -0.367079 

usemtl Part3Mtl

f 2291/2291/2291 2292/2292/2292 2293/2293/2293 
f 2293/2293/2293 2292/2292/2292 2294/2294/2294 
f 2295/2295/2295 2296/2296/2296 2297/2297/2297 
f 2297/2297/2297 2296/2296/2296 2298/2298/2298 
f 2299/2299/2299 2300/2300/2300 2301/2301/2301 
f 2301/2301/2301 2300/2300/2300 2302/2302/2302 
f 2303/2303/2303 2304/2304/2304 2305/2305/2305 
f 2305/2305/2305 2304/2304/2304 2306/2306/2306 
f 2307/2307/2307 2308/2308/2308 2309/2309/2309 
f 2309/2309/2309 2308/2308/2308 2310/2310/2310 
f 2311/2311/2311 2312/2312/2312 2313/2313/2313 
f 2313/2313/2313 2312/2312/2312 2314/2314/2314 

g Part38

v 22.4834 0.953189 11.9891 
v 22.4834 0.953189 11.5752 
v 22.4834 0.0165586 11.9891 
v 22.4834 0.0165586 11.5752 
v 59.3763 0.953189 11.5752 
v 22.4834 0.953189 11.5752 
v 59.3763 0.953189 11.9891 
v 22.4834 0.953189 11.9891 
v 22.4834 0.953189 11.5752 
v 59.3763 0.953189 11.5752 
v 22.4834 0.0165586 11.5752 
v 59.3763 0.0165586 11.5752 
v 59.3763 0.953189 11.5752 
v 59.3763 0.953189 11.9891 
v 59.3763 0.0165586 11.5752 
v 59.3763 0.0165586 11.9891 
v 59.3763 0.0165586 11.9891 
v 22.4834 0.0165586 11.9891 
v 59.3763 0.0165586 11.5752 
v 22.4834 0.0165586 11.5752 
v 59.3763 0.953189 11.9891 
v 22.4834 0.953189 11.9891 
v 59.3763 0.0165586 11.9891 
v 22.4834 0.0165586 11.9891 

vn -1 0 0 
vn -1 0 0 
vn -1 0 0 
vn -1 0 0 
vn 0 1 0 
vn 0 1 0 
vn 0 1 0 
vn 0 1 0 
vn 0 0 -1 
vn 0 0 -1 
vn 0 0 -1 
vn 0 0 -1 
vn 1 0 0 
vn 1 0 0 
vn 1 0 0 
vn 1 0 0 
vn 0 -1 0 
vn 0 -1 0 
vn 0 -1 0 
vn 0 -1 0 
vn 0 0 1 
vn 0 0 1 
vn 0 0 1 
vn 0 0 1 

vt 7.80174 0.75 
vt 7.75 0.75 
vt 7.80174 0.632921 
vt 7.75 0.632921 
vt 12.3616 0.75 
vt 7.75 0.75 
vt 12.3616 0.69826 
vt 7.75 0.69826 
vt 12.3616 0.75 
vt 7.75 0.75 
vt 12.3616 0.632921 
vt 7.75 0.632921 
vt 7.80174 0.75 
vt 7.75 0.75 
vt 7.80174 0.632921 
vt 7.75 0.632921 
vt 12.3616 0.75 
vt 7.75 0.75 
vt 12.3616 0.69826 
vt 7.75 0.69826 
vt 12.3616 0.75 
vt 7.75 0.75 
vt 12.3616 0.632921 
vt 7.75 0.632921 

usemtl Part3Mtl

f 2315/2315/2315 2316/2316/2316 2317/2317/2317 
f 2317/2317/2317 2316/2316/2316 2318/2318/2318 
f 2319/2319/2319 2320/2320/2320 2321/2321/2321 
f 2321/2321/2321 2320/2320/2320 2322/2322/2322 
f 2323/2323/2323 2324/2324/2324 2325/2325/2325 
f 2325/2325/2325 2324/2324/2324 2326/2326/2326 
f 2327/2327/2327 2328/2328/2328 2329/2329/2329 
f 2329/2329/2329 2328/2328/2328 2330/2330/2330 
f 2331/2331/2331 2332/2332/2332 2333/2333/2333 
f 2333/2333/2333 2332/2332/2332 2334/2334/2334 
f 2335/2335/2335 2336/2336/2336 2337/2337/2337 
f 2337/2337/2337 2336/2336/2336 2338/2338/2338 

g Part39

v 22.4838 1 10.9891 
v 22.4838 1 -2.01091 
v 22.4838 0 10.9891 
v 22.4838 0 -2.01091 
v 60.2738 1 -2.01091 
v 22.4838 1 -2.01091 
v 60.2738 1 10.9891 
v 22.4838 1 10.9891 
v 22.4838 1 -2.01091 
v 60.2738 1 -2.01091 
v 22.4838 0 -2.01091 
v 60.2738 0 -2.01091 
v 60.2738 1 -2.01091 
v 60.2738 1 10.9891 
v 60.2738 0 -2.01091 
v 60.2738 0 10.9891 
v 60.2738 0 10.9891 
v 22.4838 0 10.9891 
v 60.2738 0 -2.01091 
v 22.4838 0 -2.01091 
v 60.2738 1 10.9891 
v 22.4838 1 10.9891 
v 60.2738 0 10.9891 
v 22.4838 0 10.9891 

vn -1 0 0 
vn -1 0 0 
vn -1 0 0 
vn -1 0 0 
vn 0 1 0 
vn 0 1 0 
vn 0 1 0 
vn 0 1 0 
vn 0 0 -1 
vn 0 0 -1 
vn 0 0 -1 
vn 0 0 -1 
vn 1 0 0 
vn 1 0 0 
vn 1 0 0 
vn 1 0 0 
vn 0 -1 0 
vn 0 -1 0 
vn 0 -1 0 
vn 0 -1 0 
vn 0 0 1 
vn 0 0 1 
vn 0 0 1 
vn 0 0 1 

vt 2.91858 2.74485 
vt 1.29358 2.74485 
vt 2.91858 2.61985 
vt 1.29358 2.61985 
vt 6.01733 2.74485 
vt 1.29358 2.74485 
vt 6.01733 1.11985 
vt 1.29358 1.11985 
vt 6.01733 2.74485 
vt 1.29358 2.74485 
vt 6.01733 2.61985 
vt 1.29358 2.61985 
vt 2.91858 2.74485 
vt 1.29358 2.74485 
vt 2.91858 2.61985 
vt 1.29358 2.61985 
vt 6.01733 2.74485 
vt 1.29358 2.74485 
vt 6.01733 1.11985 
vt 1.29358 1.11985 
vt 6.01733 2.74485 
vt 1.29358 2.74485 
vt 6.01733 2.61985 
vt 1.29358 2.61985 

usemtl Part16Mtl

f 2339/2339/2339 2340/2340/2340 2341/2341/2341 
f 2341/2341/2341 2340/2340/2340 2342/2342/2342 
f 2343/2343/2343 2344/2344/2344 2345/2345/2345 
f 2345/2345/2345 2344/2344/2344 2346/2346/2346 
f 2347/2347/2347 2348/2348/2348 2349/2349/2349 
f 2349/2349/2349 2348/2348/2348 2350/2350/2350 
f 2351/2351/2351 2352/2352/2352 2353/2353/2353 
f 2353/2353/2353 2352/2352/2352 2354/2354/2354 
f 2355/2355/2355 2356/2356/2356 2357/2357/2357 
f 2357/2357/2357 2356/2356/2356 2358/2358/2358 
f 2359/2359/2359 2360/2360/2360 2361/2361/2361 
f 2361/2361/2361 2360/2360/2360 2362/2362/2362 

g Part40

v 34.4834 10.9535 -6.05863 
v 34.4834 12.0142 -4.99797 
v 34.4834 11.7116 -6.81674 
v 34.4834 12.7723 -5.75608 
v 39.4834 12.0142 -4.99797 
v 34.4834 12.0142 -4.99797 
v 39.4834 10.9535 -6.05863 
v 34.4834 10.9535 -6.05863 
v 34.4834 12.0142 -4.99797 
v 39.4834 12.0142 -4.99797 
v 34.4834 12.7723 -5.75608 
v 39.4834 12.7723 -5.75608 
v 39.4834 12.0142 -4.99797 
v 39.4834 10.9535 -6.05863 
v 39.4834 12.7723 -5.75608 
v 39.4834 11.7116 -6.81674 
v 39.4834 11.7116 -6.81674 
v 34.4834 11.7116 -6.81674 
v 39.4834 12.7723 -5.75608 
v 34.4834 12.7723 -5.75608 
v 39.4834 10.9535 -6.05863 
v 34.4834 10.9535 -6.05863 
v 39.4834 11.7116 -6.81674 
v 34.4834 11.7116 -6.81674 

vn -1 0 0 
vn -1 0 0 
vn -1 0 0 
vn -1 0 0 
vn 0 -0.708661 0.708661 
vn 0 -0.708661 0.708661 
vn 0 -0.708661 0.708661 
vn 0 -0.708661 0.708661 
vn 0 0.708661 0.708661 
vn 0 0.708661 0.708661 
vn 0 0.708661 0.708661 
vn 0 0.708661 0.708661 
vn 1 0 0 
vn 1 0 0 
vn 1 0 0 
vn 1 0 0 
vn 0 0.708661 -0.708661 
vn 0 0.708661 -0.708661 
vn 0 0.708661 -0.708661 
vn 0 0.708661 -0.708661 
vn 0 -0.708661 -0.708661 
vn 0 -0.708661 -0.708661 
vn 0 -0.708661 -0.708661 
vn 0 -0.708661 -0.708661 

vt 0.119334 0.576107 
vt -0.0681662 0.576107 
vt 0.119334 0.442091 
vt -0.0681662 0.442091 
vt 0.556834 0.576107 
vt -0.0681662 0.576107 
vt 0.556834 0.388607 
vt -0.0681662 0.388607 
vt 0.556834 0.576107 
vt -0.0681662 0.576107 
vt 0.556834 0.442091 
vt -0.0681662 0.442091 
vt 0.119334 0.576107 
vt -0.0681662 0.576107 
vt 0.119334 0.442091 
vt -0.0681662 0.442091 
vt 0.556834 0.576107 
vt -0.0681662 0.576107 
vt 0.556834 0.388607 
vt -0.0681662 0.388607 
vt 0.556834 0.576107 
vt -0.0681662 0.576107 
vt 0.556834 0.442091 
vt -0.0681662 0.442091 

usemtl Part1Mtl

f 2363/2363/2363 2364/2364/2364 2365/2365/2365 
f 2365/2365/2365 2364/2364/2364 2366/2366/2366 
f 2367/2367/2367 2368/2368/2368 2369/2369/2369 
f 2369/2369/2369 2368/2368/2368 2370/2370/2370 
f 2371/2371/2371 2372/2372/2372 2373/2373/2373 
f 2373/2373/2373 2372/2372/2372 2374/2374/2374 
f 2375/2375/2375 2376/2376/2376 2377/2377/2377 
f 2377/2377/2377 2376/2376/2376 2378/2378/2378 
f 2379/2379/2379 2380/2380/2380 2381/2381/2381 
f 2381/2381/2381 2380/2380/2380 2382/2382/2382 
f 2383/2383/2383 2384/2384/2384 2385/2385/2385 
f 2385/2385/2385 2384/2384/2384 2386/2386/2386 

g Part41

v 33.9834 10.651 -6.46319 
v 33.9834 12.4188 -4.69542 
v 33.9834 11.3581 -7.17029 
v 33.9834 13.1259 -5.40253 
v 39.9834 12.4188 -4.69542 
v 33.9834 12.4188 -4.69542 
v 39.9834 10.651 -6.46319 
v 33.9834 10.651 -6.46319 
v 33.9834 12.4188 -4.69542 
v 39.9834 12.4188 -4.69542 
v 33.9834 13.1259 -5.40253 
v 39.9834 13.1259 -5.40253 
v 39.9834 12.4188 -4.69542 
v 39.9834 10.651 -6.46319 
v 39.9834 13.1259 -5.40253 
v 39.9834 11.3581 -7.17029 
v 39.9834 11.3581 -7.17029 
v 33.9834 11.3581 -7.17029 
v 39.9834 13.1259 -5.40253 
v 33.9834 13.1259 -5.40253 
v 39.9834 10.651 -6.46319 
v 33.9834 10.651 -6.46319 
v 39.9834 11.3581 -7.17029 
v 33.9834 11.3581 -7.17029 

vn -1 0 0 
vn -1 0 0 
vn -1 0 0 
vn -1 0 0 
vn 0 -0.708661 0.708661 
vn 0 -0.708661 0.708661 
vn 0 -0.708661 0.708661 
vn 0 -0.708661 0.708661 
vn 0 0.708661 0.708661 
vn 0 0.708661 0.708661 
vn 0 0.708661 0.708661 
vn 0 0.708661 0.708661 
vn 1 0 0 
vn 1 0 0 
vn 1 0 0 
vn 1 0 0 
vn 0 0.708661 -0.708661 
vn 0 0.708661 -0.708661 
vn 0 0.708661 -0.708661 
vn 0 0.708661 -0.708661 
vn 0 -0.708661 -0.708661 
vn 0 -0.708661 -0.708661 
vn 0 -0.708661 -0.708661 
vn 0 -0.708661 -0.708661 

vt 6.8125 -6.75 
vt 6.5 -6.75 
vt 6.8125 -6.875 
vt 6.5 -6.875 
vt 7.25 -6.75 
vt 6.5 -6.75 
vt 7.25 -7.0625 
vt 6.5 -7.0625 
vt 7.25 -6.75 
vt 6.5 -6.75 
vt 7.25 -6.875 
vt 6.5 -6.875 
vt 6.8125 -6.75 
vt 6.5 -6.75 
vt 6.8125 -6.875 
vt 6.5 -6.875 
vt 7.25 -6.75 
vt 6.5 -6.75 
vt 7.25 -7.0625 
vt 6.5 -7.0625 
vt 7.25 -6.75 
vt 6.5 -6.75 
vt 7.25 -6.875 
vt 6.5 -6.875 

usemtl Union1Mtl

f 2387/2387/2387 2388/2388/2388 2389/2389/2389 
f 2389/2389/2389 2388/2388/2388 2390/2390/2390 
f 2391/2391/2391 2392/2392/2392 2393/2393/2393 
f 2393/2393/2393 2392/2392/2392 2394/2394/2394 
f 2395/2395/2395 2396/2396/2396 2397/2397/2397 
f 2397/2397/2397 2396/2396/2396 2398/2398/2398 
f 2399/2399/2399 2400/2400/2400 2401/2401/2401 
f 2401/2401/2401 2400/2400/2400 2402/2402/2402 
f 2403/2403/2403 2404/2404/2404 2405/2405/2405 
f 2405/2405/2405 2404/2404/2404 2406/2406/2406 
f 2407/2407/2407 2408/2408/2408 2409/2409/2409 
f 2409/2409/2409 2408/2408/2408 2410/2410/2410 

g Part42

v 33.4834 10.651 -7.17029 
v 33.4834 13.1259 -4.69542 
v 33.4834 11.7116 -8.23095 
v 33.4834 14.1865 -5.75608 
v 40.4834 13.1259 -4.69542 
v 33.4834 13.1259 -4.69542 
v 40.4834 10.651 -7.17029 
v 33.4834 10.651 -7.17029 
v 33.4834 13.1259 -4.69542 
v 40.4834 13.1259 -4.69542 
v 33.4834 14.1865 -5.75608 
v 40.4834 14.1865 -5.75608 
v 40.4834 13.1259 -4.69542 
v 40.4834 10.651 -7.17029 
v 40.4834 14.1865 -5.75608 
v 40.4834 11.7116 -8.23095 
v 40.4834 11.7116 -8.23095 
v 33.4834 11.7116 -8.23095 
v 40.4834 14.1865 -5.75608 
v 33.4834 14.1865 -5.75608 
v 40.4834 10.651 -7.17029 
v 33.4834 10.651 -7.17029 
v 40.4834 11.7116 -8.23095 
v 33.4834 11.7116 -8.23095 

vn -1 0 0 
vn -1 0 0 
vn -1 0 0 
vn -1 0 0 
vn 0 -0.708661 0.708661 
vn 0 -0.708661 0.708661 
vn 0 -0.708661 0.708661 
vn 0 -0.708661 0.708661 
vn 0 0.708661 0.708661 
vn 0 0.708661 0.708661 
vn 0 0.708661 0.708661 
vn 0 0.708661 0.708661 
vn 1 0 0 
vn 1 0 0 
vn 1 0 0 
vn 1 0 0 
vn 0 0.708661 -0.708661 
vn 0 0.708661 -0.708661 
vn 0 0.708661 -0.708661 
vn 0 0.708661 -0.708661 
vn 0 -0.708661 -0.708661 
vn 0 -0.708661 -0.708661 
vn 0 -0.708661 -0.708661 
vn 0 -0.708661 -0.708661 

vt 2.1875 -5.75 
vt 1.75 -5.75 
vt 2.1875 -5.9375 
vt 1.75 -5.9375 
vt 2.625 -5.75 
vt 1.75 -5.75 
vt 2.625 -6.1875 
vt 1.75 -6.1875 
vt 2.625 -5.75 
vt 1.75 -5.75 
vt 2.625 -5.9375 
vt 1.75 -5.9375 
vt 2.1875 -5.75 
vt 1.75 -5.75 
vt 2.1875 -5.9375 
vt 1.75 -5.9375 
vt 2.625 -5.75 
vt 1.75 -5.75 
vt 2.625 -6.1875 
vt 1.75 -6.1875 
vt 2.625 -5.75 
vt 1.75 -5.75 
vt 2.625 -5.9375 
vt 1.75 -5.9375 

usemtl Part3Mtl

f 2411/2411/2411 2412/2412/2412 2413/2413/2413 
f 2413/2413/2413 2412/2412/2412 2414/2414/2414 
f 2415/2415/2415 2416/2416/2416 2417/2417/2417 
f 2417/2417/2417 2416/2416/2416 2418/2418/2418 
f 2419/2419/2419 2420/2420/2420 2421/2421/2421 
f 2421/2421/2421 2420/2420/2420 2422/2422/2422 
f 2423/2423/2423 2424/2424/2424 2425/2425/2425 
f 2425/2425/2425 2424/2424/2424 2426/2426/2426 
f 2427/2427/2427 2428/2428/2428 2429/2429/2429 
f 2429/2429/2429 2428/2428/2428 2430/2430/2430 
f 2431/2431/2431 2432/2432/2432 2433/2433/2433 
f 2433/2433/2433 2432/2432/2432 2434/2434/2434 

g Part43

v 51.9834 1.93664 -10.0109 
v 51.9834 1.93664 -5.01091 
v 51.9834 0.936643 -10.0109 
v 51.9834 0.936643 -5.01091 
v 22.4834 1.93664 -5.01091 
v 51.9834 1.93664 -5.01091 
v 22.4834 1.93664 -10.0109 
v 51.9834 1.93664 -10.0109 
v 51.9834 1.93664 -5.01091 
v 22.4834 1.93664 -5.01091 
v 51.9834 0.936643 -5.01091 
v 22.4834 0.936643 -5.01091 
v 22.4834 1.93664 -5.01091 
v 22.4834 1.93664 -10.0109 
v 22.4834 0.936643 -5.01091 
v 22.4834 0.936643 -10.0109 
v 22.4834 0.936643 -10.0109 
v 51.9834 0.936643 -10.0109 
v 22.4834 0.936643 -5.01091 
v 51.9834 0.936643 -5.01091 
v 22.4834 1.93664 -10.0109 
v 51.9834 1.93664 -10.0109 
v 22.4834 0.936643 -10.0109 
v 51.9834 0.936643 -10.0109 

vn 1 0 0 
vn 1 0 0 
vn 1 0 0 
vn 1 0 0 
vn 0 1 0 
vn 0 1 0 
vn 0 1 0 
vn 0 1 0 
vn 0 0 1 
vn 0 0 1 
vn 0 0 1 
vn 0 0 1 
vn -1 0 0 
vn -1 0 0 
vn -1 0 0 
vn -1 0 0 
vn 0 -1 0 
vn 0 -1 0 
vn 0 -1 0 
vn 0 -1 0 
vn 0 0 -1 
vn 0 0 -1 
vn 0 0 -1 
vn 0 0 -1 

vt 2.125 -6.25 
vt 1.5 -6.25 
vt 2.125 -6.375 
vt 1.5 -6.375 
vt 5.1875 -6.25 
vt 1.5 -6.25 
vt 5.1875 -6.875 
vt 1.5 -6.875 
vt 5.1875 -6.25 
vt 1.5 -6.25 
vt 5.1875 -6.375 
vt 1.5 -6.375 
vt 2.125 -6.25 
vt 1.5 -6.25 
vt 2.125 -6.375 
vt 1.5 -6.375 
vt 5.1875 -6.25 
vt 1.5 -6.25 
vt 5.1875 -6.875 
vt 1.5 -6.875 
vt 5.1875 -6.25 
vt 1.5 -6.25 
vt 5.1875 -6.375 
vt 1.5 -6.375 

usemtl Part3Mtl

f 2435/2435/2435 2436/2436/2436 2437/2437/2437 
f 2437/2437/2437 2436/2436/2436 2438/2438/2438 
f 2439/2439/2439 2440/2440/2440 2441/2441/2441 
f 2441/2441/2441 2440/2440/2440 2442/2442/2442 
f 2443/2443/2443 2444/2444/2444 2445/2445/2445 
f 2445/2445/2445 2444/2444/2444 2446/2446/2446 
f 2447/2447/2447 2448/2448/2448 2449/2449/2449 
f 2449/2449/2449 2448/2448/2448 2450/2450/2450 
f 2451/2451/2451 2452/2452/2452 2453/2453/2453 
f 2453/2453/2453 2452/2452/2452 2454/2454/2454 
f 2455/2455/2455 2456/2456/2456 2457/2457/2457 
f 2457/2457/2457 2456/2456/2456 2458/2458/2458 

g Part44

v 51.9834 16.4367 -10.0109 
v 51.9834 16.4367 -5.01091 
v 51.9834 15.4367 -10.0109 
v 51.9834 15.4367 -5.01091 
v 22.4834 16.4367 -5.01091 
v 51.9834 16.4367 -5.01091 
v 22.4834 16.4367 -10.0109 
v 51.9834 16.4367 -10.0109 
v 51.9834 16.4367 -5.01091 
v 22.4834 16.4367 -5.01091 
v 51.9834 15.4367 -5.01091 
v 22.4834 15.4367 -5.01091 
v 22.4834 16.4367 -5.01091 
v 22.4834 16.4367 -10.0109 
v 22.4834 15.4367 -5.01091 
v 22.4834 15.4367 -10.0109 
v 22.4834 15.4367 -10.0109 
v 51.9834 15.4367 -10.0109 
v 22.4834 15.4367 -5.01091 
v 51.9834 15.4367 -5.01091 
v 22.4834 16.4367 -10.0109 
v 51.9834 16.4367 -10.0109 
v 22.4834 15.4367 -10.0109 
v 51.9834 15.4367 -10.0109 

vn 1 0 0 
vn 1 0 0 
vn 1 0 0 
vn 1 0 0 
vn 0 1 0 
vn 0 1 0 
vn 0 1 0 
vn 0 1 0 
vn 0 0 1 
vn 0 0 1 
vn 0 0 1 
vn 0 0 1 
vn -1 0 0 
vn -1 0 0 
vn -1 0 0 
vn -1 0 0 
vn 0 -1 0 
vn 0 -1 0 
vn 0 -1 0 
vn 0 -1 0 
vn 0 0 -1 
vn 0 0 -1 
vn 0 0 -1 
vn 0 0 -1 

vt 1.375 -1.5 
vt 0.75 -1.5 
vt 1.375 -1.625 
vt 0.75 -1.625 
vt 4.4375 -1.5 
vt 0.75 -1.5 
vt 4.4375 -2.125 
vt 0.75 -2.125 
vt 4.4375 -1.5 
vt 0.75 -1.5 
vt 4.4375 -1.625 
vt 0.75 -1.625 
vt 1.375 -1.5 
vt 0.75 -1.5 
vt 1.375 -1.625 
vt 0.75 -1.625 
vt 4.4375 -1.5 
vt 0.75 -1.5 
vt 4.4375 -2.125 
vt 0.75 -2.125 
vt 4.4375 -1.5 
vt 0.75 -1.5 
vt 4.4375 -1.625 
vt 0.75 -1.625 

usemtl Part3Mtl

f 2459/2459/2459 2460/2460/2460 2461/2461/2461 
f 2461/2461/2461 2460/2460/2460 2462/2462/2462 
f 2463/2463/2463 2464/2464/2464 2465/2465/2465 
f 2465/2465/2465 2464/2464/2464 2466/2466/2466 
f 2467/2467/2467 2468/2468/2468 2469/2469/2469 
f 2469/2469/2469 2468/2468/2468 2470/2470/2470 
f 2471/2471/2471 2472/2472/2472 2473/2473/2473 
f 2473/2473/2473 2472/2472/2472 2474/2474/2474 
f 2475/2475/2475 2476/2476/2476 2477/2477/2477 
f 2477/2477/2477 2476/2476/2476 2478/2478/2478 
f 2479/2479/2479 2480/2480/2480 2481/2481/2481 
f 2481/2481/2481 2480/2480/2480 2482/2482/2482 

g Union12

v 42.4836 13.4316 -4.51118 
v 42.4836 16.4369 -10.0112 
v 42.4836 11.9424 -6.51313 
v 42.4836 11.9424 -6.51313 
v 46.9836 11.9424 -6.51313 
v 42.4836 13.4316 -4.51118 
v 46.9836 13.4316 -4.51118 
v 42.4836 13.4316 -4.51118 
v 46.9836 13.4316 -4.51118 
v 42.4836 16.4369 -4.51118 
v 46.9836 16.4369 -4.51118 
v 46.9836 13.4316 -4.51118 
v 46.9836 11.9424 -6.51313 
v 46.9836 16.4369 -4.51118 
v 46.9836 16.4369 -10.0112 
v 42.4836 16.4369 -10.0112 
v 42.4836 16.4369 -4.51118 
v 46.9836 16.4369 -10.0112 
v 46.9836 16.4369 -4.51118 
v 42.4836 16.4369 -4.51118 
v 46.9836 0.436849 -10.0112 
v 46.9836 0.436849 -4.51118 
v 42.4836 0.436849 -10.0112 
v 42.4836 0.436849 -4.51118 
v 42.4836 0.436849 -10.0112 
v 42.4836 9.44347 -10.0112 
v 46.9836 0.436849 -10.0112 
v 42.4836 16.4369 -10.0112 
v 46.9836 16.4369 -10.0112 
v 46.9836 0.436849 -10.0112 
v 42.4836 0.436849 -4.51118 
v 46.9836 0.436849 -4.51118 
v 42.4836 3.88454 -4.51118 
v 46.9836 3.88454 -4.51118 
v 42.4836 0.436849 -4.51118 
v 42.4836 3.88454 -4.51118 
v 42.4836 0.436849 -10.0112 
v 42.4836 9.44347 -10.0112 
v 27.4836 13.4316 -4.51118 
v 27.4836 16.4365 -10.0112 
v 27.4836 11.9424 -6.51313 
v 27.4836 11.9424 -6.51313 
v 31.9836 11.9424 -6.51313 
v 27.4836 13.4316 -4.51118 
v 31.9836 13.4316 -4.51118 
v 31.9836 13.4316 -4.51118 
v 31.9836 16.4365 -4.51118 
v 27.4836 13.4316 -4.51118 
v 27.4836 16.4365 -4.51118 
v 31.9836 13.4316 -4.51118 
v 31.9836 11.9424 -6.51313 
v 31.9836 16.4365 -4.51118 
v 31.9836 16.4365 -10.0112 
v 27.4836 16.4365 -10.0112 
v 27.4836 16.4365 -4.51118 
v 31.9836 16.4365 -10.0112 
v 31.9836 16.4365 -4.51118 
v 27.4836 16.4365 -4.51118 
v 31.9836 0.436543 -10.0112 
v 31.9836 0.436543 -4.51118 
v 27.4836 0.436543 -10.0112 
v 27.4836 0.436543 -4.51118 
v 27.4836 0.436543 -10.0112 
v 27.4836 9.44347 -10.0112 
v 31.9836 0.436543 -10.0112 
v 27.4836 16.4365 -10.0112 
v 31.9836 16.4365 -10.0112 
v 31.9836 0.436543 -10.0112 
v 31.9836 3.88454 -4.51118 
v 27.4836 3.88454 -4.51118 
v 31.9836 0.436543 -4.51118 
v 27.4836 0.436543 -4.51118 
v 27.4836 0.436543 -4.51118 
v 27.4836 3.88454 -4.51118 
v 27.4836 0.436543 -10.0112 
v 27.4836 9.44347 -10.0112 
v 27.4836 11.9365 -6.51118 
v 31.9836 11.9365 -6.51118 
v 27.4836 11.9365 -6.50875 
v 31.9836 11.9365 -6.50875 
v 31.9836 11.9365 -6.51118 
v 27.4836 11.9365 -6.51118 
v 31.9836 5.974 -6.51118 
v 27.4836 5.974 -6.51118 
v 46.9836 11.9365 -6.51118 
v 42.4836 11.9365 -6.51118 
v 46.9836 5.974 -6.51118 
v 42.4836 5.974 -6.51118 
v 42.4836 11.9365 -6.51118 
v 46.9836 11.9365 -6.51118 
v 42.4836 11.9365 -6.50875 
v 46.9836 11.9365 -6.50875 
v 42.4836 5.93653 -6.51118 
v 46.9836 5.93653 -6.51118 
v 42.4836 5.95271 -6.51118 
v 46.9836 5.95271 -6.51118 
v 46.9836 5.93653 -6.51118 
v 42.4836 5.93653 -6.51118 
v 46.9836 5.93653 -6.49552 
v 42.4836 5.93653 -6.49552 
v 27.4836 5.93653 -6.51118 
v 31.9836 5.93653 -6.51118 
v 27.4836 5.95271 -6.51118 
v 31.9836 5.95271 -6.51118 
v 31.9836 5.93653 -6.51118 
v 27.4836 5.93653 -6.51118 
v 31.9836 5.93653 -6.49552 
v 27.4836 5.93653 -6.49552 
v 27.4836 5.974 -6.51118 
v 27.4836 5.96372 -6.52182 
v 31.9836 5.974 -6.51118 
v 31.9836 5.96372 -6.52182 
v 31.9836 5.96372 -6.52182 
v 27.4836 5.96372 -6.52182 
v 31.9836 5.95271 -6.51118 
v 27.4836 5.95271 -6.51118 
v 46.9836 5.96372 -6.52182 
v 42.4836 5.96372 -6.52182 
v 46.9836 5.95271 -6.51118 
v 42.4836 5.95271 -6.51118 
v 42.4836 5.974 -6.51118 
v 42.4836 5.96372 -6.52182 
v 46.9836 5.974 -6.51118 
v 46.9836 5.96372 -6.52182 
v 46.9836 5.95271 -6.51118 
v 46.9836 5.93653 -6.51118 
v 46.9836 5.96372 -6.52182 
v 42.4836 5.93653 -6.51118 
v 42.4836 5.96372 -6.52182 
v 42.4836 5.95271 -6.51118 
v 31.9836 5.96372 -6.52182 
v 31.9836 5.93653 -6.51118 
v 31.9836 5.95271 -6.51118 
v 27.4836 5.93653 -6.51118 
v 27.4836 5.96372 -6.52182 
v 27.4836 5.95271 -6.51118 
v 27.4836 11.9365 -6.51118 
v 27.4836 11.9365 -6.50875 
v 27.4836 11.9365 -6.50875 
v 31.9836 11.9365 -6.50875 
v 27.4836 11.9424 -6.51313 
v 31.9836 11.9424 -6.51313 
v 42.4836 11.9424 -6.51313 
v 42.4836 11.9365 -6.50875 
v 46.9836 11.9424 -6.51313 
v 46.9836 11.9365 -6.50875 
v 31.9836 5.93653 -6.49552 
v 27.4836 5.93653 -6.49552 
v 31.9836 3.88454 -4.51118 
v 27.4836 5.93257 -6.4917 
v 27.4836 3.88454 -4.51118 
v 46.9836 5.93653 -6.49552 
v 42.4836 5.93653 -6.49552 
v 46.9836 3.88454 -4.51118 
v 42.4836 5.93257 -6.4917 
v 42.4836 3.88454 -4.51118 
v 46.9836 5.93653 -6.49552 
v 46.9836 3.88454 -4.51118 
v 42.4836 5.93653 -6.49552 
v 42.4836 5.93257 -6.4917 
v 31.9836 5.93653 -6.49552 
v 31.9836 3.88454 -4.51118 
v 27.4836 5.93653 -6.49552 
v 27.4836 5.93257 -6.4917 
v 42.4836 5.974 -6.51118 
v 42.4836 11.9365 -6.51118 
v 31.9836 5.974 -6.51118 
v 46.9836 5.974 -6.51118 
v 31.9836 11.9365 -6.51118 
v 31.9836 11.9365 -6.50875 
v 42.4836 11.9365 -6.50875 
v 46.9836 11.9365 -6.51118 
v 46.9836 11.9365 -6.50875 
v 27.4836 5.974 -6.51118 
v 46.9836 0.436849 -4.51118 
v 31.9836 0.436543 -4.51118 

vn -1 0 0 
vn -1 0 0 
vn -1 0 0 
vn 0 -0.80315 0.598425 
vn 0 -0.80315 0.598425 
vn 0 -0.80315 0.598425 
vn 0 -0.80315 0.598425 
vn 0 0 1 
vn 0 0 1 
vn 0 0 1 
vn 0 0 1 
vn 1 0 0 
vn 1 0 0 
vn 1 0 0 
vn 1 0 0 
vn 0 1 0 
vn 0 1 0 
vn 0 1 0 
vn 0 1 0 
vn -1 0 0 
vn 0 -1 0 
vn 0 -1 0 
vn 0 -1 0 
vn 0 -1 0 
vn 0 0 -1 
vn 0 0 -1 
vn 0 0 -1 
vn 0 0 -1 
vn 0 0 -1 
vn 1 0 0 
vn 0 0 1 
vn 0 0 1 
vn 0 0 1 
vn 0 0 1 
vn -1 0 0 
vn -1 0 0 
vn -1 0 0 
vn -1 0 0 
vn -1 0 0 
vn -1 0 0 
vn -1 0 0 
vn 0 -0.80315 0.598425 
vn 0 -0.80315 0.598425 
vn 0 -0.80315 0.598425 
vn 0 -0.80315 0.598425 
vn 0 0 1 
vn 0 0 1 
vn 0 0 1 
vn 0 0 1 
vn 1 0 0 
vn 1 0 0 
vn 1 0 0 
vn 1 0 0 
vn 0 1 0 
vn 0 1 0 
vn 0 1 0 
vn 0 1 0 
vn -1 0 0 
vn 0 -1 0 
vn 0 -1 0 
vn 0 -1 0 
vn 0 -1 0 
vn 0 0 -1 
vn 0 0 -1 
vn 0 0 -1 
vn 0 0 -1 
vn 0 0 -1 
vn 1 0 0 
vn 0 0 1 
vn 0 0 1 
vn 0 0 1 
vn 0 0 1 
vn -1 0 0 
vn -1 0 0 
vn -1 0 0 
vn -1 0 0 
vn 0 -1 0 
vn 0 -1 0 
vn 0 -1 0 
vn 0 -1 0 
vn 0 0 1 
vn 0 0 1 
vn 0 0 1 
vn 0 0 1 
vn 0 0 1 
vn 0 0 1 
vn 0 0 1 
vn 0 0 1 
vn 0 -1 0 
vn 0 -1 0 
vn 0 -1 0 
vn 0 -1 0 
vn 0 0 1 
vn 0 0 1 
vn 0 0 1 
vn 0 0 1 
vn 0 1 0 
vn 0 1 0 
vn 0 1 0 
vn 0 1 0 
vn 0 0 1 
vn 0 0 1 
vn 0 0 1 
vn 0 0 1 
vn 0 1 0 
vn 0 1 0 
vn 0 1 0 
vn 0 1 0 
vn 0 -0.716535 0.692913 
vn 0 -0.716535 0.692913 
vn 0 -0.716535 0.692913 
vn 0 -0.716535 0.692913 
vn 0 0.692913 0.716535 
vn 0 0.692913 0.716535 
vn 0 0.692913 0.716535 
vn 0 0.692913 0.716535 
vn 0 0.692913 0.716535 
vn 0 0.692913 0.716535 
vn 0 0.692913 0.716535 
vn 0 0.692913 0.716535 
vn 0 -0.716535 0.692913 
vn 0 -0.716535 0.692913 
vn 0 -0.716535 0.692913 
vn 0 -0.716535 0.692913 
vn 1 0 0 
vn 1 0 0 
vn 1 0 0 
vn -1 0 0 
vn -1 0 0 
vn -1 0 0 
vn 1 0 0 
vn 1 0 0 
vn 1 0 0 
vn -1 0 0 
vn -1 0 0 
vn -1 0 0 
vn -1 0 0 
vn -1 0 0 
vn 0 0.598425 0.80315 
vn 0 0.598425 0.80315 
vn 0 0.598425 0.80315 
vn 0 0.598425 0.80315 
vn 0 0.598425 0.80315 
vn 0 0.598425 0.80315 
vn 0 0.598425 0.80315 
vn 0 0.598425 0.80315 
vn 0 0.692913 0.716535 
vn 0 0.692913 0.716535 
vn 0 0.692913 0.716535 
vn 0 0.692913 0.716535 
vn 0 0.692913 0.716535 
vn 0 0.692913 0.716535 
vn 0 0.692913 0.716535 
vn 0 0.692913 0.716535 
vn 0 0.692913 0.716535 
vn 0 0.692913 0.716535 
vn 1 0 0 
vn 1 0 0 
vn -1 0 0 
vn -1 0 0 
vn 1 0 0 
vn 1 0 0 
vn -1 0 0 
vn -1 0 0 
vn -1 0 0 
vn -1 0 0 
vn 1 0 0 
vn 1 0 0 
vn 1 0 0 
vn 1 0 0 
vn -1 0 0 
vn 1 0 0 
vn 1 0 0 
vn -1 0 0 
vn 1 0 0 
vn 1 0 0 

vt 22.3438 -32.3756 
vt 21.6562 -32 
vt 22.0935 -32.5618 
vt 22.6562 -32.9065 
vt 23.2188 -32.9065 
vt 22.6562 -32.6562 
vt 23.2188 -32.6562 
vt 22.6562 -32.3756 
vt 23.2188 -32.3756 
vt 22.6562 -32 
vt 23.2188 -32 
vt 21.6562 -32.3756 
vt 21.9065 -32.5618 
vt 21.6562 -32 
vt 22.3438 -32 
vt 21.3438 -33.3438 
vt 21.3438 -32.6562 
vt 20.7812 -33.3438 
vt 20.7812 -32.6562 
vt 22.3438 -32 
vt 23.2188 -33.3438 
vt 23.2188 -32.6562 
vt 22.6562 -33.3438 
vt 22.6562 -32.6562 
vt 21.3438 -34 
vt 21.3438 -32.8742 
vt 20.7812 -34 
vt 21.3438 -32 
vt 20.7812 -32 
vt 22.3438 -34 
vt 22.6562 -34 
vt 23.2188 -34 
vt 22.6562 -33.569 
vt 23.2188 -33.569 
vt 22.3438 -34 
vt 22.3438 -33.569 
vt 21.6562 -34 
vt 21.6562 -32.8742 
vt 22.3438 -32.3756 
vt 21.6562 -32 
vt 22.0935 -32.5618 
vt 20.7812 -32.9065 
vt 21.3438 -32.9065 
vt 20.7812 -32.6562 
vt 21.3438 -32.6562 
vt 21.3438 -32.3756 
vt 21.3438 -32 
vt 20.7812 -32.3756 
vt 20.7812 -32 
vt 21.6562 -32.3756 
vt 21.9065 -32.5618 
vt 21.6562 -32 
vt 22.3438 -32 
vt 23.2188 -33.3438 
vt 23.2188 -32.6562 
vt 22.6562 -33.3438 
vt 22.6562 -32.6562 
vt 22.3438 -32 
vt 21.3438 -33.3438 
vt 21.3438 -32.6562 
vt 20.7812 -33.3438 
vt 20.7812 -32.6562 
vt 23.2188 -34 
vt 23.2188 -32.8742 
vt 22.6562 -34 
vt 23.2188 -32 
vt 22.6562 -32 
vt 22.3438 -34 
vt 21.3438 -33.569 
vt 20.7812 -33.569 
vt 21.3438 -34 
vt 20.7812 -34 
vt 22.3438 -34 
vt 22.3438 -33.569 
vt 21.6562 -34 
vt 21.6562 -32.8742 
vt 20.7812 -32.9062 
vt 21.3438 -32.9062 
vt 20.7812 -32.9059 
vt 21.3438 -32.9059 
vt 21.3438 -32.5625 
vt 20.7812 -32.5625 
vt 21.3438 -33.3078 
vt 20.7812 -33.3078 
vt 23.2188 -32.5625 
vt 22.6562 -32.5625 
vt 23.2188 -33.3078 
vt 22.6562 -33.3078 
vt 22.6562 -32.9062 
vt 23.2188 -32.9062 
vt 22.6562 -32.9059 
vt 23.2188 -32.9059 
vt 22.6562 -33.3125 
vt 23.2188 -33.3125 
vt 22.6562 -33.3105 
vt 23.2188 -33.3105 
vt 20.7812 -32.9062 
vt 21.3438 -32.9062 
vt 20.7812 -32.9043 
vt 21.3438 -32.9043 
vt 20.7812 -33.3125 
vt 21.3438 -33.3125 
vt 20.7812 -33.3105 
vt 21.3438 -33.3105 
vt 22.6562 -32.9062 
vt 23.2188 -32.9062 
vt 22.6562 -32.9043 
vt 23.2188 -32.9043 
vt 20.7812 -32.9062 
vt 20.7812 -32.9076 
vt 21.3438 -32.9062 
vt 21.3438 -32.9076 
vt 21.3438 -33.3091 
vt 20.7812 -33.3091 
vt 21.3438 -33.3105 
vt 20.7812 -33.3105 
vt 23.2188 -33.3091 
vt 22.6562 -33.3091 
vt 23.2188 -33.3105 
vt 22.6562 -33.3105 
vt 22.6562 -32.9062 
vt 22.6562 -32.9076 
vt 23.2188 -32.9062 
vt 23.2188 -32.9076 
vt 21.9062 -33.3105 
vt 21.9062 -33.3125 
vt 21.9076 -33.3091 
vt 22.0938 -33.3125 
vt 22.0924 -33.3091 
vt 22.0938 -33.3105 
vt 21.9076 -33.3091 
vt 21.9062 -33.3125 
vt 21.9062 -33.3105 
vt 22.0938 -33.3125 
vt 22.0924 -33.3091 
vt 22.0938 -33.3105 
vt 22.0938 -32.5625 
vt 22.0941 -32.5625 
vt 20.7812 -32.5625 
vt 21.3438 -32.5625 
vt 20.7812 -32.5618 
vt 21.3438 -32.5618 
vt 22.6562 -32.5618 
vt 22.6562 -32.5625 
vt 23.2188 -32.5618 
vt 23.2188 -32.5625 
vt 21.3438 -33.3125 
vt 20.7812 -33.3125 
vt 21.3438 -33.569 
vt 20.7812 -33.313 
vt 20.7812 -33.569 
vt 23.2188 -33.3125 
vt 22.6562 -33.3125 
vt 23.2188 -33.569 
vt 22.6562 -33.313 
vt 22.6562 -33.569 
vt 21.9043 -33.3125 
vt 21.6562 -33.569 
vt 22.0957 -33.3125 
vt 22.0962 -33.313 
vt 21.9043 -33.3125 
vt 21.6562 -33.569 
vt 22.0957 -33.3125 
vt 22.0962 -33.313 
vt 22.0938 -33.3078 
vt 22.0938 -32.5625 
vt 21.9062 -33.3078 
vt 21.9062 -33.3078 
vt 21.9062 -32.5625 
vt 21.9059 -32.5625 
vt 22.0941 -32.5625 
vt 21.9062 -32.5625 
vt 21.9059 -32.5625 
vt 22.0938 -33.3078 
vt 21.6562 -34 
vt 21.6562 -34 

usemtl Part3Mtl

f 2483/2483/2483 2484/2484/2484 2485/2485/2485 
f 2486/2486/2486 2487/2487/2487 2488/2488/2488 
f 2487/2487/2487 2489/2489/2489 2488/2488/2488 
f 2490/2490/2490 2491/2491/2491 2492/2492/2492 
f 2491/2491/2491 2493/2493/2493 2492/2492/2492 
f 2494/2494/2494 2495/2495/2495 2496/2496/2496 
f 2495/2495/2495 2497/2497/2497 2496/2496/2496 
f 2498/2498/2498 2499/2499/2499 2500/2500/2500 
f 2499/2499/2499 2501/2501/2501 2500/2500/2500 
f 2483/2483/2483 2502/2502/2502 2484/2484/2484 
f 2503/2503/2503 2504/2504/2504 2505/2505/2505 
f 2504/2504/2504 2506/2506/2506 2505/2505/2505 
f 2507/2507/2507 2508/2508/2508 2509/2509/2509 
f 2508/2508/2508 2510/2510/2510 2509/2509/2509 
f 2511/2511/2511 2509/2509/2509 2510/2510/2510 
f 2495/2495/2495 2512/2512/2512 2497/2497/2497 
f 2513/2513/2513 2514/2514/2514 2515/2515/2515 
f 2514/2514/2514 2516/2516/2516 2515/2515/2515 
f 2517/2517/2517 2518/2518/2518 2519/2519/2519 
f 2484/2484/2484 2520/2520/2520 2519/2519/2519 
f 2521/2521/2521 2522/2522/2522 2523/2523/2523 
f 2524/2524/2524 2525/2525/2525 2526/2526/2526 
f 2525/2525/2525 2527/2527/2527 2526/2526/2526 
f 2528/2528/2528 2529/2529/2529 2530/2530/2530 
f 2531/2531/2531 2530/2530/2530 2529/2529/2529 
f 2532/2532/2532 2533/2533/2533 2534/2534/2534 
f 2533/2533/2533 2535/2535/2535 2534/2534/2534 
f 2536/2536/2536 2537/2537/2537 2538/2538/2538 
f 2537/2537/2537 2539/2539/2539 2538/2538/2538 
f 2521/2521/2521 2540/2540/2540 2522/2522/2522 
f 2541/2541/2541 2542/2542/2542 2543/2543/2543 
f 2542/2542/2542 2544/2544/2544 2543/2543/2543 
f 2545/2545/2545 2546/2546/2546 2547/2547/2547 
f 2546/2546/2546 2548/2548/2548 2547/2547/2547 
f 2549/2549/2549 2547/2547/2547 2548/2548/2548 
f 2533/2533/2533 2550/2550/2550 2535/2535/2535 
f 2551/2551/2551 2552/2552/2552 2553/2553/2553 
f 2552/2552/2552 2554/2554/2554 2553/2553/2553 
f 2555/2555/2555 2556/2556/2556 2557/2557/2557 
f 2522/2522/2522 2558/2558/2558 2557/2557/2557 
f 2559/2559/2559 2560/2560/2560 2561/2561/2561 
f 2560/2560/2560 2562/2562/2562 2561/2561/2561 
f 2563/2563/2563 2564/2564/2564 2565/2565/2565 
f 2564/2564/2564 2566/2566/2566 2565/2565/2565 
f 2567/2567/2567 2568/2568/2568 2569/2569/2569 
f 2568/2568/2568 2570/2570/2570 2569/2569/2569 
f 2571/2571/2571 2572/2572/2572 2573/2573/2573 
f 2572/2572/2572 2574/2574/2574 2573/2573/2573 
f 2575/2575/2575 2576/2576/2576 2577/2577/2577 
f 2576/2576/2576 2578/2578/2578 2577/2577/2577 
f 2579/2579/2579 2580/2580/2580 2581/2581/2581 
f 2580/2580/2580 2582/2582/2582 2581/2581/2581 
f 2583/2583/2583 2584/2584/2584 2585/2585/2585 
f 2584/2584/2584 2586/2586/2586 2585/2585/2585 
f 2587/2587/2587 2588/2588/2588 2589/2589/2589 
f 2588/2588/2588 2590/2590/2590 2589/2589/2589 
f 2591/2591/2591 2592/2592/2592 2593/2593/2593 
f 2592/2592/2592 2594/2594/2594 2593/2593/2593 
f 2595/2595/2595 2596/2596/2596 2597/2597/2597 
f 2596/2596/2596 2598/2598/2598 2597/2597/2597 
f 2599/2599/2599 2600/2600/2600 2601/2601/2601 
f 2600/2600/2600 2602/2602/2602 2601/2601/2601 
f 2603/2603/2603 2604/2604/2604 2605/2605/2605 
f 2604/2604/2604 2606/2606/2606 2605/2605/2605 
f 2607/2607/2607 2608/2608/2608 2609/2609/2609 
f 2608/2608/2608 2512/2512/2512 2609/2609/2609 
f 2512/2512/2512 2495/2495/2495 2609/2609/2609 
f 2610/2610/2610 2611/2611/2611 2519/2519/2519 
f 2612/2612/2612 2611/2611/2611 2610/2610/2610 
f 2550/2550/2550 2613/2613/2613 2614/2614/2614 
f 2615/2615/2615 2614/2614/2614 2613/2613/2613 
f 2616/2616/2616 2617/2617/2617 2557/2557/2557 
f 2618/2618/2618 2617/2617/2617 2616/2616/2616 
f 2619/2619/2619 2620/2620/2620 2523/2523/2523 
f 2621/2621/2621 2622/2622/2622 2623/2623/2623 
f 2622/2622/2622 2624/2624/2624 2623/2623/2623 
f 2625/2625/2625 2626/2626/2626 2627/2627/2627 
f 2626/2626/2626 2628/2628/2628 2627/2627/2627 
f 2629/2629/2629 2630/2630/2630 2631/2631/2631 
f 2630/2630/2630 2632/2632/2632 2631/2631/2631 
f 2632/2632/2632 2633/2633/2633 2631/2631/2631 
f 2634/2634/2634 2635/2635/2635 2636/2636/2636 
f 2635/2635/2635 2637/2637/2637 2636/2636/2636 
f 2637/2637/2637 2638/2638/2638 2636/2636/2636 
f 2639/2639/2639 2640/2640/2640 2608/2608/2608 
f 2610/2610/2610 2519/2519/2519 2641/2641/2641 
f 2519/2519/2519 2642/2642/2642 2641/2641/2641 
f 2643/2643/2643 2644/2644/2644 2614/2614/2614 
f 2616/2616/2616 2557/2557/2557 2645/2645/2645 
f 2557/2557/2557 2646/2646/2646 2645/2645/2645 
f 2647/2647/2647 2648/2648/2648 2611/2611/2611 
f 2648/2648/2648 2484/2484/2484 2611/2611/2611 
f 2484/2484/2484 2519/2519/2519 2611/2611/2611 
f 2649/2649/2649 2613/2613/2613 2533/2533/2533 
f 2613/2613/2613 2550/2550/2550 2533/2533/2533 
f 2495/2495/2495 2650/2650/2650 2609/2609/2609 
f 2649/2649/2649 2533/2533/2533 2651/2651/2651 
f 2533/2533/2533 2652/2652/2652 2651/2651/2651 
f 2653/2653/2653 2485/2485/2485 2648/2648/2648 
f 2485/2485/2485 2484/2484/2484 2648/2648/2648 
f 2650/2650/2650 2495/2495/2495 2654/2654/2654 
f 2495/2495/2495 2655/2655/2655 2654/2654/2654 
f 2522/2522/2522 2557/2557/2557 2523/2523/2523 
f 2557/2557/2557 2617/2617/2617 2523/2523/2523 
f 2617/2617/2617 2656/2656/2656 2523/2523/2523 
f 2656/2656/2656 2619/2619/2619 2523/2523/2523 
f 2608/2608/2608 2640/2640/2640 2512/2512/2512 
f 2640/2640/2640 2657/2657/2657 2512/2512/2512 
f 2519/2519/2519 2518/2518/2518 2642/2642/2642 
f 2614/2614/2614 2644/2644/2644 2550/2550/2550 
f 2644/2644/2644 2658/2658/2658 2550/2550/2550 
f 2557/2557/2557 2556/2556/2556 2646/2646/2646 

g Union13

v 51.9834 5.96417 -7.02153 
v 22.4834 5.96417 -7.02153 
v 51.9834 5.95316 -7.01089 
v 22.4834 5.95316 -7.01089 
v 51.9834 5.93698 -7.01089 
v 51.9834 5.95316 -7.01089 
v 22.4834 5.93698 -7.01089 
v 22.4834 5.95316 -7.01089 
v 22.4834 5.93698 -7.01089 
v 22.4834 5.93698 -6.99524 
v 51.9834 5.93698 -7.01089 
v 51.9834 5.93698 -6.99524 
v 22.4834 3.88501 -5.01091 
v 22.4834 5.93698 -6.99524 
v 22.4834 5.93698 -7.01089 
v 22.4834 1.93668 -5.01091 
v 22.4834 1.93668 -10.0109 
v 51.9834 1.93668 -10.0109 
v 51.9834 1.93668 -5.01091 
v 22.4834 1.93668 -10.0109 
v 22.4834 1.93668 -5.01091 
v 22.4834 3.88501 -5.01091 
v 22.4834 1.93668 -5.01091 
v 51.9834 3.88501 -5.01091 
v 51.9834 1.93668 -5.01091 
v 22.4834 5.93698 -6.99524 
v 22.4834 3.88501 -5.01091 
v 51.9834 5.93698 -6.99524 
v 51.9834 3.88501 -5.01091 
v 51.9834 5.93698 -6.99524 
v 51.9834 3.88501 -5.01091 
v 51.9834 5.93698 -7.01089 
v 51.9834 1.93668 -10.0109 
v 51.9834 1.93668 -5.01091 
v 22.4834 15.4367 -10.0109 
v 22.4834 15.4367 -5.01091 
v 51.9834 15.4367 -10.0109 
v 51.9834 15.4367 -5.01091 
v 51.9834 5.93302 -10.0109 
v 51.9834 5.96417 -7.02153 
v 51.9834 5.95316 -7.01089 
v 51.9834 5.97445 -7.01089 
v 51.9834 5.97445 -7.01089 
v 51.9834 11.937 -7.01089 
v 22.4834 5.97445 -7.01089 
v 22.4834 11.937 -7.01089 
v 22.4834 5.96417 -7.02153 
v 51.9834 5.96417 -7.02153 
v 22.4834 5.97445 -7.01089 
v 51.9834 5.97445 -7.01089 
v 22.4834 5.96417 -7.02153 
v 22.4834 5.95316 -7.01089 
v 22.4834 15.4367 -10.0109 
v 22.4834 5.97445 -7.01089 
v 22.4834 1.93668 -10.0109 
v 22.4834 15.4367 -10.0109 
v 51.9834 1.93668 -10.0109 
v 51.9834 15.4367 -10.0109 
v 51.9834 5.93302 -10.0109 
v 51.9834 9.44392 -10.0109 
v 22.4834 11.9429 -7.01284 
v 51.9834 11.9429 -7.01284 
v 22.4834 13.4321 -5.01091 
v 51.9834 13.4321 -5.01091 
v 51.9834 11.9429 -7.01284 
v 22.4834 11.9429 -7.01284 
v 51.9834 11.937 -7.00847 
v 22.4834 11.937 -7.00847 
v 22.4834 11.937 -7.01089 
v 22.4834 11.9429 -7.01284 
v 51.9834 11.937 -7.01089 
v 51.9834 11.9429 -7.01284 
v 51.9834 11.937 -7.00847 
v 51.9834 11.937 -7.01089 
v 51.9834 11.937 -7.00847 
v 22.4834 11.937 -7.01089 
v 22.4834 11.937 -7.00847 
v 22.4834 11.937 -7.00847 
v 51.9834 15.4367 -5.01091 
v 22.4834 15.4367 -5.01091 
v 51.9834 13.4321 -5.01091 
v 22.4834 13.4321 -5.01091 
v 22.4834 13.4321 -5.01091 
v 22.4834 15.4367 -5.01091 
v 51.9834 13.4321 -5.01091 
v 51.9834 15.4367 -5.01091 
v 51.9834 15.4367 -10.0109 
v 51.9834 9.44392 -10.0109 

vn 0 0.692913 0.716535 
vn 0 0.692913 0.716535 
vn 0 0.692913 0.716535 
vn 0 0.692913 0.716535 
vn 0 0 1 
vn 0 0 1 
vn 0 0 1 
vn 0 0 1 
vn 0 1 0 
vn 0 1 0 
vn 0 1 0 
vn 0 1 0 
vn -1 0 0 
vn -1 0 0 
vn -1 0 0 
vn -1 0 0 
vn -1 0 0 
vn 0 -1 0 
vn 0 -1 0 
vn 0 -1 0 
vn 0 -1 0 
vn 0 0 1 
vn 0 0 1 
vn 0 0 1 
vn 0 0 1 
vn 0 0.692913 0.716535 
vn 0 0.692913 0.716535 
vn 0 0.692913 0.716535 
vn 0 0.692913 0.716535 
vn 1 0 0 
vn 1 0 0 
vn 1 0 0 
vn 1 0 0 
vn 1 0 0 
vn 0 1 0 
vn 0 1 0 
vn 0 1 0 
vn 0 1 0 
vn 1 0 0 
vn 1 0 0 
vn 1 0 0 
vn 1 0 0 
vn 0 0 1 
vn 0 0 1 
vn 0 0 1 
vn 0 0 1 
vn 0 -0.716535 0.692913 
vn 0 -0.716535 0.692913 
vn 0 -0.716535 0.692913 
vn 0 -0.716535 0.692913 
vn -1 0 0 
vn -1 0 0 
vn -1 0 0 
vn -1 0 0 
vn 0 0 -1 
vn 0 0 -1 
vn 0 0 -1 
vn 0 0 -1 
vn 0 0 -1 
vn 0 0 -1 
vn 0 -0.80315 0.598425 
vn 0 -0.80315 0.598425 
vn 0 -0.80315 0.598425 
vn 0 -0.80315 0.598425 
vn 0 0.598425 0.80315 
vn 0 0.598425 0.80315 
vn 0 0.598425 0.80315 
vn 0 0.598425 0.80315 
vn -1 0 0 
vn -1 0 0 
vn 1 0 0 
vn 1 0 0 
vn 1 0 0 
vn 0 -1 0 
vn 0 -1 0 
vn 0 -1 0 
vn 0 -1 0 
vn -1 0 0 
vn 0 0 1 
vn 0 0 1 
vn 0 0 1 
vn 0 0 1 
vn -1 0 0 
vn -1 0 0 
vn 1 0 0 
vn 1 0 0 
vn 1 0 0 
vn 1 0 0 

vt 63.8438 -59.3096 
vt 60.1562 -59.3096 
vt 63.8438 -59.3115 
vt 60.1562 -59.3115 
vt 63.8438 -59.3131 
vt 63.8438 -59.3115 
vt 60.1562 -59.3131 
vt 60.1562 -59.3115 
vt 63.8438 -59.155 
vt 63.8438 -59.1534 
vt 60.1562 -59.155 
vt 60.1562 -59.1534 
vt 61.8925 -59.6681 
vt 61.8466 -59.3142 
vt 61.845 -59.3131 
vt 61.7471 -59.8635 
vt 61.2457 -59.4905 
vt 63.8438 -59.7543 
vt 63.8438 -59.2529 
vt 60.1562 -59.7543 
vt 60.1562 -59.2529 
vt 60.1562 -59.6681 
vt 60.1562 -59.8635 
vt 63.8438 -59.6681 
vt 63.8438 -59.8635 
vt 60.1562 -59.3142 
vt 60.1562 -59.6681 
vt 63.8438 -59.3142 
vt 63.8438 -59.6681 
vt 62.1534 -59.3142 
vt 62.1075 -59.6681 
vt 62.155 -59.3131 
vt 62.7543 -59.4905 
vt 62.2529 -59.8635 
vt 63.8438 -58.7471 
vt 63.8438 -58.2457 
vt 60.1562 -58.7471 
vt 60.1562 -58.2457 
vt 62.4562 -59.0897 
vt 62.154 -59.3096 
vt 62.1538 -59.3115 
vt 62.1522 -59.3093 
vt 63.8438 -59.3093 
vt 63.8438 -58.7113 
vt 60.1562 -59.3093 
vt 60.1562 -58.7113 
vt 60.1562 -59.154 
vt 63.8438 -59.154 
vt 60.1562 -59.1522 
vt 63.8438 -59.1522 
vt 61.846 -59.3096 
vt 61.8462 -59.3115 
vt 62.2529 -58.1365 
vt 61.8478 -59.3093 
vt 63.8438 -59.4905 
vt 63.8438 -58.1365 
vt 60.1562 -59.4905 
vt 60.1562 -58.1365 
vt 60.1562 -59.0897 
vt 60.1562 -58.7375 
vt 60.1562 -58.7071 
vt 63.8438 -58.7071 
vt 60.1562 -58.3952 
vt 63.8438 -58.3952 
vt 63.8438 -58.7106 
vt 60.1562 -58.7106 
vt 63.8438 -58.7115 
vt 60.1562 -58.7115 
vt 62.2926 -58.7113 
vt 62.2929 -58.7106 
vt 61.7074 -58.7113 
vt 61.7071 -58.7106 
vt 61.7071 -58.7115 
vt 63.8438 -58.7074 
vt 63.8438 -58.7071 
vt 60.1562 -58.7074 
vt 60.1562 -58.7071 
vt 62.2929 -58.7115 
vt 63.8438 -58.5095 
vt 60.1562 -58.5095 
vt 63.8438 -58.7106 
vt 60.1562 -58.7106 
vt 62.6048 -58.7106 
vt 62.7543 -58.5095 
vt 61.3952 -58.7106 
vt 61.2457 -58.5095 
vt 61.7471 -58.1365 
vt 62.1942 -58.7375 

usemtl Union3Mtl

f 2659/2659/2659 2660/2660/2660 2661/2661/2661 
f 2660/2660/2660 2662/2662/2662 2661/2661/2661 
f 2663/2663/2663 2664/2664/2664 2665/2665/2665 
f 2664/2664/2664 2666/2666/2666 2665/2665/2665 
f 2667/2667/2667 2668/2668/2668 2669/2669/2669 
f 2668/2668/2668 2670/2670/2670 2669/2669/2669 
f 2671/2671/2671 2672/2672/2672 2673/2673/2673 
f 2674/2674/2674 2671/2671/2671 2675/2675/2675 
f 2671/2671/2671 2673/2673/2673 2675/2675/2675 
f 2676/2676/2676 2677/2677/2677 2678/2678/2678 
f 2677/2677/2677 2679/2679/2679 2678/2678/2678 
f 2680/2680/2680 2681/2681/2681 2682/2682/2682 
f 2681/2681/2681 2683/2683/2683 2682/2682/2682 
f 2684/2684/2684 2685/2685/2685 2686/2686/2686 
f 2685/2685/2685 2687/2687/2687 2686/2686/2686 
f 2688/2688/2688 2689/2689/2689 2690/2690/2690 
f 2689/2689/2689 2691/2691/2691 2690/2690/2690 
f 2689/2689/2689 2692/2692/2692 2691/2691/2691 
f 2693/2693/2693 2694/2694/2694 2695/2695/2695 
f 2694/2694/2694 2696/2696/2696 2695/2695/2695 
f 2697/2697/2697 2698/2698/2698 2691/2691/2691 
f 2698/2698/2698 2690/2690/2690 2691/2691/2691 
f 2699/2699/2699 2690/2690/2690 2698/2698/2698 
f 2698/2698/2698 2697/2697/2697 2700/2700/2700 
f 2701/2701/2701 2702/2702/2702 2703/2703/2703 
f 2702/2702/2702 2704/2704/2704 2703/2703/2703 
f 2705/2705/2705 2706/2706/2706 2707/2707/2707 
f 2706/2706/2706 2708/2708/2708 2707/2707/2707 
f 2709/2709/2709 2675/2675/2675 2710/2710/2710 
f 2675/2675/2675 2673/2673/2673 2710/2710/2710 
f 2709/2709/2709 2711/2711/2711 2675/2675/2675 
f 2712/2712/2712 2711/2711/2711 2709/2709/2709 
f 2713/2713/2713 2714/2714/2714 2715/2715/2715 
f 2716/2716/2716 2715/2715/2715 2714/2714/2714 
f 2716/2716/2716 2717/2717/2717 2715/2715/2715 
f 2718/2718/2718 2717/2717/2717 2716/2716/2716 
f 2719/2719/2719 2720/2720/2720 2721/2721/2721 
f 2720/2720/2720 2722/2722/2722 2721/2721/2721 
f 2723/2723/2723 2724/2724/2724 2725/2725/2725 
f 2724/2724/2724 2726/2726/2726 2725/2725/2725 
f 2712/2712/2712 2727/2727/2727 2728/2728/2728 
f 2700/2700/2700 2697/2697/2697 2729/2729/2729 
f 2697/2697/2697 2730/2730/2730 2729/2729/2729 
f 2730/2730/2730 2731/2731/2731 2729/2729/2729 
f 2732/2732/2732 2733/2733/2733 2734/2734/2734 
f 2733/2733/2733 2735/2735/2735 2734/2734/2734 
f 2736/2736/2736 2728/2728/2728 2727/2727/2727 
f 2737/2737/2737 2738/2738/2738 2739/2739/2739 
f 2738/2738/2738 2740/2740/2740 2739/2739/2739 
f 2741/2741/2741 2742/2742/2742 2728/2728/2728 
f 2743/2743/2743 2730/2730/2730 2744/2744/2744 
f 2730/2730/2730 2745/2745/2745 2744/2744/2744 
f 2742/2742/2742 2711/2711/2711 2728/2728/2728 
f 2711/2711/2711 2712/2712/2712 2728/2728/2728 
f 2697/2697/2697 2746/2746/2746 2730/2730/2730 
f 2746/2746/2746 2745/2745/2745 2730/2730/2730 

g Union14

v -39.5 1.93359 -7.00744 
v -39.5 1.93359 -5.00744 
v -41.5 1.93359 -7.00744 
v -41.5 1.93359 -5.00744 
v -41.4639 3.8927 -5.00744 
v -39.5 3.8927 -5.00744 
v -39.5 5.92355 -6.97134 
v -41.5 3.85537 -5.00744 
v -41.5 3.85537 -7.00744 
v -41.5 1.93359 -5.00744 
v -41.5 1.93359 -7.00744 
v -41.5 3.85537 -7.00744 
v -39.5 5.92355 -7.00744 
v -41.5 1.93359 -7.00744 
v -39.5 1.93359 -7.00744 
v -39.5 1.93359 -5.00744 
v -39.5 1.93359 -7.00744 
v -39.5 3.8927 -5.00744 
v -39.5 5.92355 -7.00744 
v -39.5 5.92355 -6.97134 
v -39.5 5.92355 -7.00744 
v -41.5 3.85537 -7.00744 
v -39.5 5.92355 -6.97134 
v -41.5 3.85537 -5.00744 
v -41.4639 3.8927 -5.00744 
v -41.4639 3.8927 -5.00744 
v -41.5 3.85537 -5.00744 
v -39.5 3.8927 -5.00744 
v -41.5 1.93359 -5.00744 
v -39.5 1.93359 -5.00744 
v -41.5 15.4336 -7.00744 
v -41.5 15.4336 -5.00744 
v -39.5 15.4336 -7.00744 
v -39.5 15.4336 -5.00744 
v -41.5 13.4534 -5.00744 
v -41.5 15.4336 -5.00744 
v -41.5 15.4336 -7.00744 
v -41.5 13.4534 -5.00744 
v -41.5 13.4534 -7.00744 
v -41.4639 13.4266 -5.00744 
v -39.5 11.9656 -7.00744 
v -39.5 11.9656 -6.97135 
v -39.5 11.9656 -7.00744 
v -41.5 13.4534 -7.00744 
v -39.5 15.4336 -7.00744 
v -41.5 15.4336 -7.00744 
v -41.5 13.4534 -7.00744 
v -39.5 11.9656 -7.00744 
v -39.5 15.4336 -7.00744 
v -39.5 11.9656 -6.97135 
v -39.5 15.4336 -5.00744 
v -39.5 13.4266 -5.00744 
v -41.4639 13.4266 -5.00744 
v -39.5 13.4266 -5.00744 
v -41.5 13.4534 -5.00744 
v -39.5 15.4336 -5.00744 
v -41.5 15.4336 -5.00744 
v -39.5 11.9656 -6.97135 
v -39.5 13.4266 -5.00744 
v -41.4639 13.4266 -5.00744 

vn 0 -1 0 
vn 0 -1 0 
vn 0 -1 0 
vn 0 -1 0 
vn 0 0.692913 0.716535 
vn 0 0.692913 0.716535 
vn 0 0.692913 0.716535 
vn -1 0 0 
vn -1 0 0 
vn -1 0 0 
vn -1 0 0 
vn 0 0 -1 
vn 0 0 -1 
vn 0 0 -1 
vn 0 0 -1 
vn 1 0 0 
vn 1 0 0 
vn 1 0 0 
vn 1 0 0 
vn 1 0 0 
vn -0.716535 0.692913 0 
vn -0.716535 0.692913 0 
vn -0.716535 0.692913 0 
vn -0.716535 0.692913 0 
vn -0.716535 0.692913 0 
vn 0 0 1 
vn 0 0 1 
vn 0 0 1 
vn 0 0 1 
vn 0 0 1 
vn 0 1 0 
vn 0 1 0 
vn 0 1 0 
vn 0 1 0 
vn -1 0 0 
vn -1 0 0 
vn -1 0 0 
vn -0.598425 -0.80315 0 
vn -0.598425 -0.80315 0 
vn -0.598425 -0.80315 0 
vn -0.598425 -0.80315 0 
vn -0.598425 -0.80315 0 
vn 0 0 -1 
vn 0 0 -1 
vn 0 0 -1 
vn 0 0 -1 
vn -1 0 0 
vn 1 0 0 
vn 1 0 0 
vn 1 0 0 
vn 1 0 0 
vn 1 0 0 
vn 0 0 1 
vn 0 0 1 
vn 0 0 1 
vn 0 0 1 
vn 0 0 1 
vn 0 -0.80315 0.598425 
vn 0 -0.80315 0.598425 
vn 0 -0.80315 0.598425 

vt 47.875 -49.6039 
vt 48.125 -49.6039 
vt 47.875 -49.4033 
vt 48.125 -49.4033 
vt 48.2608 -49.5524 
vt 48.4577 -49.4059 
vt 48.3062 -49.2022 
vt 48.125 -49.5588 
vt 47.875 -49.5588 
vt 48.125 -49.7516 
vt 47.875 -49.7516 
vt 47.7401 -49.5588 
vt 47.6938 -49.2022 
vt 47.5967 -49.7516 
vt 47.3961 -49.6024 
vt 47.875 -49.6024 
vt 48.125 -49.6024 
vt 47.875 -49.4059 
vt 48.125 -49.2022 
vt 48.1205 -49.2022 
vt 47.875 -49.2022 
vt 47.875 -49.5588 
vt 47.8795 -49.2022 
vt 48.125 -49.5588 
vt 48.125 -49.5524 
vt 48.2608 -49.5524 
vt 48.2599 -49.5588 
vt 48.4577 -49.4059 
vt 48.4033 -49.7516 
vt 48.6039 -49.6024 
vt 48.125 -48.3961 
vt 47.875 -48.3961 
vt 48.125 -48.5967 
vt 47.875 -48.5967 
vt 48.125 -48.5962 
vt 48.125 -48.3976 
vt 47.875 -48.3976 
vt 48.125 -48.5438 
vt 47.875 -48.5438 
vt 48.125 -48.5495 
vt 47.875 -48.8554 
vt 47.8795 -48.8554 
vt 48.1446 -48.5962 
vt 48.4562 -48.5962 
vt 48.4033 -48.2484 
vt 48.6039 -48.3976 
vt 47.875 -48.5962 
vt 48.125 -48.5962 
vt 48.125 -48.2484 
vt 48.1205 -48.5962 
vt 47.875 -48.2484 
vt 47.875 -48.4497 
vt 47.5495 -48.5962 
vt 47.7464 -48.4497 
vt 47.5438 -48.5962 
vt 47.5967 -48.2484 
vt 47.3961 -48.3976 
vt 47.8795 -48.8554 
vt 48.125 -48.7464 
vt 48.125 -48.5495 

usemtl Union1Mtl

f 2747/2747/2747 2748/2748/2748 2749/2749/2749 
f 2748/2748/2748 2750/2750/2750 2749/2749/2749 
f 2751/2751/2751 2752/2752/2752 2753/2753/2753 
f 2754/2754/2754 2755/2755/2755 2756/2756/2756 
f 2755/2755/2755 2757/2757/2757 2756/2756/2756 
f 2758/2758/2758 2759/2759/2759 2760/2760/2760 
f 2759/2759/2759 2761/2761/2761 2760/2760/2760 
f 2762/2762/2762 2763/2763/2763 2764/2764/2764 
f 2763/2763/2763 2765/2765/2765 2764/2764/2764 
f 2765/2765/2765 2766/2766/2766 2764/2764/2764 
f 2767/2767/2767 2768/2768/2768 2769/2769/2769 
f 2768/2768/2768 2770/2770/2770 2769/2769/2769 
f 2770/2770/2770 2771/2771/2771 2769/2769/2769 
f 2772/2772/2772 2773/2773/2773 2774/2774/2774 
f 2773/2773/2773 2775/2775/2775 2774/2774/2774 
f 2775/2775/2775 2776/2776/2776 2774/2774/2774 
f 2777/2777/2777 2778/2778/2778 2779/2779/2779 
f 2778/2778/2778 2780/2780/2780 2779/2779/2779 
f 2781/2781/2781 2782/2782/2782 2783/2783/2783 
f 2784/2784/2784 2785/2785/2785 2786/2786/2786 
f 2785/2785/2785 2787/2787/2787 2786/2786/2786 
f 2787/2787/2787 2788/2788/2788 2786/2786/2786 
f 2789/2789/2789 2790/2790/2790 2791/2791/2791 
f 2790/2790/2790 2792/2792/2792 2791/2791/2791 
f 2781/2781/2781 2783/2783/2783 2793/2793/2793 
f 2794/2794/2794 2795/2795/2795 2796/2796/2796 
f 2795/2795/2795 2797/2797/2797 2796/2796/2796 
f 2797/2797/2797 2798/2798/2798 2796/2796/2796 
f 2799/2799/2799 2800/2800/2800 2801/2801/2801 
f 2800/2800/2800 2802/2802/2802 2801/2801/2801 
f 2802/2802/2802 2803/2803/2803 2801/2801/2801 
f 2804/2804/2804 2805/2805/2805 2806/2806/2806 

g Part45

v -61.5191 10.9535 7.5026 
v -60.4584 12.0142 7.5026 
v -62.2772 11.7116 7.5026 
v -61.2165 12.7723 7.5026 
v -60.4584 12.0142 2.5026 
v -60.4584 12.0142 7.5026 
v -61.5191 10.9535 2.5026 
v -61.5191 10.9535 7.5026 
v -60.4584 12.0142 7.5026 
v -60.4584 12.0142 2.5026 
v -61.2165 12.7723 7.5026 
v -61.2165 12.7723 2.5026 
v -60.4584 12.0142 2.5026 
v -61.5191 10.9535 2.5026 
v -61.2165 12.7723 2.5026 
v -62.2772 11.7116 2.5026 
v -62.2772 11.7116 2.5026 
v -62.2772 11.7116 7.5026 
v -61.2165 12.7723 2.5026 
v -61.2165 12.7723 7.5026 
v -61.5191 10.9535 2.5026 
v -61.5191 10.9535 7.5026 
v -62.2772 11.7116 2.5026 
v -62.2772 11.7116 7.5026 

vn 0 0 1 
vn 0 0 1 
vn 0 0 1 
vn 0 0 1 
vn 0.708661 -0.708661 0 
vn 0.708661 -0.708661 0 
vn 0.708661 -0.708661 0 
vn 0.708661 -0.708661 0 
vn 0.708661 0.708661 0 
vn 0.708661 0.708661 0 
vn 0.708661 0.708661 0 
vn 0.708661 0.708661 0 
vn 0 0 -1 
vn 0 0 -1 
vn 0 0 -1 
vn 0 0 -1 
vn -0.708661 0.708661 0 
vn -0.708661 0.708661 0 
vn -0.708661 0.708661 0 
vn -0.708661 0.708661 0 
vn -0.708661 -0.708661 0 
vn -0.708661 -0.708661 0 
vn -0.708661 -0.708661 0 
vn -0.708661 -0.708661 0 

vt -0.0951837 1.3707 
vt -0.282684 1.3707 
vt -0.0951837 1.23669 
vt -0.282684 1.23669 
vt 0.342316 1.3707 
vt -0.282684 1.3707 
vt 0.342316 1.1832 
vt -0.282684 1.1832 
vt 0.342316 1.3707 
vt -0.282684 1.3707 
vt 0.342316 1.23669 
vt -0.282684 1.23669 
vt -0.0951837 1.3707 
vt -0.282684 1.3707 
vt -0.0951837 1.23669 
vt -0.282684 1.23669 
vt 0.342316 1.3707 
vt -0.282684 1.3707 
vt 0.342316 1.1832 
vt -0.282684 1.1832 
vt 0.342316 1.3707 
vt -0.282684 1.3707 
vt 0.342316 1.23669 
vt -0.282684 1.23669 

usemtl Part1Mtl

f 2807/2807/2807 2808/2808/2808 2809/2809/2809 
f 2809/2809/2809 2808/2808/2808 2810/2810/2810 
f 2811/2811/2811 2812/2812/2812 2813/2813/2813 
f 2813/2813/2813 2812/2812/2812 2814/2814/2814 
f 2815/2815/2815 2816/2816/2816 2817/2817/2817 
f 2817/2817/2817 2816/2816/2816 2818/2818/2818 
f 2819/2819/2819 2820/2820/2820 2821/2821/2821 
f 2821/2821/2821 2820/2820/2820 2822/2822/2822 
f 2823/2823/2823 2824/2824/2824 2825/2825/2825 
f 2825/2825/2825 2824/2824/2824 2826/2826/2826 
f 2827/2827/2827 2828/2828/2828 2829/2829/2829 
f 2829/2829/2829 2828/2828/2828 2830/2830/2830 

g Part46

v -61.9236 10.651 8.0026 
v -60.1559 12.4188 8.0026 
v -62.6307 11.3581 8.0026 
v -60.863 13.1259 8.0026 
v -60.1559 12.4188 2.0026 
v -60.1559 12.4188 8.0026 
v -61.9236 10.651 2.0026 
v -61.9236 10.651 8.0026 
v -60.1559 12.4188 8.0026 
v -60.1559 12.4188 2.0026 
v -60.863 13.1259 8.0026 
v -60.863 13.1259 2.0026 
v -60.1559 12.4188 2.0026 
v -61.9236 10.651 2.0026 
v -60.863 13.1259 2.0026 
v -62.6307 11.3581 2.0026 
v -62.6307 11.3581 2.0026 
v -62.6307 11.3581 8.0026 
v -60.863 13.1259 2.0026 
v -60.863 13.1259 8.0026 
v -61.9236 10.651 2.0026 
v -61.9236 10.651 8.0026 
v -62.6307 11.3581 2.0026 
v -62.6307 11.3581 8.0026 

vn 0 0 1 
vn 0 0 1 
vn 0 0 1 
vn 0 0 1 
vn 0.708661 -0.708661 0 
vn 0.708661 -0.708661 0 
vn 0.708661 -0.708661 0 
vn 0.708661 -0.708661 0 
vn 0.708661 0.708661 0 
vn 0.708661 0.708661 0 
vn 0.708661 0.708661 0 
vn 0.708661 0.708661 0 
vn 0 0 -1 
vn 0 0 -1 
vn 0 0 -1 
vn 0 0 -1 
vn -0.708661 0.708661 0 
vn -0.708661 0.708661 0 
vn -0.708661 0.708661 0 
vn -0.708661 0.708661 0 
vn -0.708661 -0.708661 0 
vn -0.708661 -0.708661 0 
vn -0.708661 -0.708661 0 
vn -0.708661 -0.708661 0 

vt 0.8125 -2.75 
vt 0.5 -2.75 
vt 0.8125 -2.875 
vt 0.5 -2.875 
vt 1.25 -2.75 
vt 0.5 -2.75 
vt 1.25 -3.0625 
vt 0.5 -3.0625 
vt 1.25 -2.75 
vt 0.5 -2.75 
vt 1.25 -2.875 
vt 0.5 -2.875 
vt 0.8125 -2.75 
vt 0.5 -2.75 
vt 0.8125 -2.875 
vt 0.5 -2.875 
vt 1.25 -2.75 
vt 0.5 -2.75 
vt 1.25 -3.0625 
vt 0.5 -3.0625 
vt 1.25 -2.75 
vt 0.5 -2.75 
vt 1.25 -2.875 
vt 0.5 -2.875 

usemtl Union1Mtl

f 2831/2831/2831 2832/2832/2832 2833/2833/2833 
f 2833/2833/2833 2832/2832/2832 2834/2834/2834 
f 2835/2835/2835 2836/2836/2836 2837/2837/2837 
f 2837/2837/2837 2836/2836/2836 2838/2838/2838 
f 2839/2839/2839 2840/2840/2840 2841/2841/2841 
f 2841/2841/2841 2840/2840/2840 2842/2842/2842 
f 2843/2843/2843 2844/2844/2844 2845/2845/2845 
f 2845/2845/2845 2844/2844/2844 2846/2846/2846 
f 2847/2847/2847 2848/2848/2848 2849/2849/2849 
f 2849/2849/2849 2848/2848/2848 2850/2850/2850 
f 2851/2851/2851 2852/2852/2852 2853/2853/2853 
f 2853/2853/2853 2852/2852/2852 2854/2854/2854 

g Part47

v -62.6307 10.651 8.5026 
v -60.1559 13.1259 8.5026 
v -63.6914 11.7117 8.5026 
v -61.2165 14.1865 8.5026 
v -60.1559 13.1259 1.5026 
v -60.1559 13.1259 8.5026 
v -62.6307 10.651 1.5026 
v -62.6307 10.651 8.5026 
v -60.1559 13.1259 8.5026 
v -60.1559 13.1259 1.5026 
v -61.2165 14.1865 8.5026 
v -61.2165 14.1865 1.5026 
v -60.1559 13.1259 1.5026 
v -62.6307 10.651 1.5026 
v -61.2165 14.1865 1.5026 
v -63.6914 11.7117 1.5026 
v -63.6914 11.7117 1.5026 
v -63.6914 11.7117 8.5026 
v -61.2165 14.1865 1.5026 
v -61.2165 14.1865 8.5026 
v -62.6307 10.651 1.5026 
v -62.6307 10.651 8.5026 
v -63.6914 11.7117 1.5026 
v -63.6914 11.7117 8.5026 

vn 0 0 1 
vn 0 0 1 
vn 0 0 1 
vn 0 0 1 
vn 0.708661 -0.708661 0 
vn 0.708661 -0.708661 0 
vn 0.708661 -0.708661 0 
vn 0.708661 -0.708661 0 
vn 0.708661 0.708661 0 
vn 0.708661 0.708661 0 
vn 0.708661 0.708661 0 
vn 0.708661 0.708661 0 
vn 0 0 -1 
vn 0 0 -1 
vn 0 0 -1 
vn 0 0 -1 
vn -0.708661 0.708661 0 
vn -0.708661 0.708661 0 
vn -0.708661 0.708661 0 
vn -0.708661 0.708661 0 
vn -0.708661 -0.708661 0 
vn -0.708661 -0.708661 0 
vn -0.708661 -0.708661 0 
vn -0.708661 -0.708661 0 

vt 2.1875 -6.25 
vt 1.75 -6.25 
vt 2.1875 -6.4375 
vt 1.75 -6.4375 
vt 2.625 -6.25 
vt 1.75 -6.25 
vt 2.625 -6.6875 
vt 1.75 -6.6875 
vt 2.625 -6.25 
vt 1.75 -6.25 
vt 2.625 -6.4375 
vt 1.75 -6.4375 
vt 2.1875 -6.25 
vt 1.75 -6.25 
vt 2.1875 -6.4375 
vt 1.75 -6.4375 
vt 2.625 -6.25 
vt 1.75 -6.25 
vt 2.625 -6.6875 
vt 1.75 -6.6875 
vt 2.625 -6.25 
vt 1.75 -6.25 
vt 2.625 -6.4375 
vt 1.75 -6.4375 

usemtl Part3Mtl

f 2855/2855/2855 2856/2856/2856 2857/2857/2857 
f 2857/2857/2857 2856/2856/2856 2858/2858/2858 
f 2859/2859/2859 2860/2860/2860 2861/2861/2861 
f 2861/2861/2861 2860/2860/2860 2862/2862/2862 
f 2863/2863/2863 2864/2864/2864 2865/2865/2865 
f 2865/2865/2865 2864/2864/2864 2866/2866/2866 
f 2867/2867/2867 2868/2868/2868 2869/2869/2869 
f 2869/2869/2869 2868/2868/2868 2870/2870/2870 
f 2871/2871/2871 2872/2872/2872 2873/2873/2873 
f 2873/2873/2873 2872/2872/2872 2874/2874/2874 
f 2875/2875/2875 2876/2876/2876 2877/2877/2877 
f 2877/2877/2877 2876/2876/2876 2878/2878/2878 

g Part48

v -65.4714 1.93664 -9.9974 
v -60.4714 1.93664 -9.9974 
v -65.4714 0.936641 -9.9974 
v -60.4714 0.936641 -9.9974 
v -60.4714 1.93664 19.5026 
v -60.4714 1.93664 -9.9974 
v -65.4714 1.93664 19.5026 
v -65.4714 1.93664 -9.9974 
v -60.4714 1.93664 -9.9974 
v -60.4714 1.93664 19.5026 
v -60.4714 0.936641 -9.9974 
v -60.4714 0.936641 19.5026 
v -60.4714 1.93664 19.5026 
v -65.4714 1.93664 19.5026 
v -60.4714 0.936641 19.5026 
v -65.4714 0.936641 19.5026 
v -65.4714 0.936641 19.5026 
v -65.4714 0.936641 -9.9974 
v -60.4714 0.936641 19.5026 
v -60.4714 0.936641 -9.9974 
v -65.4714 1.93664 19.5026 
v -65.4714 1.93664 -9.9974 
v -65.4714 0.936641 19.5026 
v -65.4714 0.936641 -9.9974 

vn 0 0 -1 
vn 0 0 -1 
vn 0 0 -1 
vn 0 0 -1 
vn 0 1 0 
vn 0 1 0 
vn 0 1 0 
vn 0 1 0 
vn 1 0 0 
vn 1 0 0 
vn 1 0 0 
vn 1 0 0 
vn 0 0 1 
vn 0 0 1 
vn 0 0 1 
vn 0 0 1 
vn 0 -1 0 
vn 0 -1 0 
vn 0 -1 0 
vn 0 -1 0 
vn -1 0 0 
vn -1 0 0 
vn -1 0 0 
vn -1 0 0 

vt 1.125 -2 
vt 0.5 -2 
vt 1.125 -2.125 
vt 0.5 -2.125 
vt 4.1875 -2 
vt 0.5 -2 
vt 4.1875 -2.625 
vt 0.5 -2.625 
vt 4.1875 -2 
vt 0.5 -2 
vt 4.1875 -2.125 
vt 0.5 -2.125 
vt 1.125 -2 
vt 0.5 -2 
vt 1.125 -2.125 
vt 0.5 -2.125 
vt 4.1875 -2 
vt 0.5 -2 
vt 4.1875 -2.625 
vt 0.5 -2.625 
vt 4.1875 -2 
vt 0.5 -2 
vt 4.1875 -2.125 
vt 0.5 -2.125 

usemtl Part3Mtl

f 2879/2879/2879 2880/2880/2880 2881/2881/2881 
f 2881/2881/2881 2880/2880/2880 2882/2882/2882 
f 2883/2883/2883 2884/2884/2884 2885/2885/2885 
f 2885/2885/2885 2884/2884/2884 2886/2886/2886 
f 2887/2887/2887 2888/2888/2888 2889/2889/2889 
f 2889/2889/2889 2888/2888/2888 2890/2890/2890 
f 2891/2891/2891 2892/2892/2892 2893/2893/2893 
f 2893/2893/2893 2892/2892/2892 2894/2894/2894 
f 2895/2895/2895 2896/2896/2896 2897/2897/2897 
f 2897/2897/2897 2896/2896/2896 2898/2898/2898 
f 2899/2899/2899 2900/2900/2900 2901/2901/2901 
f 2901/2901/2901 2900/2900/2900 2902/2902/2902 

g Part49

v -65.4714 16.4367 -9.9974 
v -60.4714 16.4367 -9.9974 
v -65.4714 15.4367 -9.9974 
v -60.4714 15.4367 -9.9974 
v -60.4714 16.4367 19.5026 
v -60.4714 16.4367 -9.9974 
v -65.4714 16.4367 19.5026 
v -65.4714 16.4367 -9.9974 
v -60.4714 16.4367 -9.9974 
v -60.4714 16.4367 19.5026 
v -60.4714 15.4367 -9.9974 
v -60.4714 15.4367 19.5026 
v -60.4714 16.4367 19.5026 
v -65.4714 16.4367 19.5026 
v -60.4714 15.4367 19.5026 
v -65.4714 15.4367 19.5026 
v -65.4714 15.4367 19.5026 
v -65.4714 15.4367 -9.9974 
v -60.4714 15.4367 19.5026 
v -60.4714 15.4367 -9.9974 
v -65.4714 16.4367 19.5026 
v -65.4714 16.4367 -9.9974 
v -65.4714 15.4367 19.5026 
v -65.4714 15.4367 -9.9974 

vn 0 0 -1 
vn 0 0 -1 
vn 0 0 -1 
vn 0 0 -1 
vn 0 1 0 
vn 0 1 0 
vn 0 1 0 
vn 0 1 0 
vn 1 0 0 
vn 1 0 0 
vn 1 0 0 
vn 1 0 0 
vn 0 0 1 
vn 0 0 1 
vn 0 0 1 
vn 0 0 1 
vn 0 -1 0 
vn 0 -1 0 
vn 0 -1 0 
vn 0 -1 0 
vn -1 0 0 
vn -1 0 0 
vn -1 0 0 
vn -1 0 0 

vt 2.125 -1.75 
vt 1.5 -1.75 
vt 2.125 -1.875 
vt 1.5 -1.875 
vt 5.1875 -1.75 
vt 1.5 -1.75 
vt 5.1875 -2.375 
vt 1.5 -2.375 
vt 5.1875 -1.75 
vt 1.5 -1.75 
vt 5.1875 -1.875 
vt 1.5 -1.875 
vt 2.125 -1.75 
vt 1.5 -1.75 
vt 2.125 -1.875 
vt 1.5 -1.875 
vt 5.1875 -1.75 
vt 1.5 -1.75 
vt 5.1875 -2.375 
vt 1.5 -2.375 
vt 5.1875 -1.75 
vt 1.5 -1.75 
vt 5.1875 -1.875 
vt 1.5 -1.875 

usemtl Part3Mtl

f 2903/2903/2903 2904/2904/2904 2905/2905/2905 
f 2905/2905/2905 2904/2904/2904 2906/2906/2906 
f 2907/2907/2907 2908/2908/2908 2909/2909/2909 
f 2909/2909/2909 2908/2908/2908 2910/2910/2910 
f 2911/2911/2911 2912/2912/2912 2913/2913/2913 
f 2913/2913/2913 2912/2912/2912 2914/2914/2914 
f 2915/2915/2915 2916/2916/2916 2917/2917/2917 
f 2917/2917/2917 2916/2916/2916 2918/2918/2918 
f 2919/2919/2919 2920/2920/2920 2921/2921/2921 
f 2921/2921/2921 2920/2920/2920 2922/2922/2922 
f 2923/2923/2923 2924/2924/2924 2925/2925/2925 
f 2925/2925/2925 2924/2924/2924 2926/2926/2926 

g Union15

v -59.9716 13.4316 -0.497623 
v -65.4716 16.4369 -0.497623 
v -61.9736 11.9424 -0.497623 
v -61.9736 11.9424 -0.497623 
v -61.9736 11.9424 -4.99762 
v -59.9716 13.4316 -0.497623 
v -59.9716 13.4316 -4.99762 
v -59.9716 13.4316 -0.497623 
v -59.9716 13.4316 -4.99762 
v -59.9716 16.4369 -0.497623 
v -59.9716 16.4369 -4.99762 
v -59.9716 13.4316 -4.99762 
v -61.9736 11.9424 -4.99762 
v -59.9716 16.4369 -4.99762 
v -65.4716 16.4369 -4.99762 
v -65.4716 16.4369 -0.497623 
v -59.9716 16.4369 -0.497623 
v -65.4716 16.4369 -4.99762 
v -59.9716 16.4369 -4.99762 
v -59.9716 16.4369 -0.497623 
v -65.4716 0.436849 -4.99762 
v -59.9716 0.436849 -4.99762 
v -65.4716 0.436849 -0.497623 
v -59.9716 0.436849 -0.497623 
v -65.4716 0.436849 -0.497623 
v -65.4716 9.44347 -0.497623 
v -65.4716 0.436849 -4.99762 
v -65.4716 16.4369 -0.497623 
v -65.4716 16.4369 -4.99762 
v -65.4716 0.436849 -4.99762 
v -59.9716 0.436849 -0.497623 
v -59.9716 0.436849 -4.99762 
v -59.9716 3.88454 -0.497622 
v -59.9716 3.88454 -4.99762 
v -59.9716 0.436849 -0.497623 
v -59.9716 3.88454 -0.497622 
v -65.4716 0.436849 -0.497623 
v -65.4716 9.44347 -0.497623 
v -59.9716 13.4316 14.5024 
v -65.4716 16.4365 14.5024 
v -61.9736 11.9424 14.5024 
v -61.9736 11.9424 14.5024 
v -61.9736 11.9424 10.0024 
v -59.9716 13.4316 14.5024 
v -59.9716 13.4316 10.0024 
v -59.9716 13.4316 10.0024 
v -59.9716 16.4365 10.0024 
v -59.9716 13.4316 14.5024 
v -59.9716 16.4365 14.5024 
v -59.9716 13.4316 10.0024 
v -61.9736 11.9424 10.0024 
v -59.9716 16.4365 10.0024 
v -65.4716 16.4365 10.0024 
v -65.4716 16.4365 14.5024 
v -59.9716 16.4365 14.5024 
v -65.4716 16.4365 10.0024 
v -59.9716 16.4365 10.0024 
v -59.9716 16.4365 14.5024 
v -65.4716 0.436543 10.0024 
v -59.9716 0.436543 10.0024 
v -65.4716 0.436543 14.5024 
v -59.9716 0.436543 14.5024 
v -65.4716 0.436543 14.5024 
v -65.4716 9.44347 14.5024 
v -65.4716 0.436543 10.0024 
v -65.4716 16.4365 14.5024 
v -65.4716 16.4365 10.0024 
v -65.4716 0.436543 10.0024 
v -59.9716 3.88454 10.0024 
v -59.9716 3.88454 14.5024 
v -59.9716 0.436543 10.0024 
v -59.9716 0.436543 14.5024 
v -59.9716 0.436543 14.5024 
v -59.9716 3.88454 14.5024 
v -65.4716 0.436543 14.5024 
v -65.4716 9.44347 14.5024 
v -61.9716 11.9365 14.5024 
v -61.9716 11.9365 10.0024 
v -61.9692 11.9365 14.5024 
v -61.9692 11.9365 10.0024 
v -61.9716 11.9365 10.0024 
v -61.9716 11.9365 14.5024 
v -61.9716 5.974 10.0024 
v -61.9716 5.974 14.5024 
v -61.9716 11.9365 -4.99762 
v -61.9716 11.9365 -0.497623 
v -61.9716 5.974 -4.99762 
v -61.9716 5.974 -0.497622 
v -61.9716 11.9365 -0.497623 
v -61.9716 11.9365 -4.99762 
v -61.9692 11.9365 -0.497622 
v -61.9692 11.9365 -4.99762 
v -61.9716 5.93653 -0.497623 
v -61.9716 5.93653 -4.99762 
v -61.9716 5.95271 -0.497622 
v -61.9716 5.95271 -4.99762 
v -61.9716 5.93653 -4.99762 
v -61.9716 5.93653 -0.497623 
v -61.956 5.93653 -4.99762 
v -61.956 5.93653 -0.497623 
v -61.9716 5.93653 14.5024 
v -61.9716 5.93653 10.0024 
v -61.9716 5.95271 14.5024 
v -61.9716 5.95271 10.0024 
v -61.9716 5.93653 10.0024 
v -61.9716 5.93653 14.5024 
v -61.956 5.93653 10.0024 
v -61.956 5.93653 14.5024 
v -61.9716 5.974 14.5024 
v -61.9823 5.96372 14.5024 
v -61.9716 5.974 10.0024 
v -61.9823 5.96372 10.0024 
v -61.9823 5.96372 10.0024 
v -61.9823 5.96372 14.5024 
v -61.9716 5.95271 10.0024 
v -61.9716 5.95271 14.5024 
v -61.9823 5.96372 -4.99762 
v -61.9823 5.96372 -0.497623 
v -61.9716 5.95271 -4.99762 
v -61.9716 5.95271 -0.497622 
v -61.9716 5.974 -0.497622 
v -61.9823 5.96372 -0.497623 
v -61.9716 5.974 -4.99762 
v -61.9823 5.96372 -4.99762 
v -61.9716 5.95271 -4.99762 
v -61.9716 5.93653 -4.99762 
v -61.9823 5.96372 -4.99762 
v -61.9716 5.93653 -0.497623 
v -61.9823 5.96372 -0.497623 
v -61.9716 5.95271 -0.497622 
v -61.9823 5.96372 10.0024 
v -61.9716 5.93653 10.0024 
v -61.9716 5.95271 10.0024 
v -61.9716 5.93653 14.5024 
v -61.9823 5.96372 14.5024 
v -61.9716 5.95271 14.5024 
v -61.9716 11.9365 14.5024 
v -61.9692 11.9365 14.5024 
v -61.9692 11.9365 14.5024 
v -61.9692 11.9365 10.0024 
v -61.9736 11.9424 14.5024 
v -61.9736 11.9424 10.0024 
v -61.9736 11.9424 -0.497623 
v -61.9692 11.9365 -0.497622 
v -61.9736 11.9424 -4.99762 
v -61.9692 11.9365 -4.99762 
v -61.956 5.93653 10.0024 
v -61.956 5.93653 14.5024 
v -59.9716 3.88454 10.0024 
v -61.9521 5.93257 14.5024 
v -59.9716 3.88454 14.5024 
v -61.956 5.93653 -4.99762 
v -61.956 5.93653 -0.497623 
v -59.9716 3.88454 -4.99762 
v -61.9521 5.93257 -0.497623 
v -59.9716 3.88454 -0.497622 
v -61.956 5.93653 -4.99762 
v -59.9716 3.88454 -4.99762 
v -61.956 5.93653 -0.497623 
v -61.9521 5.93257 -0.497623 
v -61.956 5.93653 10.0024 
v -59.9716 3.88454 10.0024 
v -61.956 5.93653 14.5024 
v -61.9521 5.93257 14.5024 
v -61.9716 5.974 -0.497622 
v -61.9716 11.9365 -0.497623 
v -61.9716 5.974 10.0024 
v -61.9716 5.974 -4.99762 
v -61.9716 11.9365 10.0024 
v -61.9692 11.9365 10.0024 
v -61.9692 11.9365 -0.497622 
v -61.9716 11.9365 -4.99762 
v -61.9692 11.9365 -4.99762 
v -61.9716 5.974 14.5024 
v -59.9716 0.436849 -4.99762 
v -59.9716 0.436543 10.0024 

vn 0 0 1 
vn 0 0 1 
vn 0 0 1 
vn 0.598425 -0.80315 0 
vn 0.598425 -0.80315 0 
vn 0.598425 -0.80315 0 
vn 0.598425 -0.80315 0 
vn 1 0 0 
vn 1 0 0 
vn 1 0 0 
vn 1 0 0 
vn 0 0 -1 
vn 0 0 -1 
vn 0 0 -1 
vn 0 0 -1 
vn 0 1 0 
vn 0 1 0 
vn 0 1 0 
vn 0 1 0 
vn 0 0 1 
vn 0 -1 0 
vn 0 -1 0 
vn 0 -1 0 
vn 0 -1 0 
vn -1 0 0 
vn -1 0 0 
vn -1 0 0 
vn -1 0 0 
vn -1 0 0 
vn 0 0 -1 
vn 1 0 0 
vn 1 0 0 
vn 1 0 0 
vn 1 0 0 
vn 0 0 1 
vn 0 0 1 
vn 0 0 1 
vn 0 0 1 
vn 0 0 1 
vn 0 0 1 
vn 0 0 1 
vn 0.598425 -0.80315 0 
vn 0.598425 -0.80315 0 
vn 0.598425 -0.80315 0 
vn 0.598425 -0.80315 0 
vn 1 0 0 
vn 1 0 0 
vn 1 0 0 
vn 1 0 0 
vn 0 0 -1 
vn 0 0 -1 
vn 0 0 -1 
vn 0 0 -1 
vn 0 1 0 
vn 0 1 0 
vn 0 1 0 
vn 0 1 0 
vn 0 0 1 
vn 0 -1 0 
vn 0 -1 0 
vn 0 -1 0 
vn 0 -1 0 
vn -1 0 0 
vn -1 0 0 
vn -1 0 0 
vn -1 0 0 
vn -1 0 0 
vn 0 0 -1 
vn 1 0 0 
vn 1 0 0 
vn 1 0 0 
vn 1 0 0 
vn 0 0 1 
vn 0 0 1 
vn 0 0 1 
vn 0 0 1 
vn 0 -1 0 
vn 0 -1 0 
vn 0 -1 0 
vn 0 -1 0 
vn 1 0 0 
vn 1 0 0 
vn 1 0 0 
vn 1 0 0 
vn 1 0 0 
vn 1 0 0 
vn 1 0 0 
vn 1 0 0 
vn 0 -1 0 
vn 0 -1 0 
vn 0 -1 0 
vn 0 -1 0 
vn 1 0 0 
vn 1 0 0 
vn 1 0 0 
vn 1 0 0 
vn 0 1 0 
vn 0 1 0 
vn 0 1 0 
vn 0 1 0 
vn 1 0 0 
vn 1 0 0 
vn 1 0 0 
vn 1 0 0 
vn 0 1 0 
vn 0 1 0 
vn 0 1 0 
vn 0 1 0 
vn 0.692913 -0.716535 0 
vn 0.692913 -0.716535 0 
vn 0.692913 -0.716535 0 
vn 0.692913 -0.716535 0 
vn 0.716535 0.692913 0 
vn 0.716535 0.692913 0 
vn 0.716535 0.692913 0 
vn 0.716535 0.692913 0 
vn 0.716535 0.692913 0 
vn 0.716535 0.692913 0 
vn 0.716535 0.692913 0 
vn 0.716535 0.692913 0 
vn 0.692913 -0.716535 0 
vn 0.692913 -0.716535 0 
vn 0.692913 -0.716535 0 
vn 0.692913 -0.716535 0 
vn 0 0 -1 
vn 0 0 -1 
vn 0 0 -1 
vn 0 0 1 
vn 0 0 1 
vn 0 0 1 
vn 0 0 -1 
vn 0 0 -1 
vn 0 0 -1 
vn 0 0 1 
vn 0 0 1 
vn 0 0 1 
vn 0 0 1 
vn 0 0 1 
vn 0.80315 0.598425 0 
vn 0.80315 0.598425 0 
vn 0.80315 0.598425 0 
vn 0.80315 0.598425 0 
vn 0.80315 0.598425 0 
vn 0.80315 0.598425 0 
vn 0.80315 0.598425 0 
vn 0.80315 0.598425 0 
vn 0.716535 0.692913 0 
vn 0.716535 0.692913 0 
vn 0.716535 0.692913 0 
vn 0.716535 0.692913 0 
vn 0.716535 0.692913 0 
vn 0.716535 0.692913 0 
vn 0.716535 0.692913 0 
vn 0.716535 0.692913 0 
vn 0.716535 0.692913 0 
vn 0.716535 0.692913 0 
vn 0 0 -1 
vn 0 0 -1 
vn 0 0 1 
vn 0 0 1 
vn 0 0 -1 
vn 0 0 -1 
vn 0 0 1 
vn 0 0 1 
vn 0 0 1 
vn 0 0 1 
vn 0 0 -1 
vn 0 0 -1 
vn 0 0 -1 
vn 0 0 -1 
vn 0 0 1 
vn 0 0 -1 
vn 0 0 -1 
vn 0 0 1 
vn 0 0 -1 
vn 0 0 -1 

vt 62.3438 -14.3756 
vt 61.6562 -14 
vt 62.0935 -14.5618 
vt 62.6562 -14.9065 
vt 63.2188 -14.9065 
vt 62.6562 -14.6562 
vt 63.2188 -14.6562 
vt 62.6562 -14.3756 
vt 63.2188 -14.3756 
vt 62.6562 -14 
vt 63.2188 -14 
vt 61.6562 -14.3756 
vt 61.9065 -14.5618 
vt 61.6562 -14 
vt 62.3438 -14 
vt 61.3438 -15.3438 
vt 61.3438 -14.6562 
vt 60.7812 -15.3438 
vt 60.7812 -14.6562 
vt 62.3438 -14 
vt 63.2188 -15.3438 
vt 63.2188 -14.6562 
vt 62.6562 -15.3438 
vt 62.6562 -14.6562 
vt 61.3438 -16 
vt 61.3438 -14.8742 
vt 60.7812 -16 
vt 61.3438 -14 
vt 60.7812 -14 
vt 62.3438 -16 
vt 62.6562 -16 
vt 63.2188 -16 
vt 62.6562 -15.569 
vt 63.2188 -15.569 
vt 62.3438 -16 
vt 62.3438 -15.569 
vt 61.6562 -16 
vt 61.6562 -14.8742 
vt 62.3438 -14.3756 
vt 61.6562 -14 
vt 62.0935 -14.5618 
vt 60.7812 -14.9065 
vt 61.3438 -14.9065 
vt 60.7812 -14.6562 
vt 61.3438 -14.6562 
vt 61.3438 -14.3756 
vt 61.3438 -14 
vt 60.7812 -14.3756 
vt 60.7812 -14 
vt 61.6562 -14.3756 
vt 61.9065 -14.5618 
vt 61.6562 -14 
vt 62.3438 -14 
vt 63.2188 -15.3438 
vt 63.2188 -14.6562 
vt 62.6562 -15.3438 
vt 62.6562 -14.6562 
vt 62.3438 -14 
vt 61.3438 -15.3438 
vt 61.3438 -14.6562 
vt 60.7812 -15.3438 
vt 60.7812 -14.6562 
vt 63.2188 -16 
vt 63.2188 -14.8742 
vt 62.6562 -16 
vt 63.2188 -14 
vt 62.6562 -14 
vt 62.3438 -16 
vt 61.3438 -15.569 
vt 60.7812 -15.569 
vt 61.3438 -16 
vt 60.7812 -16 
vt 62.3438 -16 
vt 62.3438 -15.569 
vt 61.6562 -16 
vt 61.6562 -14.8742 
vt 60.7812 -14.9062 
vt 61.3438 -14.9062 
vt 60.7812 -14.9059 
vt 61.3438 -14.9059 
vt 61.3438 -14.5625 
vt 60.7812 -14.5625 
vt 61.3438 -15.3078 
vt 60.7812 -15.3078 
vt 63.2188 -14.5625 
vt 62.6562 -14.5625 
vt 63.2188 -15.3078 
vt 62.6562 -15.3078 
vt 62.6562 -14.9062 
vt 63.2188 -14.9062 
vt 62.6562 -14.9059 
vt 63.2188 -14.9059 
vt 62.6562 -15.3125 
vt 63.2188 -15.3125 
vt 62.6562 -15.3105 
vt 63.2188 -15.3105 
vt 60.7812 -14.9062 
vt 61.3438 -14.9062 
vt 60.7812 -14.9043 
vt 61.3438 -14.9043 
vt 60.7812 -15.3125 
vt 61.3438 -15.3125 
vt 60.7812 -15.3105 
vt 61.3438 -15.3105 
vt 62.6562 -14.9062 
vt 63.2188 -14.9062 
vt 62.6562 -14.9043 
vt 63.2188 -14.9043 
vt 60.7812 -14.9062 
vt 60.7812 -14.9076 
vt 61.3438 -14.9062 
vt 61.3438 -14.9076 
vt 61.3438 -15.3091 
vt 60.7812 -15.3091 
vt 61.3438 -15.3105 
vt 60.7812 -15.3105 
vt 63.2188 -15.3091 
vt 62.6562 -15.3091 
vt 63.2188 -15.3105 
vt 62.6562 -15.3105 
vt 62.6562 -14.9062 
vt 62.6562 -14.9076 
vt 63.2188 -14.9062 
vt 63.2188 -14.9076 
vt 61.9062 -15.3105 
vt 61.9062 -15.3125 
vt 61.9076 -15.3091 
vt 62.0938 -15.3125 
vt 62.0924 -15.3091 
vt 62.0938 -15.3105 
vt 61.9076 -15.3091 
vt 61.9062 -15.3125 
vt 61.9062 -15.3105 
vt 62.0938 -15.3125 
vt 62.0924 -15.3091 
vt 62.0938 -15.3105 
vt 62.0938 -14.5625 
vt 62.0941 -14.5625 
vt 60.7812 -14.5625 
vt 61.3438 -14.5625 
vt 60.7812 -14.5618 
vt 61.3438 -14.5618 
vt 62.6562 -14.5618 
vt 62.6562 -14.5625 
vt 63.2188 -14.5618 
vt 63.2188 -14.5625 
vt 61.3438 -15.3125 
vt 60.7812 -15.3125 
vt 61.3438 -15.569 
vt 60.7812 -15.313 
vt 60.7812 -15.569 
vt 63.2188 -15.3125 
vt 62.6562 -15.3125 
vt 63.2188 -15.569 
vt 62.6562 -15.313 
vt 62.6562 -15.569 
vt 61.9043 -15.3125 
vt 61.6562 -15.569 
vt 62.0957 -15.3125 
vt 62.0962 -15.313 
vt 61.9043 -15.3125 
vt 61.6562 -15.569 
vt 62.0957 -15.3125 
vt 62.0962 -15.313 
vt 62.0938 -15.3078 
vt 62.0938 -14.5625 
vt 61.9062 -15.3078 
vt 61.9062 -15.3078 
vt 61.9062 -14.5625 
vt 61.9059 -14.5625 
vt 62.0941 -14.5625 
vt 61.9062 -14.5625 
vt 61.9059 -14.5625 
vt 62.0938 -15.3078 
vt 61.6562 -16 
vt 61.6562 -16 

usemtl Part3Mtl

f 2927/2927/2927 2928/2928/2928 2929/2929/2929 
f 2930/2930/2930 2931/2931/2931 2932/2932/2932 
f 2931/2931/2931 2933/2933/2933 2932/2932/2932 
f 2934/2934/2934 2935/2935/2935 2936/2936/2936 
f 2935/2935/2935 2937/2937/2937 2936/2936/2936 
f 2938/2938/2938 2939/2939/2939 2940/2940/2940 
f 2939/2939/2939 2941/2941/2941 2940/2940/2940 
f 2942/2942/2942 2943/2943/2943 2944/2944/2944 
f 2943/2943/2943 2945/2945/2945 2944/2944/2944 
f 2927/2927/2927 2946/2946/2946 2928/2928/2928 
f 2947/2947/2947 2948/2948/2948 2949/2949/2949 
f 2948/2948/2948 2950/2950/2950 2949/2949/2949 
f 2951/2951/2951 2952/2952/2952 2953/2953/2953 
f 2952/2952/2952 2954/2954/2954 2953/2953/2953 
f 2955/2955/2955 2953/2953/2953 2954/2954/2954 
f 2939/2939/2939 2956/2956/2956 2941/2941/2941 
f 2957/2957/2957 2958/2958/2958 2959/2959/2959 
f 2958/2958/2958 2960/2960/2960 2959/2959/2959 
f 2961/2961/2961 2962/2962/2962 2963/2963/2963 
f 2928/2928/2928 2964/2964/2964 2963/2963/2963 
f 2965/2965/2965 2966/2966/2966 2967/2967/2967 
f 2968/2968/2968 2969/2969/2969 2970/2970/2970 
f 2969/2969/2969 2971/2971/2971 2970/2970/2970 
f 2972/2972/2972 2973/2973/2973 2974/2974/2974 
f 2975/2975/2975 2974/2974/2974 2973/2973/2973 
f 2976/2976/2976 2977/2977/2977 2978/2978/2978 
f 2977/2977/2977 2979/2979/2979 2978/2978/2978 
f 2980/2980/2980 2981/2981/2981 2982/2982/2982 
f 2981/2981/2981 2983/2983/2983 2982/2982/2982 
f 2965/2965/2965 2984/2984/2984 2966/2966/2966 
f 2985/2985/2985 2986/2986/2986 2987/2987/2987 
f 2986/2986/2986 2988/2988/2988 2987/2987/2987 
f 2989/2989/2989 2990/2990/2990 2991/2991/2991 
f 2990/2990/2990 2992/2992/2992 2991/2991/2991 
f 2993/2993/2993 2991/2991/2991 2992/2992/2992 
f 2977/2977/2977 2994/2994/2994 2979/2979/2979 
f 2995/2995/2995 2996/2996/2996 2997/2997/2997 
f 2996/2996/2996 2998/2998/2998 2997/2997/2997 
f 2999/2999/2999 3000/3000/3000 3001/3001/3001 
f 2966/2966/2966 3002/3002/3002 3001/3001/3001 
f 3003/3003/3003 3004/3004/3004 3005/3005/3005 
f 3004/3004/3004 3006/3006/3006 3005/3005/3005 
f 3007/3007/3007 3008/3008/3008 3009/3009/3009 
f 3008/3008/3008 3010/3010/3010 3009/3009/3009 
f 3011/3011/3011 3012/3012/3012 3013/3013/3013 
f 3012/3012/3012 3014/3014/3014 3013/3013/3013 
f 3015/3015/3015 3016/3016/3016 3017/3017/3017 
f 3016/3016/3016 3018/3018/3018 3017/3017/3017 
f 3019/3019/3019 3020/3020/3020 3021/3021/3021 
f 3020/3020/3020 3022/3022/3022 3021/3021/3021 
f 3023/3023/3023 3024/3024/3024 3025/3025/3025 
f 3024/3024/3024 3026/3026/3026 3025/3025/3025 
f 3027/3027/3027 3028/3028/3028 3029/3029/3029 
f 3028/3028/3028 3030/3030/3030 3029/3029/3029 
f 3031/3031/3031 3032/3032/3032 3033/3033/3033 
f 3032/3032/3032 3034/3034/3034 3033/3033/3033 
f 3035/3035/3035 3036/3036/3036 3037/3037/3037 
f 3036/3036/3036 3038/3038/3038 3037/3037/3037 
f 3039/3039/3039 3040/3040/3040 3041/3041/3041 
f 3040/3040/3040 3042/3042/3042 3041/3041/3041 
f 3043/3043/3043 3044/3044/3044 3045/3045/3045 
f 3044/3044/3044 3046/3046/3046 3045/3045/3045 
f 3047/3047/3047 3048/3048/3048 3049/3049/3049 
f 3048/3048/3048 3050/3050/3050 3049/3049/3049 
f 3051/3051/3051 3052/3052/3052 3053/3053/3053 
f 3052/3052/3052 2956/2956/2956 3053/3053/3053 
f 2956/2956/2956 2939/2939/2939 3053/3053/3053 
f 3054/3054/3054 3055/3055/3055 2963/2963/2963 
f 3056/3056/3056 3055/3055/3055 3054/3054/3054 
f 2994/2994/2994 3057/3057/3057 3058/3058/3058 
f 3059/3059/3059 3058/3058/3058 3057/3057/3057 
f 3060/3060/3060 3061/3061/3061 3001/3001/3001 
f 3062/3062/3062 3061/3061/3061 3060/3060/3060 
f 3063/3063/3063 3064/3064/3064 2967/2967/2967 
f 3065/3065/3065 3066/3066/3066 3067/3067/3067 
f 3066/3066/3066 3068/3068/3068 3067/3067/3067 
f 3069/3069/3069 3070/3070/3070 3071/3071/3071 
f 3070/3070/3070 3072/3072/3072 3071/3071/3071 
f 3073/3073/3073 3074/3074/3074 3075/3075/3075 
f 3074/3074/3074 3076/3076/3076 3075/3075/3075 
f 3076/3076/3076 3077/3077/3077 3075/3075/3075 
f 3078/3078/3078 3079/3079/3079 3080/3080/3080 
f 3079/3079/3079 3081/3081/3081 3080/3080/3080 
f 3081/3081/3081 3082/3082/3082 3080/3080/3080 
f 3083/3083/3083 3084/3084/3084 3052/3052/3052 
f 3054/3054/3054 2963/2963/2963 3085/3085/3085 
f 2963/2963/2963 3086/3086/3086 3085/3085/3085 
f 3087/3087/3087 3088/3088/3088 3058/3058/3058 
f 3060/3060/3060 3001/3001/3001 3089/3089/3089 
f 3001/3001/3001 3090/3090/3090 3089/3089/3089 
f 3091/3091/3091 3092/3092/3092 3055/3055/3055 
f 3092/3092/3092 2928/2928/2928 3055/3055/3055 
f 2928/2928/2928 2963/2963/2963 3055/3055/3055 
f 3093/3093/3093 3057/3057/3057 2977/2977/2977 
f 3057/3057/3057 2994/2994/2994 2977/2977/2977 
f 2939/2939/2939 3094/3094/3094 3053/3053/3053 
f 3093/3093/3093 2977/2977/2977 3095/3095/3095 
f 2977/2977/2977 3096/3096/3096 3095/3095/3095 
f 3097/3097/3097 2929/2929/2929 3092/3092/3092 
f 2929/2929/2929 2928/2928/2928 3092/3092/3092 
f 3094/3094/3094 2939/2939/2939 3098/3098/3098 
f 2939/2939/2939 3099/3099/3099 3098/3098/3098 
f 2966/2966/2966 3001/3001/3001 2967/2967/2967 
f 3001/3001/3001 3061/3061/3061 2967/2967/2967 
f 3061/3061/3061 3100/3100/3100 2967/2967/2967 
f 3100/3100/3100 3063/3063/3063 2967/2967/2967 
f 3052/3052/3052 3084/3084/3084 2956/2956/2956 
f 3084/3084/3084 3101/3101/3101 2956/2956/2956 
f 2963/2963/2963 2962/2962/2962 3086/3086/3086 
f 3058/3058/3058 3088/3088/3088 2994/2994/2994 
f 3088/3088/3088 3102/3102/3102 2994/2994/2994 
f 3001/3001/3001 3000/3000/3000 3090/3090/3090 

g Union16

v -62.482 5.96416 -9.9974 
v -62.482 5.96416 19.5026 
v -62.4713 5.95316 -9.9974 
v -62.4713 5.95316 19.5026 
v -62.4713 5.93697 -9.9974 
v -62.4713 5.95316 -9.9974 
v -62.4713 5.93697 19.5026 
v -62.4713 5.95316 19.5026 
v -62.4713 5.93697 19.5026 
v -62.4557 5.93697 19.5026 
v -62.4713 5.93697 -9.9974 
v -62.4557 5.93697 -9.9974 
v -60.4714 3.88501 19.5026 
v -62.4557 5.93697 19.5026 
v -62.4713 5.93697 19.5026 
v -60.4714 1.93667 19.5026 
v -65.4714 1.93667 19.5026 
v -65.4714 1.93667 -9.9974 
v -60.4714 1.93667 -9.9974 
v -65.4714 1.93667 19.5026 
v -60.4714 1.93667 19.5026 
v -60.4714 3.88501 19.5026 
v -60.4714 1.93667 19.5026 
v -60.4714 3.88501 -9.9974 
v -60.4714 1.93667 -9.9974 
v -62.4557 5.93697 19.5026 
v -60.4714 3.88501 19.5026 
v -62.4557 5.93697 -9.9974 
v -60.4714 3.88501 -9.9974 
v -62.4557 5.93697 -9.9974 
v -60.4714 3.88501 -9.9974 
v -62.4713 5.93697 -9.9974 
v -65.4714 1.93667 -9.9974 
v -60.4714 1.93667 -9.9974 
v -65.4714 15.4367 19.5026 
v -60.4714 15.4367 19.5026 
v -65.4714 15.4367 -9.9974 
v -60.4714 15.4367 -9.9974 
v -65.4714 5.93302 -9.9974 
v -62.482 5.96416 -9.9974 
v -62.4713 5.95316 -9.9974 
v -62.4713 5.97445 -9.9974 
v -62.4713 5.97445 -9.9974 
v -62.4713 11.937 -9.9974 
v -62.4713 5.97445 19.5026 
v -62.4713 11.937 19.5026 
v -62.482 5.96416 19.5026 
v -62.482 5.96416 -9.9974 
v -62.4713 5.97445 19.5026 
v -62.4713 5.97445 -9.9974 
v -62.482 5.96416 19.5026 
v -62.4713 5.95316 19.5026 
v -65.4714 15.4367 19.5026 
v -62.4713 5.97445 19.5026 
v -65.4714 1.93667 19.5026 
v -65.4714 15.4367 19.5026 
v -65.4714 1.93667 -9.9974 
v -65.4714 15.4367 -9.9974 
v -65.4714 5.93302 -9.9974 
v -65.4714 9.44392 -9.9974 
v -62.4733 11.9429 19.5026 
v -62.4733 11.9429 -9.9974 
v -60.4714 13.4321 19.5026 
v -60.4714 13.4321 -9.9974 
v -62.4733 11.9429 -9.9974 
v -62.4733 11.9429 19.5026 
v -62.4689 11.937 -9.9974 
v -62.4689 11.937 19.5026 
v -62.4713 11.937 19.5026 
v -62.4733 11.9429 19.5026 
v -62.4713 11.937 -9.9974 
v -62.4733 11.9429 -9.9974 
v -62.4689 11.937 -9.9974 
v -62.4713 11.937 -9.9974 
v -62.4689 11.937 -9.9974 
v -62.4713 11.937 19.5026 
v -62.4689 11.937 19.5026 
v -62.4689 11.937 19.5026 
v -60.4714 15.4367 -9.9974 
v -60.4714 15.4367 19.5026 
v -60.4714 13.4321 -9.9974 
v -60.4714 13.4321 19.5026 
v -60.4714 13.4321 19.5026 
v -60.4714 15.4367 19.5026 
v -60.4714 13.4321 -9.9974 
v -60.4714 15.4367 -9.9974 
v -65.4714 15.4367 -9.9974 
v -65.4714 9.44392 -9.9974 

vn 0.716535 0.692913 0 
vn 0.716535 0.692913 0 
vn 0.716535 0.692913 0 
vn 0.716535 0.692913 0 
vn 1 0 0 
vn 1 0 0 
vn 1 0 0 
vn 1 0 0 
vn 0 1 0 
vn 0 1 0 
vn 0 1 0 
vn 0 1 0 
vn 0 0 1 
vn 0 0 1 
vn 0 0 1 
vn 0 0 1 
vn 0 0 1 
vn 0 -1 0 
vn 0 -1 0 
vn 0 -1 0 
vn 0 -1 0 
vn 1 0 0 
vn 1 0 0 
vn 1 0 0 
vn 1 0 0 
vn 0.716535 0.692913 0 
vn 0.716535 0.692913 0 
vn 0.716535 0.692913 0 
vn 0.716535 0.692913 0 
vn 0 0 -1 
vn 0 0 -1 
vn 0 0 -1 
vn 0 0 -1 
vn 0 0 -1 
vn 0 1 0 
vn 0 1 0 
vn 0 1 0 
vn 0 1 0 
vn 0 0 -1 
vn 0 0 -1 
vn 0 0 -1 
vn 0 0 -1 
vn 1 0 0 
vn 1 0 0 
vn 1 0 0 
vn 1 0 0 
vn 0.692913 -0.716535 0 
vn 0.692913 -0.716535 0 
vn 0.692913 -0.716535 0 
vn 0.692913 -0.716535 0 
vn 0 0 1 
vn 0 0 1 
vn 0 0 1 
vn 0 0 1 
vn -1 0 0 
vn -1 0 0 
vn -1 0 0 
vn -1 0 0 
vn -1 0 0 
vn -1 0 0 
vn 0.598425 -0.80315 0 
vn 0.598425 -0.80315 0 
vn 0.598425 -0.80315 0 
vn 0.598425 -0.80315 0 
vn 0.80315 0.598425 0 
vn 0.80315 0.598425 0 
vn 0.80315 0.598425 0 
vn 0.80315 0.598425 0 
vn 0 0 1 
vn 0 0 1 
vn 0 0 -1 
vn 0 0 -1 
vn 0 0 -1 
vn 0 -1 0 
vn 0 -1 0 
vn 0 -1 0 
vn 0 -1 0 
vn 0 0 1 
vn 1 0 0 
vn 1 0 0 
vn 1 0 0 
vn 1 0 0 
vn 0 0 1 
vn 0 0 1 
vn 0 0 -1 
vn 0 0 -1 
vn 0 0 -1 
vn 0 0 -1 

vt 31.8438 -55.3096 
vt 28.1562 -55.3096 
vt 31.8438 -55.3115 
vt 28.1562 -55.3115 
vt 31.8438 -55.3131 
vt 31.8438 -55.3115 
vt 28.1562 -55.3131 
vt 28.1562 -55.3115 
vt 31.8438 -55.155 
vt 31.8438 -55.1534 
vt 28.1562 -55.155 
vt 28.1562 -55.1534 
vt 29.8925 -55.6681 
vt 29.8466 -55.3142 
vt 29.845 -55.3131 
vt 29.7471 -55.8635 
vt 29.2457 -55.4905 
vt 31.8438 -55.7543 
vt 31.8438 -55.2529 
vt 28.1562 -55.7543 
vt 28.1562 -55.2529 
vt 28.1562 -55.6681 
vt 28.1562 -55.8635 
vt 31.8438 -55.6681 
vt 31.8438 -55.8635 
vt 28.1562 -55.3142 
vt 28.1562 -55.6681 
vt 31.8438 -55.3142 
vt 31.8438 -55.6681 
vt 30.1534 -55.3142 
vt 30.1075 -55.6681 
vt 30.155 -55.3131 
vt 30.7543 -55.4905 
vt 30.2529 -55.8635 
vt 31.8438 -54.7471 
vt 31.8438 -54.2457 
vt 28.1562 -54.7471 
vt 28.1562 -54.2457 
vt 30.4562 -55.0897 
vt 30.154 -55.3096 
vt 30.1538 -55.3115 
vt 30.1522 -55.3093 
vt 31.8438 -55.3093 
vt 31.8438 -54.7113 
vt 28.1562 -55.3093 
vt 28.1562 -54.7113 
vt 28.1562 -55.154 
vt 31.8438 -55.154 
vt 28.1562 -55.1522 
vt 31.8438 -55.1522 
vt 29.846 -55.3096 
vt 29.8462 -55.3115 
vt 30.2529 -54.1365 
vt 29.8478 -55.3093 
vt 31.8438 -55.4905 
vt 31.8438 -54.1365 
vt 28.1562 -55.4905 
vt 28.1562 -54.1365 
vt 28.1562 -55.0897 
vt 28.1562 -54.7375 
vt 28.1562 -54.7071 
vt 31.8438 -54.7071 
vt 28.1562 -54.3952 
vt 31.8438 -54.3952 
vt 31.8438 -54.7106 
vt 28.1562 -54.7106 
vt 31.8438 -54.7115 
vt 28.1562 -54.7115 
vt 30.2926 -54.7113 
vt 30.2929 -54.7106 
vt 29.7074 -54.7113 
vt 29.7071 -54.7106 
vt 29.7071 -54.7115 
vt 31.8438 -54.7074 
vt 31.8438 -54.7071 
vt 28.1562 -54.7074 
vt 28.1562 -54.7071 
vt 30.2929 -54.7115 
vt 31.8438 -54.5095 
vt 28.1562 -54.5095 
vt 31.8438 -54.7106 
vt 28.1562 -54.7106 
vt 30.6048 -54.7106 
vt 30.7543 -54.5095 
vt 29.3952 -54.7106 
vt 29.2457 -54.5095 
vt 29.7471 -54.1365 
vt 30.1942 -54.7375 

usemtl Union3Mtl

f 3103/3103/3103 3104/3104/3104 3105/3105/3105 
f 3104/3104/3104 3106/3106/3106 3105/3105/3105 
f 3107/3107/3107 3108/3108/3108 3109/3109/3109 
f 3108/3108/3108 3110/3110/3110 3109/3109/3109 
f 3111/3111/3111 3112/3112/3112 3113/3113/3113 
f 3112/3112/3112 3114/3114/3114 3113/3113/3113 
f 3115/3115/3115 3116/3116/3116 3117/3117/3117 
f 3118/3118/3118 3115/3115/3115 3119/3119/3119 
f 3115/3115/3115 3117/3117/3117 3119/3119/3119 
f 3120/3120/3120 3121/3121/3121 3122/3122/3122 
f 3121/3121/3121 3123/3123/3123 3122/3122/3122 
f 3124/3124/3124 3125/3125/3125 3126/3126/3126 
f 3125/3125/3125 3127/3127/3127 3126/3126/3126 
f 3128/3128/3128 3129/3129/3129 3130/3130/3130 
f 3129/3129/3129 3131/3131/3131 3130/3130/3130 
f 3132/3132/3132 3133/3133/3133 3134/3134/3134 
f 3133/3133/3133 3135/3135/3135 3134/3134/3134 
f 3133/3133/3133 3136/3136/3136 3135/3135/3135 
f 3137/3137/3137 3138/3138/3138 3139/3139/3139 
f 3138/3138/3138 3140/3140/3140 3139/3139/3139 
f 3141/3141/3141 3142/3142/3142 3135/3135/3135 
f 3142/3142/3142 3134/3134/3134 3135/3135/3135 
f 3143/3143/3143 3134/3134/3134 3142/3142/3142 
f 3142/3142/3142 3141/3141/3141 3144/3144/3144 
f 3145/3145/3145 3146/3146/3146 3147/3147/3147 
f 3146/3146/3146 3148/3148/3148 3147/3147/3147 
f 3149/3149/3149 3150/3150/3150 3151/3151/3151 
f 3150/3150/3150 3152/3152/3152 3151/3151/3151 
f 3153/3153/3153 3119/3119/3119 3154/3154/3154 
f 3119/3119/3119 3117/3117/3117 3154/3154/3154 
f 3153/3153/3153 3155/3155/3155 3119/3119/3119 
f 3156/3156/3156 3155/3155/3155 3153/3153/3153 
f 3157/3157/3157 3158/3158/3158 3159/3159/3159 
f 3160/3160/3160 3159/3159/3159 3158/3158/3158 
f 3160/3160/3160 3161/3161/3161 3159/3159/3159 
f 3162/3162/3162 3161/3161/3161 3160/3160/3160 
f 3163/3163/3163 3164/3164/3164 3165/3165/3165 
f 3164/3164/3164 3166/3166/3166 3165/3165/3165 
f 3167/3167/3167 3168/3168/3168 3169/3169/3169 
f 3168/3168/3168 3170/3170/3170 3169/3169/3169 
f 3156/3156/3156 3171/3171/3171 3172/3172/3172 
f 3144/3144/3144 3141/3141/3141 3173/3173/3173 
f 3141/3141/3141 3174/3174/3174 3173/3173/3173 
f 3174/3174/3174 3175/3175/3175 3173/3173/3173 
f 3176/3176/3176 3177/3177/3177 3178/3178/3178 
f 3177/3177/3177 3179/3179/3179 3178/3178/3178 
f 3180/3180/3180 3172/3172/3172 3171/3171/3171 
f 3181/3181/3181 3182/3182/3182 3183/3183/3183 
f 3182/3182/3182 3184/3184/3184 3183/3183/3183 
f 3185/3185/3185 3186/3186/3186 3172/3172/3172 
f 3187/3187/3187 3174/3174/3174 3188/3188/3188 
f 3174/3174/3174 3189/3189/3189 3188/3188/3188 
f 3186/3186/3186 3155/3155/3155 3172/3172/3172 
f 3155/3155/3155 3156/3156/3156 3172/3172/3172 
f 3141/3141/3141 3190/3190/3190 3174/3174/3174 
f 3190/3190/3190 3189/3189/3189 3174/3174/3174 

g Ceiling3

v -36.4714 17.9367 -9.9974 
v -65.4714 17.9367 -9.9974 
v -36.4714 16.4367 -9.9974 
v -65.4714 16.4367 -9.9974 
v -65.4714 17.9367 -39.4974 
v -65.4714 17.9367 -9.9974 
v -36.4714 17.9367 -39.4974 
v -36.4714 17.9367 -9.9974 
v -65.4714 17.9367 -9.9974 
v -65.4714 17.9367 -39.4974 
v -65.4714 16.4367 -9.9974 
v -65.4714 16.4367 -39.4974 
v -65.4714 17.9367 -39.4974 
v -36.4714 17.9367 -39.4974 
v -65.4714 16.4367 -39.4974 
v -36.4714 16.4367 -39.4974 
v -36.4714 16.4367 -39.4974 
v -36.4714 16.4367 -9.9974 
v -65.4714 16.4367 -39.4974 
v -65.4714 16.4367 -9.9974 
v -36.4714 17.9367 -39.4974 
v -36.4714 17.9367 -9.9974 
v -36.4714 16.4367 -39.4974 
v -36.4714 16.4367 -9.9974 

vn 0 0 1 
vn 0 0 1 
vn 0 0 1 
vn 0 0 1 
vn 0 1 0 
vn 0 1 0 
vn 0 1 0 
vn 0 1 0 
vn -1 0 0 
vn -1 0 0 
vn -1 0 0 
vn -1 0 0 
vn 0 0 -1 
vn 0 0 -1 
vn 0 0 -1 
vn 0 0 -1 
vn 0 -1 0 
vn 0 -1 0 
vn 0 -1 0 
vn 0 -1 0 
vn 1 0 0 
vn 1 0 0 
vn 1 0 0 
vn 1 0 0 

vt 3.28725 -1.44998 
vt -0.337748 -1.44998 
vt 3.28725 -1.63748 
vt -0.337748 -1.63748 
vt 3.34975 -1.44998 
vt -0.337748 -1.44998 
vt 3.34975 -5.07498 
vt -0.337748 -5.07498 
vt 3.34975 -1.44998 
vt -0.337748 -1.44998 
vt 3.34975 -1.63748 
vt -0.337748 -1.63748 
vt 3.28725 -1.44998 
vt -0.337748 -1.44998 
vt 3.28725 -1.63748 
vt -0.337748 -1.63748 
vt 3.34975 -1.44998 
vt -0.337748 -1.44998 
vt 3.34975 -5.07498 
vt -0.337748 -5.07498 
vt 3.34975 -1.44998 
vt -0.337748 -1.44998 
vt 3.34975 -1.63748 
vt -0.337748 -1.63748 

usemtl Ceiling1Mtl

f 3191/3191/3191 3192/3192/3192 3193/3193/3193 
f 3193/3193/3193 3192/3192/3192 3194/3194/3194 
f 3195/3195/3195 3196/3196/3196 3197/3197/3197 
f 3197/3197/3197 3196/3196/3196 3198/3198/3198 
f 3199/3199/3199 3200/3200/3200 3201/3201/3201 
f 3201/3201/3201 3200/3200/3200 3202/3202/3202 
f 3203/3203/3203 3204/3204/3204 3205/3205/3205 
f 3205/3205/3205 3204/3204/3204 3206/3206/3206 
f 3207/3207/3207 3208/3208/3208 3209/3209/3209 
f 3209/3209/3209 3208/3208/3208 3210/3210/3210 
f 3211/3211/3211 3212/3212/3212 3213/3213/3213 
f 3213/3213/3213 3212/3212/3212 3214/3214/3214 

g Part50

v -51.9714 15.6804 -21.4974 
v -49.4714 15.6804 -21.4974 
v -51.9714 16.7525 -21.4974 
v -49.4714 16.7525 -21.4974 
v -49.4714 15.6804 -27.4974 
v -49.4714 15.6804 -21.4974 
v -51.9714 15.6804 -27.4974 
v -51.9714 15.6804 -21.4974 
v -49.4714 15.6804 -21.4974 
v -49.4714 15.6804 -27.4974 
v -49.4714 16.7525 -21.4974 
v -49.4714 16.7525 -27.4974 
v -49.4714 15.6804 -27.4974 
v -51.9714 15.6804 -27.4974 
v -49.4714 16.7525 -27.4974 
v -51.9714 16.7525 -27.4974 
v -51.9714 16.7525 -27.4974 
v -51.9714 16.7525 -21.4974 
v -49.4714 16.7525 -27.4974 
v -49.4714 16.7525 -21.4974 
v -51.9714 15.6804 -27.4974 
v -51.9714 15.6804 -21.4974 
v -51.9714 16.7525 -27.4974 
v -51.9714 16.7525 -21.4974 

vn 0 0 1 
vn 0 0 1 
vn 0 0 1 
vn 0 0 1 
vn 0 -1 0 
vn 0 -1 0 
vn 0 -1 0 
vn 0 -1 0 
vn 1 0 0 
vn 1 0 0 
vn 1 0 0 
vn 1 0 0 
vn 0 0 -1 
vn 0 0 -1 
vn 0 0 -1 
vn 0 0 -1 
vn 0 1 0 
vn 0 1 0 
vn 0 1 0 
vn 0 1 0 
vn -1 0 0 
vn -1 0 0 
vn -1 0 0 
vn -1 0 0 

vt 0.463116 1.18271 
vt 0.150616 1.18271 
vt 0.463116 1.04869 
vt 0.150616 1.04869 
vt 0.900616 1.18271 
vt 0.150616 1.18271 
vt 0.900616 0.870209 
vt 0.150616 0.870209 
vt 0.900616 1.18271 
vt 0.150616 1.18271 
vt 0.900616 1.04869 
vt 0.150616 1.04869 
vt 0.463116 1.18271 
vt 0.150616 1.18271 
vt 0.463116 1.04869 
vt 0.150616 1.04869 
vt 0.900616 1.18271 
vt 0.150616 1.18271 
vt 0.900616 0.870209 
vt 0.150616 0.870209 
vt 0.900616 1.18271 
vt 0.150616 1.18271 
vt 0.900616 1.04869 
vt 0.150616 1.04869 

usemtl Part1Mtl

f 3215/3215/3215 3216/3216/3216 3217/3217/3217 
f 3217/3217/3217 3216/3216/3216 3218/3218/3218 
f 3219/3219/3219 3220/3220/3220 3221/3221/3221 
f 3221/3221/3221 3220/3220/3220 3222/3222/3222 
f 3223/3223/3223 3224/3224/3224 3225/3225/3225 
f 3225/3225/3225 3224/3224/3224 3226/3226/3226 
f 3227/3227/3227 3228/3228/3228 3229/3229/3229 
f 3229/3229/3229 3228/3228/3228 3230/3230/3230 
f 3231/3231/3231 3232/3232/3232 3233/3233/3233 
f 3233/3233/3233 3232/3232/3232 3234/3234/3234 
f 3235/3235/3235 3236/3236/3236 3237/3237/3237 
f 3237/3237/3237 3236/3236/3236 3238/3238/3238 

g Part51

v -52.4714 15.7525 -20.9974 
v -48.9714 15.7525 -20.9974 
v -52.4714 17.2525 -20.9974 
v -48.9714 17.2525 -20.9974 
v -48.9714 15.7525 -27.9974 
v -48.9714 15.7525 -20.9974 
v -52.4714 15.7525 -27.9974 
v -52.4714 15.7525 -20.9974 
v -48.9714 15.7525 -20.9974 
v -48.9714 15.7525 -27.9974 
v -48.9714 17.2525 -20.9974 
v -48.9714 17.2525 -27.9974 
v -48.9714 15.7525 -27.9974 
v -52.4714 15.7525 -27.9974 
v -48.9714 17.2525 -27.9974 
v -52.4714 17.2525 -27.9974 
v -52.4714 17.2525 -27.9974 
v -52.4714 17.2525 -20.9974 
v -48.9714 17.2525 -27.9974 
v -48.9714 17.2525 -20.9974 
v -52.4714 15.7525 -27.9974 
v -52.4714 15.7525 -20.9974 
v -52.4714 17.2525 -27.9974 
v -52.4714 17.2525 -20.9974 

vn 0 0 1 
vn 0 0 1 
vn 0 0 1 
vn 0 0 1 
vn 0 -1 0 
vn 0 -1 0 
vn 0 -1 0 
vn 0 -1 0 
vn 1 0 0 
vn 1 0 0 
vn 1 0 0 
vn 1 0 0 
vn 0 0 -1 
vn 0 0 -1 
vn 0 0 -1 
vn 0 0 -1 
vn 0 1 0 
vn 0 1 0 
vn 0 1 0 
vn 0 1 0 
vn -1 0 0 
vn -1 0 0 
vn -1 0 0 
vn -1 0 0 

vt 6.6875 -4 
vt 6.25 -4 
vt 6.6875 -4.1875 
vt 6.25 -4.1875 
vt 7.125 -4 
vt 6.25 -4 
vt 7.125 -4.4375 
vt 6.25 -4.4375 
vt 7.125 -4 
vt 6.25 -4 
vt 7.125 -4.1875 
vt 6.25 -4.1875 
vt 6.6875 -4 
vt 6.25 -4 
vt 6.6875 -4.1875 
vt 6.25 -4.1875 
vt 7.125 -4 
vt 6.25 -4 
vt 7.125 -4.4375 
vt 6.25 -4.4375 
vt 7.125 -4 
vt 6.25 -4 
vt 7.125 -4.1875 
vt 6.25 -4.1875 

usemtl Part3Mtl

f 3239/3239/3239 3240/3240/3240 3241/3241/3241 
f 3241/3241/3241 3240/3240/3240 3242/3242/3242 
f 3243/3243/3243 3244/3244/3244 3245/3245/3245 
f 3245/3245/3245 3244/3244/3244 3246/3246/3246 
f 3247/3247/3247 3248/3248/3248 3249/3249/3249 
f 3249/3249/3249 3248/3248/3248 3250/3250/3250 
f 3251/3251/3251 3252/3252/3252 3253/3253/3253 
f 3253/3253/3253 3252/3252/3252 3254/3254/3254 
f 3255/3255/3255 3256/3256/3256 3257/3257/3257 
f 3257/3257/3257 3256/3256/3256 3258/3258/3258 
f 3259/3259/3259 3260/3260/3260 3261/3261/3261 
f 3261/3261/3261 3260/3260/3260 3262/3262/3262 

g Union17

v -39.4716 5.97461 -39.4974 
v -39.4716 5.97461 -6.9974 
v -39.4716 11.9371 -39.4974 
v -39.4716 11.9371 -6.9974 
v -39.4716 5.93713 -39.4974 
v -39.4872 5.93713 -39.4974 
v -39.4716 5.93713 -6.9974 
v -39.4872 5.93713 -6.9974 
v -39.4716 5.93713 -6.9974 
v -39.4716 5.95332 -6.9974 
v -39.4716 5.93713 -39.4974 
v -39.4716 5.95332 -39.4974 
v -39.4609 5.96432 -6.9974 
v -39.4609 5.96432 -39.4974 
v -39.4716 5.95332 -6.9974 
v -39.4716 5.95332 -39.4974 
v -39.4609 5.96432 -39.4974 
v -39.4716 5.93713 -39.4974 
v -39.4716 5.95332 -39.4974 
v -39.4872 5.93713 -39.4974 
v -41.4716 3.88516 -39.4974 
v -39.4872 5.93713 -6.9974 
v -41.4716 3.88516 -6.9974 
v -41.4716 1.93683 -39.4974 
v -41.4716 3.88516 -39.4974 
v -39.4872 5.93713 -39.4974 
v -41.4716 1.93683 -6.9974 
v -41.4716 3.88516 -6.9974 
v -41.4716 1.93683 -39.4974 
v -41.4716 3.88516 -39.4974 
v -39.4872 5.93713 -6.9974 
v -41.4716 3.88516 -6.9974 
v -39.4716 5.93713 -6.9974 
v -41.4716 1.93683 -6.9974 
v -36.4716 1.93683 -6.9974 
v -39.4609 5.96432 -6.9974 
v -39.4716 5.95332 -6.9974 
v -36.4716 15.4368 -6.9974 
v -36.4716 1.93683 -6.9974 
v -41.4716 1.93683 -6.9974 
v -36.4716 1.93683 -39.4974 
v -41.4716 1.93683 -39.4974 
v -36.4716 1.93683 -39.4974 
v -36.4716 15.4368 -39.4974 
v -36.4716 1.93683 -6.9974 
v -36.4716 15.4368 -6.9974 
v -36.4716 15.4368 -39.4974 
v -36.4716 1.93683 -39.4974 
v -36.4716 15.4368 -39.4974 
v -39.4676 15.4368 -39.4974 
v -36.4716 15.4368 -6.9974 
v -41.4716 15.4368 -39.4974 
v -41.4716 15.4368 -6.9974 
v -39.4609 5.96432 -39.4974 
v -39.4609 5.96432 -6.9974 
v -39.4716 5.97461 -39.4974 
v -39.4716 5.97461 -6.9974 
v -39.4716 5.97461 -39.4974 
v -39.4676 15.4368 -39.4974 
v -39.4696 11.943 -39.4974 
v -39.4696 11.943 -6.9974 
v -41.4716 13.4322 -39.4974 
v -41.4716 13.4322 -6.9974 
v -39.4696 11.943 -6.9974 
v -39.4696 11.943 -39.4974 
v -39.474 11.9371 -6.9974 
v -39.474 11.9371 -39.4974 
v -39.4696 11.943 -39.4974 
v -39.4716 11.9371 -39.4974 
v -39.4716 5.97461 -6.9974 
v -39.4716 11.9371 -6.9974 
v -39.4696 11.943 -6.9974 
v -39.474 11.9371 -6.9974 
v -39.4716 11.9371 -6.9974 
v -39.474 11.9371 -6.9974 
v -39.4716 11.9371 -39.4974 
v -39.474 11.9371 -39.4974 
v -39.474 11.9371 -39.4974 
v -41.4716 13.4322 -6.9974 
v -41.4716 15.4368 -6.9974 
v -41.4716 13.4322 -39.4974 
v -41.4716 15.4368 -39.4974 
v -41.4716 15.4368 -6.9974 
v -41.4716 13.4322 -6.9974 
v -41.4716 13.4322 -39.4974 
v -41.4716 15.4368 -39.4974 

vn -1 0 0 
vn -1 0 0 
vn -1 0 0 
vn -1 0 0 
vn 0 1 0 
vn 0 1 0 
vn 0 1 0 
vn 0 1 0 
vn -1 0 0 
vn -1 0 0 
vn -1 0 0 
vn -1 0 0 
vn -0.716535 0.692913 0 
vn -0.716535 0.692913 0 
vn -0.716535 0.692913 0 
vn -0.716535 0.692913 0 
vn 0 0 -1 
vn 0 0 -1 
vn 0 0 -1 
vn -0.716535 0.692913 0 
vn -0.716535 0.692913 0 
vn -0.716535 0.692913 0 
vn -0.716535 0.692913 0 
vn 0 0 -1 
vn 0 0 -1 
vn 0 0 -1 
vn -1 0 0 
vn -1 0 0 
vn -1 0 0 
vn -1 0 0 
vn 0 0 1 
vn 0 0 1 
vn 0 0 1 
vn 0 0 1 
vn 0 0 1 
vn 0 0 1 
vn 0 0 1 
vn 0 0 1 
vn 0 -1 0 
vn 0 -1 0 
vn 0 -1 0 
vn 0 -1 0 
vn 1 0 0 
vn 1 0 0 
vn 1 0 0 
vn 1 0 0 
vn 0 0 -1 
vn 0 0 -1 
vn 0 1 0 
vn 0 1 0 
vn 0 1 0 
vn 0 1 0 
vn 0 1 0 
vn -0.692913 -0.716535 0 
vn -0.692913 -0.716535 0 
vn -0.692913 -0.716535 0 
vn -0.692913 -0.716535 0 
vn 0 0 -1 
vn 0 0 -1 
vn -0.598425 -0.80315 0 
vn -0.598425 -0.80315 0 
vn -0.598425 -0.80315 0 
vn -0.598425 -0.80315 0 
vn -0.80315 0.598425 0 
vn -0.80315 0.598425 0 
vn -0.80315 0.598425 0 
vn -0.80315 0.598425 0 
vn 0 0 -1 
vn 0 0 -1 
vn 0 0 1 
vn 0 0 1 
vn 0 0 1 
vn 0 0 1 
vn 0 -1 0 
vn 0 -1 0 
vn 0 -1 0 
vn 0 -1 0 
vn 0 0 -1 
vn -1 0 0 
vn -1 0 0 
vn -1 0 0 
vn -1 0 0 
vn 0 0 1 
vn 0 0 1 
vn 0 0 -1 
vn 0 0 -1 

vt 17.9688 -43.3093 
vt 22.0312 -43.3093 
vt 17.9688 -42.7113 
vt 22.0312 -42.7113 
vt 22.0312 -43.155 
vt 22.0312 -43.1534 
vt 17.9688 -43.155 
vt 17.9688 -43.1534 
vt 22.0312 -43.3131 
vt 22.0312 -43.3115 
vt 17.9688 -43.3131 
vt 17.9688 -43.3115 
vt 22.0312 -43.3096 
vt 17.9688 -43.3096 
vt 22.0312 -43.3115 
vt 17.9688 -43.3115 
vt 19.846 -43.3096 
vt 19.845 -43.3131 
vt 19.8462 -43.3115 
vt 17.9688 -43.3142 
vt 17.9688 -43.6681 
vt 22.0312 -43.3142 
vt 22.0312 -43.6681 
vt 19.7471 -43.8635 
vt 19.8925 -43.6681 
vt 19.8466 -43.3142 
vt 22.0312 -43.8635 
vt 22.0312 -43.6681 
vt 17.9688 -43.8635 
vt 17.9688 -43.6681 
vt 20.1534 -43.3142 
vt 20.1075 -43.6681 
vt 20.155 -43.3131 
vt 20.2529 -43.8635 
vt 20.7543 -43.4905 
vt 20.154 -43.3096 
vt 20.1538 -43.3115 
vt 19.7471 -42.1365 
vt 22.0312 -43.7543 
vt 22.0312 -43.2529 
vt 17.9688 -43.7543 
vt 17.9688 -43.2529 
vt 22.0312 -43.4905 
vt 22.0312 -42.1365 
vt 17.9688 -43.4905 
vt 17.9688 -42.1365 
vt 20.2529 -42.1365 
vt 19.2457 -43.4905 
vt 22.0312 -42.7471 
vt 22.0312 -42.4466 
vt 17.9688 -42.7471 
vt 22.0312 -42.2457 
vt 17.9688 -42.2457 
vt 17.9688 -43.154 
vt 22.0312 -43.154 
vt 17.9688 -43.1522 
vt 22.0312 -43.1522 
vt 19.8478 -43.3093 
vt 20.5534 -42.36 
vt 17.9688 -42.7071 
vt 22.0312 -42.7071 
vt 17.9688 -42.3952 
vt 22.0312 -42.3952 
vt 22.0312 -42.7106 
vt 17.9688 -42.7106 
vt 22.0312 -42.7115 
vt 17.9688 -42.7115 
vt 20.2929 -42.7106 
vt 20.2926 -42.7113 
vt 20.1522 -43.3093 
vt 19.7074 -42.7113 
vt 19.7071 -42.7106 
vt 19.7071 -42.7115 
vt 22.0312 -42.7074 
vt 22.0312 -42.7071 
vt 17.9688 -42.7074 
vt 17.9688 -42.7071 
vt 20.2929 -42.7115 
vt 22.0312 -42.7106 
vt 22.0312 -42.5095 
vt 17.9688 -42.7106 
vt 17.9688 -42.5095 
vt 19.2457 -42.5095 
vt 19.3952 -42.7106 
vt 20.6048 -42.7106 
vt 20.7543 -42.5095 

usemtl Union3Mtl

f 3263/3263/3263 3264/3264/3264 3265/3265/3265 
f 3264/3264/3264 3266/3266/3266 3265/3265/3265 
f 3267/3267/3267 3268/3268/3268 3269/3269/3269 
f 3268/3268/3268 3270/3270/3270 3269/3269/3269 
f 3271/3271/3271 3272/3272/3272 3273/3273/3273 
f 3272/3272/3272 3274/3274/3274 3273/3273/3273 
f 3275/3275/3275 3276/3276/3276 3277/3277/3277 
f 3276/3276/3276 3278/3278/3278 3277/3277/3277 
f 3279/3279/3279 3280/3280/3280 3281/3281/3281 
f 3282/3282/3282 3283/3283/3283 3284/3284/3284 
f 3285/3285/3285 3284/3284/3284 3283/3283/3283 
f 3286/3286/3286 3287/3287/3287 3280/3280/3280 
f 3288/3288/3288 3280/3280/3280 3287/3287/3287 
f 3289/3289/3289 3290/3290/3290 3291/3291/3291 
f 3290/3290/3290 3292/3292/3292 3291/3291/3291 
f 3293/3293/3293 3294/3294/3294 3295/3295/3295 
f 3294/3294/3294 3296/3296/3296 3295/3295/3295 
f 3296/3296/3296 3297/3297/3297 3295/3295/3295 
f 3297/3297/3297 3298/3298/3298 3295/3295/3295 
f 3298/3298/3298 3299/3299/3299 3295/3295/3295 
f 3298/3298/3298 3297/3297/3297 3300/3300/3300 
f 3301/3301/3301 3302/3302/3302 3303/3303/3303 
f 3304/3304/3304 3303/3303/3303 3302/3302/3302 
f 3305/3305/3305 3306/3306/3306 3307/3307/3307 
f 3306/3306/3306 3308/3308/3308 3307/3307/3307 
f 3279/3279/3279 3309/3309/3309 3310/3310/3310 
f 3311/3311/3311 3312/3312/3312 3313/3313/3313 
f 3312/3312/3312 3314/3314/3314 3313/3313/3313 
f 3315/3315/3315 3313/3313/3313 3314/3314/3314 
f 3316/3316/3316 3317/3317/3317 3318/3318/3318 
f 3317/3317/3317 3319/3319/3319 3318/3318/3318 
f 3279/3279/3279 3310/3310/3310 3280/3280/3280 
f 3310/3310/3310 3286/3286/3286 3280/3280/3280 
f 3320/3320/3320 3321/3321/3321 3279/3279/3279 
f 3321/3321/3321 3309/3309/3309 3279/3279/3279 
f 3322/3322/3322 3323/3323/3323 3324/3324/3324 
f 3323/3323/3323 3325/3325/3325 3324/3324/3324 
f 3326/3326/3326 3327/3327/3327 3328/3328/3328 
f 3327/3327/3327 3329/3329/3329 3328/3328/3328 
f 3330/3330/3330 3320/3320/3320 3331/3331/3331 
f 3332/3332/3332 3298/3298/3298 3333/3333/3333 
f 3298/3298/3298 3334/3334/3334 3333/3333/3333 
f 3334/3334/3334 3335/3335/3335 3333/3333/3333 
f 3336/3336/3336 3337/3337/3337 3338/3338/3338 
f 3337/3337/3337 3339/3339/3339 3338/3338/3338 
f 3330/3330/3330 3331/3331/3331 3340/3340/3340 
f 3341/3341/3341 3342/3342/3342 3343/3343/3343 
f 3342/3342/3342 3344/3344/3344 3343/3343/3343 
f 3298/3298/3298 3300/3300/3300 3334/3334/3334 
f 3300/3300/3300 3345/3345/3345 3334/3334/3334 
f 3345/3345/3345 3346/3346/3346 3334/3334/3334 
f 3347/3347/3347 3348/3348/3348 3330/3330/3330 
f 3348/3348/3348 3321/3321/3321 3330/3330/3330 
f 3321/3321/3321 3320/3320/3320 3330/3330/3330 

g Part52

v -41.4843 12.0142 -21.9974 
v -40.4236 10.9535 -21.9974 
v -40.7262 12.7723 -21.9974 
v -39.6655 11.7116 -21.9974 
v -40.4236 10.9535 -26.9974 
v -40.4236 10.9535 -21.9974 
v -41.4843 12.0142 -26.9974 
v -41.4843 12.0142 -21.9974 
v -40.4236 10.9535 -21.9974 
v -40.4236 10.9535 -26.9974 
v -39.6655 11.7116 -21.9974 
v -39.6655 11.7116 -26.9974 
v -40.4236 10.9535 -26.9974 
v -41.4843 12.0142 -26.9974 
v -39.6655 11.7116 -26.9974 
v -40.7262 12.7723 -26.9974 
v -40.7262 12.7723 -26.9974 
v -40.7262 12.7723 -21.9974 
v -39.6655 11.7116 -26.9974 
v -39.6655 11.7116 -21.9974 
v -41.4843 12.0142 -26.9974 
v -41.4843 12.0142 -21.9974 
v -40.7262 12.7723 -26.9974 
v -40.7262 12.7723 -21.9974 

vn 0 0 1 
vn 0 0 1 
vn 0 0 1 
vn 0 0 1 
vn -0.708661 -0.708661 0 
vn -0.708661 -0.708661 0 
vn -0.708661 -0.708661 0 
vn -0.708661 -0.708661 0 
vn 0.708661 -0.708661 0 
vn 0.708661 -0.708661 0 
vn 0.708661 -0.708661 0 
vn 0.708661 -0.708661 0 
vn 0 0 -1 
vn 0 0 -1 
vn 0 0 -1 
vn 0 0 -1 
vn 0.708661 0.708661 0 
vn 0.708661 0.708661 0 
vn 0.708661 0.708661 0 
vn 0.708661 0.708661 0 
vn -0.708661 0.708661 0 
vn -0.708661 0.708661 0 
vn -0.708661 0.708661 0 
vn -0.708661 0.708661 0 

vt -0.122786 0.606314 
vt -0.310286 0.606314 
vt -0.122786 0.472297 
vt -0.310286 0.472297 
vt 0.314714 0.606314 
vt -0.310286 0.606314 
vt 0.314714 0.418814 
vt -0.310286 0.418814 
vt 0.314714 0.606314 
vt -0.310286 0.606314 
vt 0.314714 0.472297 
vt -0.310286 0.472297 
vt -0.122786 0.606314 
vt -0.310286 0.606314 
vt -0.122786 0.472297 
vt -0.310286 0.472297 
vt 0.314714 0.606314 
vt -0.310286 0.606314 
vt 0.314714 0.418814 
vt -0.310286 0.418814 
vt 0.314714 0.606314 
vt -0.310286 0.606314 
vt 0.314714 0.472297 
vt -0.310286 0.472297 

usemtl Part1Mtl

f 3349/3349/3349 3350/3350/3350 3351/3351/3351 
f 3351/3351/3351 3350/3350/3350 3352/3352/3352 
f 3353/3353/3353 3354/3354/3354 3355/3355/3355 
f 3355/3355/3355 3354/3354/3354 3356/3356/3356 
f 3357/3357/3357 3358/3358/3358 3359/3359/3359 
f 3359/3359/3359 3358/3358/3358 3360/3360/3360 
f 3361/3361/3361 3362/3362/3362 3363/3363/3363 
f 3363/3363/3363 3362/3362/3362 3364/3364/3364 
f 3365/3365/3365 3366/3366/3366 3367/3367/3367 
f 3367/3367/3367 3366/3366/3366 3368/3368/3368 
f 3369/3369/3369 3370/3370/3370 3371/3371/3371 
f 3371/3371/3371 3370/3370/3370 3372/3372/3372 

g Part53

v -41.7868 12.4188 -21.4974 
v -40.0191 10.651 -21.4974 
v -41.0797 13.1259 -21.4974 
v -39.312 11.3581 -21.4974 
v -40.0191 10.651 -27.4974 
v -40.0191 10.651 -21.4974 
v -41.7868 12.4188 -27.4974 
v -41.7868 12.4188 -21.4974 
v -40.0191 10.651 -21.4974 
v -40.0191 10.651 -27.4974 
v -39.312 11.3581 -21.4974 
v -39.312 11.3581 -27.4974 
v -40.0191 10.651 -27.4974 
v -41.7868 12.4188 -27.4974 
v -39.312 11.3581 -27.4974 
v -41.0797 13.1259 -27.4974 
v -41.0797 13.1259 -27.4974 
v -41.0797 13.1259 -21.4974 
v -39.312 11.3581 -27.4974 
v -39.312 11.3581 -21.4974 
v -41.7868 12.4188 -27.4974 
v -41.7868 12.4188 -21.4974 
v -41.0797 13.1259 -27.4974 
v -41.0797 13.1259 -21.4974 

vn 0 0 1 
vn 0 0 1 
vn 0 0 1 
vn 0 0 1 
vn -0.708661 -0.708661 0 
vn -0.708661 -0.708661 0 
vn -0.708661 -0.708661 0 
vn -0.708661 -0.708661 0 
vn 0.708661 -0.708661 0 
vn 0.708661 -0.708661 0 
vn 0.708661 -0.708661 0 
vn 0.708661 -0.708661 0 
vn 0 0 -1 
vn 0 0 -1 
vn 0 0 -1 
vn 0 0 -1 
vn 0.708661 0.708661 0 
vn 0.708661 0.708661 0 
vn 0.708661 0.708661 0 
vn 0.708661 0.708661 0 
vn -0.708661 0.708661 0 
vn -0.708661 0.708661 0 
vn -0.708661 0.708661 0 
vn -0.708661 0.708661 0 

vt 0.3125 -4.5 
vt 0 -4.5 
vt 0.3125 -4.625 
vt 0 -4.625 
vt 0.75 -4.5 
vt 0 -4.5 
vt 0.75 -4.8125 
vt 0 -4.8125 
vt 0.75 -4.5 
vt 0 -4.5 
vt 0.75 -4.625 
vt 0 -4.625 
vt 0.3125 -4.5 
vt 0 -4.5 
vt 0.3125 -4.625 
vt 0 -4.625 
vt 0.75 -4.5 
vt 0 -4.5 
vt 0.75 -4.8125 
vt 0 -4.8125 
vt 0.75 -4.5 
vt 0 -4.5 
vt 0.75 -4.625 
vt 0 -4.625 

usemtl Union1Mtl

f 3373/3373/3373 3374/3374/3374 3375/3375/3375 
f 3375/3375/3375 3374/3374/3374 3376/3376/3376 
f 3377/3377/3377 3378/3378/3378 3379/3379/3379 
f 3379/3379/3379 3378/3378/3378 3380/3380/3380 
f 3381/3381/3381 3382/3382/3382 3383/3383/3383 
f 3383/3383/3383 3382/3382/3382 3384/3384/3384 
f 3385/3385/3385 3386/3386/3386 3387/3387/3387 
f 3387/3387/3387 3386/3386/3386 3388/3388/3388 
f 3389/3389/3389 3390/3390/3390 3391/3391/3391 
f 3391/3391/3391 3390/3390/3390 3392/3392/3392 
f 3393/3393/3393 3394/3394/3394 3395/3395/3395 
f 3395/3395/3395 3394/3394/3394 3396/3396/3396 

g Part54

v -41.7868 13.1259 -20.9974 
v -39.312 10.651 -20.9974 
v -40.7262 14.1865 -20.9974 
v -38.2513 11.7116 -20.9974 
v -39.312 10.651 -27.9974 
v -39.312 10.651 -20.9974 
v -41.7868 13.1259 -27.9974 
v -41.7868 13.1259 -20.9974 
v -39.312 10.651 -20.9974 
v -39.312 10.651 -27.9974 
v -38.2513 11.7116 -20.9974 
v -38.2513 11.7116 -27.9974 
v -39.312 10.651 -27.9974 
v -41.7868 13.1259 -27.9974 
v -38.2513 11.7116 -27.9974 
v -40.7262 14.1865 -27.9974 
v -40.7262 14.1865 -27.9974 
v -40.7262 14.1865 -20.9974 
v -38.2513 11.7116 -27.9974 
v -38.2513 11.7116 -20.9974 
v -41.7868 13.1259 -27.9974 
v -41.7868 13.1259 -20.9974 
v -40.7262 14.1865 -27.9974 
v -40.7262 14.1865 -20.9974 

vn 0 0 1 
vn 0 0 1 
vn 0 0 1 
vn 0 0 1 
vn -0.708661 -0.708661 0 
vn -0.708661 -0.708661 0 
vn -0.708661 -0.708661 0 
vn -0.708661 -0.708661 0 
vn 0.708661 -0.708661 0 
vn 0.708661 -0.708661 0 
vn 0.708661 -0.708661 0 
vn 0.708661 -0.708661 0 
vn 0 0 -1 
vn 0 0 -1 
vn 0 0 -1 
vn 0 0 -1 
vn 0.708661 0.708661 0 
vn 0.708661 0.708661 0 
vn 0.708661 0.708661 0 
vn 0.708661 0.708661 0 
vn -0.708661 0.708661 0 
vn -0.708661 0.708661 0 
vn -0.708661 0.708661 0 
vn -0.708661 0.708661 0 

vt 4.9375 -2.25 
vt 4.5 -2.25 
vt 4.9375 -2.4375 
vt 4.5 -2.4375 
vt 5.375 -2.25 
vt 4.5 -2.25 
vt 5.375 -2.6875 
vt 4.5 -2.6875 
vt 5.375 -2.25 
vt 4.5 -2.25 
vt 5.375 -2.4375 
vt 4.5 -2.4375 
vt 4.9375 -2.25 
vt 4.5 -2.25 
vt 4.9375 -2.4375 
vt 4.5 -2.4375 
vt 5.375 -2.25 
vt 4.5 -2.25 
vt 5.375 -2.6875 
vt 4.5 -2.6875 
vt 5.375 -2.25 
vt 4.5 -2.25 
vt 5.375 -2.4375 
vt 4.5 -2.4375 

usemtl Part3Mtl

f 3397/3397/3397 3398/3398/3398 3399/3399/3399 
f 3399/3399/3399 3398/3398/3398 3400/3400/3400 
f 3401/3401/3401 3402/3402/3402 3403/3403/3403 
f 3403/3403/3403 3402/3402/3402 3404/3404/3404 
f 3405/3405/3405 3406/3406/3406 3407/3407/3407 
f 3407/3407/3407 3406/3406/3406 3408/3408/3408 
f 3409/3409/3409 3410/3410/3410 3411/3411/3411 
f 3411/3411/3411 3410/3410/3410 3412/3412/3412 
f 3413/3413/3413 3414/3414/3414 3415/3415/3415 
f 3415/3415/3415 3414/3414/3414 3416/3416/3416 
f 3417/3417/3417 3418/3418/3418 3419/3419/3419 
f 3419/3419/3419 3418/3418/3418 3420/3420/3420 

g Part55

v -36.4714 1.93664 -9.9974 
v -41.4714 1.93664 -9.9974 
v -36.4714 0.936643 -9.9974 
v -41.4714 0.936643 -9.9974 
v -41.4714 1.93664 -39.4974 
v -41.4714 1.93664 -9.9974 
v -36.4714 1.93664 -39.4974 
v -36.4714 1.93664 -9.9974 
v -41.4714 1.93664 -9.9974 
v -41.4714 1.93664 -39.4974 
v -41.4714 0.936643 -9.9974 
v -41.4714 0.936643 -39.4974 
v -41.4714 1.93664 -39.4974 
v -36.4714 1.93664 -39.4974 
v -41.4714 0.936643 -39.4974 
v -36.4714 0.936643 -39.4974 
v -36.4714 0.936643 -39.4974 
v -36.4714 0.936643 -9.9974 
v -41.4714 0.936643 -39.4974 
v -41.4714 0.936643 -9.9974 
v -36.4714 1.93664 -39.4974 
v -36.4714 1.93664 -9.9974 
v -36.4714 0.936643 -39.4974 
v -36.4714 0.936643 -9.9974 

vn 0 0 1 
vn 0 0 1 
vn 0 0 1 
vn 0 0 1 
vn 0 1 0 
vn 0 1 0 
vn 0 1 0 
vn 0 1 0 
vn -1 0 0 
vn -1 0 0 
vn -1 0 0 
vn -1 0 0 
vn 0 0 -1 
vn 0 0 -1 
vn 0 0 -1 
vn 0 0 -1 
vn 0 -1 0 
vn 0 -1 0 
vn 0 -1 0 
vn 0 -1 0 
vn 1 0 0 
vn 1 0 0 
vn 1 0 0 
vn 1 0 0 

vt 7.625 -0.75 
vt 7 -0.75 
vt 7.625 -0.875 
vt 7 -0.875 
vt 10.6875 -0.75 
vt 7 -0.75 
vt 10.6875 -1.375 
vt 7 -1.375 
vt 10.6875 -0.75 
vt 7 -0.75 
vt 10.6875 -0.875 
vt 7 -0.875 
vt 7.625 -0.75 
vt 7 -0.75 
vt 7.625 -0.875 
vt 7 -0.875 
vt 10.6875 -0.75 
vt 7 -0.75 
vt 10.6875 -1.375 
vt 7 -1.375 
vt 10.6875 -0.75 
vt 7 -0.75 
vt 10.6875 -0.875 
vt 7 -0.875 

usemtl Part3Mtl

f 3421/3421/3421 3422/3422/3422 3423/3423/3423 
f 3423/3423/3423 3422/3422/3422 3424/3424/3424 
f 3425/3425/3425 3426/3426/3426 3427/3427/3427 
f 3427/3427/3427 3426/3426/3426 3428/3428/3428 
f 3429/3429/3429 3430/3430/3430 3431/3431/3431 
f 3431/3431/3431 3430/3430/3430 3432/3432/3432 
f 3433/3433/3433 3434/3434/3434 3435/3435/3435 
f 3435/3435/3435 3434/3434/3434 3436/3436/3436 
f 3437/3437/3437 3438/3438/3438 3439/3439/3439 
f 3439/3439/3439 3438/3438/3438 3440/3440/3440 
f 3441/3441/3441 3442/3442/3442 3443/3443/3443 
f 3443/3443/3443 3442/3442/3442 3444/3444/3444 

g Part56

v -36.4714 16.4367 -9.9974 
v -41.4714 16.4367 -9.9974 
v -36.4714 15.4367 -9.9974 
v -41.4714 15.4367 -9.9974 
v -41.4714 16.4367 -39.4974 
v -41.4714 16.4367 -9.9974 
v -36.4714 16.4367 -39.4974 
v -36.4714 16.4367 -9.9974 
v -41.4714 16.4367 -9.9974 
v -41.4714 16.4367 -39.4974 
v -41.4714 15.4367 -9.9974 
v -41.4714 15.4367 -39.4974 
v -41.4714 16.4367 -39.4974 
v -36.4714 16.4367 -39.4974 
v -41.4714 15.4367 -39.4974 
v -36.4714 15.4367 -39.4974 
v -36.4714 15.4367 -39.4974 
v -36.4714 15.4367 -9.9974 
v -41.4714 15.4367 -39.4974 
v -41.4714 15.4367 -9.9974 
v -36.4714 16.4367 -39.4974 
v -36.4714 16.4367 -9.9974 
v -36.4714 15.4367 -39.4974 
v -36.4714 15.4367 -9.9974 

vn 0 0 1 
vn 0 0 1 
vn 0 0 1 
vn 0 0 1 
vn 0 1 0 
vn 0 1 0 
vn 0 1 0 
vn 0 1 0 
vn -1 0 0 
vn -1 0 0 
vn -1 0 0 
vn -1 0 0 
vn 0 0 -1 
vn 0 0 -1 
vn 0 0 -1 
vn 0 0 -1 
vn 0 -1 0 
vn 0 -1 0 
vn 0 -1 0 
vn 0 -1 0 
vn 1 0 0 
vn 1 0 0 
vn 1 0 0 
vn 1 0 0 

vt 6.625 -4.25 
vt 6 -4.25 
vt 6.625 -4.375 
vt 6 -4.375 
vt 9.6875 -4.25 
vt 6 -4.25 
vt 9.6875 -4.875 
vt 6 -4.875 
vt 9.6875 -4.25 
vt 6 -4.25 
vt 9.6875 -4.375 
vt 6 -4.375 
vt 6.625 -4.25 
vt 6 -4.25 
vt 6.625 -4.375 
vt 6 -4.375 
vt 9.6875 -4.25 
vt 6 -4.25 
vt 9.6875 -4.875 
vt 6 -4.875 
vt 9.6875 -4.25 
vt 6 -4.25 
vt 9.6875 -4.375 
vt 6 -4.375 

usemtl Part3Mtl

f 3445/3445/3445 3446/3446/3446 3447/3447/3447 
f 3447/3447/3447 3446/3446/3446 3448/3448/3448 
f 3449/3449/3449 3450/3450/3450 3451/3451/3451 
f 3451/3451/3451 3450/3450/3450 3452/3452/3452 
f 3453/3453/3453 3454/3454/3454 3455/3455/3455 
f 3455/3455/3455 3454/3454/3454 3456/3456/3456 
f 3457/3457/3457 3458/3458/3458 3459/3459/3459 
f 3459/3459/3459 3458/3458/3458 3460/3460/3460 
f 3461/3461/3461 3462/3462/3462 3463/3463/3463 
f 3463/3463/3463 3462/3462/3462 3464/3464/3464 
f 3465/3465/3465 3466/3466/3466 3467/3467/3467 
f 3467/3467/3467 3466/3466/3466 3468/3468/3468 

g Union18

v -41.9711 13.4316 -19.4972 
v -36.4711 16.4368 -19.4972 
v -39.9691 11.9424 -19.4972 
v -39.9691 11.9424 -19.4972 
v -39.9691 11.9424 -14.9972 
v -41.9711 13.4316 -19.4972 
v -41.9711 13.4316 -14.9972 
v -41.9711 13.4316 -19.4972 
v -41.9711 13.4316 -14.9972 
v -41.9711 16.4368 -19.4972 
v -41.9711 16.4368 -14.9972 
v -41.9711 13.4316 -14.9972 
v -39.9691 11.9424 -14.9972 
v -41.9711 16.4368 -14.9972 
v -36.4711 16.4368 -14.9972 
v -36.4711 16.4368 -19.4972 
v -41.9711 16.4368 -19.4972 
v -36.4711 16.4368 -14.9972 
v -41.9711 16.4368 -14.9972 
v -41.9711 16.4368 -19.4972 
v -36.4711 0.436848 -14.9972 
v -41.9711 0.436848 -14.9972 
v -36.4711 0.436848 -19.4972 
v -41.9711 0.436848 -19.4972 
v -36.4711 0.436848 -19.4972 
v -36.4711 9.44347 -19.4972 
v -36.4711 0.436848 -14.9972 
v -36.4711 16.4368 -19.4972 
v -36.4711 16.4368 -14.9972 
v -36.4711 0.436848 -14.9972 
v -41.9711 0.436848 -19.4972 
v -41.9711 0.436848 -14.9972 
v -41.9711 3.88454 -19.4972 
v -41.9711 3.88454 -14.9972 
v -41.9711 0.436848 -19.4972 
v -41.9711 3.88454 -19.4972 
v -36.4711 0.436848 -19.4972 
v -36.4711 9.44347 -19.4972 
v -41.9711 13.4316 -34.4972 
v -36.4711 16.4365 -34.4972 
v -39.9691 11.9424 -34.4972 
v -39.9691 11.9424 -34.4972 
v -39.9691 11.9424 -29.9972 
v -41.9711 13.4316 -34.4972 
v -41.9711 13.4316 -29.9972 
v -41.9711 13.4316 -29.9972 
v -41.9711 16.4365 -29.9972 
v -41.9711 13.4316 -34.4972 
v -41.9711 16.4365 -34.4972 
v -41.9711 13.4316 -29.9972 
v -39.9691 11.9424 -29.9972 
v -41.9711 16.4365 -29.9972 
v -36.4711 16.4365 -29.9972 
v -36.4711 16.4365 -34.4972 
v -41.9711 16.4365 -34.4972 
v -36.4711 16.4365 -29.9972 
v -41.9711 16.4365 -29.9972 
v -41.9711 16.4365 -34.4972 
v -36.4711 0.436543 -29.9972 
v -41.9711 0.436543 -29.9972 
v -36.4711 0.436543 -34.4972 
v -41.9711 0.436543 -34.4972 
v -36.4711 0.436543 -34.4972 
v -36.4711 9.44347 -34.4972 
v -36.4711 0.436543 -29.9972 
v -36.4711 16.4365 -34.4972 
v -36.4711 16.4365 -29.9972 
v -36.4711 0.436543 -29.9972 
v -41.9711 3.88454 -29.9972 
v -41.9711 3.88454 -34.4972 
v -41.9711 0.436543 -29.9972 
v -41.9711 0.436543 -34.4972 
v -41.9711 0.436543 -34.4972 
v -41.9711 3.88454 -34.4972 
v -36.4711 0.436543 -34.4972 
v -36.4711 9.44347 -34.4972 
v -39.9711 11.9365 -34.4972 
v -39.9711 11.9365 -29.9972 
v -39.9735 11.9365 -34.4972 
v -39.9735 11.9365 -29.9972 
v -39.9711 11.9365 -29.9972 
v -39.9711 11.9365 -34.4972 
v -39.9711 5.974 -29.9972 
v -39.9711 5.974 -34.4972 
v -39.9711 11.9365 -14.9972 
v -39.9711 11.9365 -19.4972 
v -39.9711 5.974 -14.9972 
v -39.9711 5.974 -19.4972 
v -39.9711 11.9365 -19.4972 
v -39.9711 11.9365 -14.9972 
v -39.9735 11.9365 -19.4972 
v -39.9735 11.9365 -14.9972 
v -39.9711 5.93653 -19.4972 
v -39.9711 5.93653 -14.9972 
v -39.9711 5.95271 -19.4972 
v -39.9711 5.95271 -14.9972 
v -39.9711 5.93653 -14.9972 
v -39.9711 5.93653 -19.4972 
v -39.9867 5.93652 -14.9972 
v -39.9867 5.93652 -19.4972 
v -39.9711 5.93653 -34.4972 
v -39.9711 5.93653 -29.9972 
v -39.9711 5.95271 -34.4972 
v -39.9711 5.95271 -29.9972 
v -39.9711 5.93653 -29.9972 
v -39.9711 5.93653 -34.4972 
v -39.9867 5.93652 -29.9972 
v -39.9867 5.93652 -34.4972 
v -39.9711 5.974 -34.4972 
v -39.9604 5.96371 -34.4972 
v -39.9711 5.974 -29.9972 
v -39.9604 5.96371 -29.9972 
v -39.9604 5.96371 -29.9972 
v -39.9604 5.96371 -34.4972 
v -39.9711 5.95271 -29.9972 
v -39.9711 5.95271 -34.4972 
v -39.9604 5.96371 -14.9972 
v -39.9604 5.96371 -19.4972 
v -39.9711 5.95271 -14.9972 
v -39.9711 5.95271 -19.4972 
v -39.9711 5.974 -19.4972 
v -39.9604 5.96371 -19.4972 
v -39.9711 5.974 -14.9972 
v -39.9604 5.96371 -14.9972 
v -39.9711 5.95271 -14.9972 
v -39.9711 5.93653 -14.9972 
v -39.9604 5.96371 -14.9972 
v -39.9711 5.93653 -19.4972 
v -39.9604 5.96371 -19.4972 
v -39.9711 5.95271 -19.4972 
v -39.9604 5.96371 -29.9972 
v -39.9711 5.93653 -29.9972 
v -39.9711 5.95271 -29.9972 
v -39.9711 5.93653 -34.4972 
v -39.9604 5.96371 -34.4972 
v -39.9711 5.95271 -34.4972 
v -39.9711 11.9365 -34.4972 
v -39.9735 11.9365 -34.4972 
v -39.9735 11.9365 -34.4972 
v -39.9735 11.9365 -29.9972 
v -39.9691 11.9424 -34.4972 
v -39.9691 11.9424 -29.9972 
v -39.9691 11.9424 -19.4972 
v -39.9735 11.9365 -19.4972 
v -39.9691 11.9424 -14.9972 
v -39.9735 11.9365 -14.9972 
v -39.9867 5.93652 -29.9972 
v -39.9867 5.93652 -34.4972 
v -41.9711 3.88454 -29.9972 
v -39.9906 5.93257 -34.4972 
v -41.9711 3.88454 -34.4972 
v -39.9867 5.93652 -14.9972 
v -39.9867 5.93652 -19.4972 
v -41.9711 3.88454 -14.9972 
v -39.9906 5.93257 -19.4972 
v -41.9711 3.88454 -19.4972 
v -39.9867 5.93652 -14.9972 
v -41.9711 3.88454 -14.9972 
v -39.9867 5.93652 -19.4972 
v -39.9906 5.93257 -19.4972 
v -39.9867 5.93652 -29.9972 
v -41.9711 3.88454 -29.9972 
v -39.9867 5.93652 -34.4972 
v -39.9906 5.93257 -34.4972 
v -39.9711 5.974 -19.4972 
v -39.9711 11.9365 -19.4972 
v -39.9711 5.974 -29.9972 
v -39.9711 5.974 -14.9972 
v -39.9711 11.9365 -29.9972 
v -39.9735 11.9365 -29.9972 
v -39.9735 11.9365 -19.4972 
v -39.9711 11.9365 -14.9972 
v -39.9735 11.9365 -14.9972 
v -39.9711 5.974 -34.4972 
v -41.9711 0.436848 -14.9972 
v -41.9711 0.436543 -29.9972 

vn 0 0 -1 
vn 0 0 -1 
vn 0 0 -1 
vn -0.598425 -0.80315 0 
vn -0.598425 -0.80315 0 
vn -0.598425 -0.80315 0 
vn -0.598425 -0.80315 0 
vn -1 0 0 
vn -1 0 0 
vn -1 0 0 
vn -1 0 0 
vn 0 0 1 
vn 0 0 1 
vn 0 0 1 
vn 0 0 1 
vn 0 1 0 
vn 0 1 0 
vn 0 1 0 
vn 0 1 0 
vn 0 0 -1 
vn 0 -1 0 
vn 0 -1 0 
vn 0 -1 0 
vn 0 -1 0 
vn 1 0 0 
vn 1 0 0 
vn 1 0 0 
vn 1 0 0 
vn 1 0 0 
vn 0 0 1 
vn -1 0 0 
vn -1 0 0 
vn -1 0 0 
vn -1 0 0 
vn 0 0 -1 
vn 0 0 -1 
vn 0 0 -1 
vn 0 0 -1 
vn 0 0 -1 
vn 0 0 -1 
vn 0 0 -1 
vn -0.598425 -0.80315 0 
vn -0.598425 -0.80315 0 
vn -0.598425 -0.80315 0 
vn -0.598425 -0.80315 0 
vn -1 0 0 
vn -1 0 0 
vn -1 0 0 
vn -1 0 0 
vn 0 0 1 
vn 0 0 1 
vn 0 0 1 
vn 0 0 1 
vn 0 1 0 
vn 0 1 0 
vn 0 1 0 
vn 0 1 0 
vn 0 0 -1 
vn 0 -1 0 
vn 0 -1 0 
vn 0 -1 0 
vn 0 -1 0 
vn 1 0 0 
vn 1 0 0 
vn 1 0 0 
vn 1 0 0 
vn 1 0 0 
vn 0 0 1 
vn -1 0 0 
vn -1 0 0 
vn -1 0 0 
vn -1 0 0 
vn 0 0 -1 
vn 0 0 -1 
vn 0 0 -1 
vn 0 0 -1 
vn 0 -1 0 
vn 0 -1 0 
vn 0 -1 0 
vn 0 -1 0 
vn -1 0 0 
vn -1 0 0 
vn -1 0 0 
vn -1 0 0 
vn -1 0 0 
vn -1 0 0 
vn -1 0 0 
vn -1 0 0 
vn 0 -1 0 
vn 0 -1 0 
vn 0 -1 0 
vn 0 -1 0 
vn -1 0 0 
vn -1 0 0 
vn -1 0 0 
vn -1 0 0 
vn 0 1 0 
vn 0 1 0 
vn 0 1 0 
vn 0 1 0 
vn -1 0 0 
vn -1 0 0 
vn -1 0 0 
vn -1 0 0 
vn 0 1 0 
vn 0 1 0 
vn 0 1 0 
vn 0 1 0 
vn -0.692913 -0.716535 0 
vn -0.692913 -0.716535 0 
vn -0.692913 -0.716535 0 
vn -0.692913 -0.716535 0 
vn -0.716535 0.692913 0 
vn -0.716535 0.692913 0 
vn -0.716535 0.692913 0 
vn -0.716535 0.692913 0 
vn -0.716535 0.692913 0 
vn -0.716535 0.692913 0 
vn -0.716535 0.692913 0 
vn -0.716535 0.692913 0 
vn -0.692913 -0.716535 0 
vn -0.692913 -0.716535 0 
vn -0.692913 -0.716535 0 
vn -0.692913 -0.716535 0 
vn 0 0 1 
vn 0 0 1 
vn 0 0 1 
vn 0 0 -1 
vn 0 0 -1 
vn 0 0 -1 
vn 0 0 1 
vn 0 0 1 
vn 0 0 1 
vn 0 0 -1 
vn 0 0 -1 
vn 0 0 -1 
vn 0 0 -1 
vn 0 0 -1 
vn -0.80315 0.598425 0 
vn -0.80315 0.598425 0 
vn -0.80315 0.598425 0 
vn -0.80315 0.598425 0 
vn -0.80315 0.598425 0 
vn -0.80315 0.598425 0 
vn -0.80315 0.598425 0 
vn -0.80315 0.598425 0 
vn -0.716535 0.692913 0 
vn -0.716535 0.692913 0 
vn -0.716535 0.692913 0 
vn -0.716535 0.692913 0 
vn -0.716535 0.692913 0 
vn -0.716535 0.692913 0 
vn -0.716535 0.692913 0 
vn -0.716535 0.692913 0 
vn -0.716535 0.692913 0 
vn -0.716535 0.692913 0 
vn 0 0 1 
vn 0 0 1 
vn 0 0 -1 
vn 0 0 -1 
vn 0 0 1 
vn 0 0 1 
vn 0 0 -1 
vn 0 0 -1 
vn 0 0 -1 
vn 0 0 -1 
vn 0 0 1 
vn 0 0 1 
vn 0 0 1 
vn 0 0 1 
vn 0 0 -1 
vn 0 0 1 
vn 0 0 1 
vn 0 0 -1 
vn 0 0 1 
vn 0 0 1 

vt 10.3438 -38.3756 
vt 9.65625 -38 
vt 10.0935 -38.5618 
vt 10.6562 -38.9065 
vt 11.2188 -38.9065 
vt 10.6562 -38.6562 
vt 11.2188 -38.6562 
vt 10.6562 -38.3756 
vt 11.2188 -38.3756 
vt 10.6562 -38 
vt 11.2188 -38 
vt 9.65625 -38.3756 
vt 9.90649 -38.5618 
vt 9.65625 -38 
vt 10.3438 -38 
vt 9.34375 -39.3438 
vt 9.34375 -38.6562 
vt 8.78125 -39.3438 
vt 8.78125 -38.6562 
vt 10.3438 -38 
vt 11.2188 -39.3438 
vt 11.2188 -38.6562 
vt 10.6562 -39.3438 
vt 10.6562 -38.6562 
vt 9.34375 -40 
vt 9.34375 -38.8742 
vt 8.78125 -40 
vt 9.34375 -38 
vt 8.78125 -38 
vt 10.3438 -40 
vt 10.6562 -40 
vt 11.2188 -40 
vt 10.6562 -39.569 
vt 11.2188 -39.569 
vt 10.3438 -40 
vt 10.3438 -39.569 
vt 9.65625 -40 
vt 9.65625 -38.8742 
vt 10.3438 -38.3756 
vt 9.65625 -38 
vt 10.0935 -38.5618 
vt 8.78125 -38.9065 
vt 9.34375 -38.9065 
vt 8.78125 -38.6562 
vt 9.34375 -38.6562 
vt 9.34375 -38.3756 
vt 9.34375 -38 
vt 8.78125 -38.3756 
vt 8.78125 -38 
vt 9.65625 -38.3756 
vt 9.90649 -38.5618 
vt 9.65625 -38 
vt 10.3438 -38 
vt 11.2188 -39.3438 
vt 11.2188 -38.6562 
vt 10.6562 -39.3438 
vt 10.6562 -38.6562 
vt 10.3438 -38 
vt 9.34375 -39.3438 
vt 9.34375 -38.6562 
vt 8.78125 -39.3438 
vt 8.78125 -38.6562 
vt 11.2188 -40 
vt 11.2188 -38.8742 
vt 10.6562 -40 
vt 11.2188 -38 
vt 10.6562 -38 
vt 10.3438 -40 
vt 9.34375 -39.569 
vt 8.78125 -39.569 
vt 9.34375 -40 
vt 8.78125 -40 
vt 10.3438 -40 
vt 10.3438 -39.569 
vt 9.65625 -40 
vt 9.65625 -38.8742 
vt 8.78125 -38.9062 
vt 9.34375 -38.9062 
vt 8.78125 -38.9059 
vt 9.34375 -38.9059 
vt 9.34375 -38.5625 
vt 8.78125 -38.5625 
vt 9.34375 -39.3078 
vt 8.78125 -39.3078 
vt 11.2188 -38.5625 
vt 10.6562 -38.5625 
vt 11.2188 -39.3078 
vt 10.6562 -39.3078 
vt 10.6562 -38.9062 
vt 11.2188 -38.9062 
vt 10.6562 -38.9059 
vt 11.2188 -38.9059 
vt 10.6562 -39.3125 
vt 11.2188 -39.3125 
vt 10.6562 -39.3105 
vt 11.2188 -39.3105 
vt 8.78125 -38.9062 
vt 9.34375 -38.9062 
vt 8.78125 -38.9043 
vt 9.34375 -38.9043 
vt 8.78125 -39.3125 
vt 9.34375 -39.3125 
vt 8.78125 -39.3105 
vt 9.34375 -39.3105 
vt 10.6562 -38.9062 
vt 11.2188 -38.9062 
vt 10.6562 -38.9043 
vt 11.2188 -38.9043 
vt 8.78125 -38.9062 
vt 8.78125 -38.9076 
vt 9.34375 -38.9062 
vt 9.34375 -38.9076 
vt 9.34375 -39.3091 
vt 8.78125 -39.3091 
vt 9.34375 -39.3105 
vt 8.78125 -39.3105 
vt 11.2188 -39.3091 
vt 10.6562 -39.3091 
vt 11.2188 -39.3105 
vt 10.6562 -39.3105 
vt 10.6562 -38.9062 
vt 10.6562 -38.9076 
vt 11.2188 -38.9062 
vt 11.2188 -38.9076 
vt 9.90625 -39.3105 
vt 9.90625 -39.3125 
vt 9.90758 -39.3091 
vt 10.0938 -39.3125 
vt 10.0924 -39.3091 
vt 10.0938 -39.3105 
vt 9.90758 -39.3091 
vt 9.90625 -39.3125 
vt 9.90625 -39.3105 
vt 10.0938 -39.3125 
vt 10.0924 -39.3091 
vt 10.0938 -39.3105 
vt 10.0938 -38.5625 
vt 10.0941 -38.5625 
vt 8.78125 -38.5625 
vt 9.34375 -38.5625 
vt 8.78125 -38.5618 
vt 9.34375 -38.5618 
vt 10.6562 -38.5618 
vt 10.6562 -38.5625 
vt 11.2188 -38.5618 
vt 11.2188 -38.5625 
vt 9.34375 -39.3125 
vt 8.78125 -39.3125 
vt 9.34375 -39.569 
vt 8.78125 -39.313 
vt 8.78125 -39.569 
vt 11.2188 -39.3125 
vt 10.6562 -39.3125 
vt 11.2188 -39.569 
vt 10.6562 -39.313 
vt 10.6562 -39.569 
vt 9.90429 -39.3125 
vt 9.65625 -39.569 
vt 10.0957 -39.3125 
vt 10.0962 -39.313 
vt 9.90429 -39.3125 
vt 9.65625 -39.569 
vt 10.0957 -39.3125 
vt 10.0962 -39.313 
vt 10.0938 -39.3078 
vt 10.0938 -38.5625 
vt 9.90625 -39.3078 
vt 9.90625 -39.3078 
vt 9.90625 -38.5625 
vt 9.90595 -38.5625 
vt 10.0941 -38.5625 
vt 9.90625 -38.5625 
vt 9.90595 -38.5625 
vt 10.0938 -39.3078 
vt 9.65625 -40 
vt 9.65625 -40 

usemtl Part3Mtl

f 3469/3469/3469 3470/3470/3470 3471/3471/3471 
f 3472/3472/3472 3473/3473/3473 3474/3474/3474 
f 3473/3473/3473 3475/3475/3475 3474/3474/3474 
f 3476/3476/3476 3477/3477/3477 3478/3478/3478 
f 3477/3477/3477 3479/3479/3479 3478/3478/3478 
f 3480/3480/3480 3481/3481/3481 3482/3482/3482 
f 3481/3481/3481 3483/3483/3483 3482/3482/3482 
f 3484/3484/3484 3485/3485/3485 3486/3486/3486 
f 3485/3485/3485 3487/3487/3487 3486/3486/3486 
f 3469/3469/3469 3488/3488/3488 3470/3470/3470 
f 3489/3489/3489 3490/3490/3490 3491/3491/3491 
f 3490/3490/3490 3492/3492/3492 3491/3491/3491 
f 3493/3493/3493 3494/3494/3494 3495/3495/3495 
f 3494/3494/3494 3496/3496/3496 3495/3495/3495 
f 3497/3497/3497 3495/3495/3495 3496/3496/3496 
f 3481/3481/3481 3498/3498/3498 3483/3483/3483 
f 3499/3499/3499 3500/3500/3500 3501/3501/3501 
f 3500/3500/3500 3502/3502/3502 3501/3501/3501 
f 3503/3503/3503 3504/3504/3504 3505/3505/3505 
f 3470/3470/3470 3506/3506/3506 3505/3505/3505 
f 3507/3507/3507 3508/3508/3508 3509/3509/3509 
f 3510/3510/3510 3511/3511/3511 3512/3512/3512 
f 3511/3511/3511 3513/3513/3513 3512/3512/3512 
f 3514/3514/3514 3515/3515/3515 3516/3516/3516 
f 3517/3517/3517 3516/3516/3516 3515/3515/3515 
f 3518/3518/3518 3519/3519/3519 3520/3520/3520 
f 3519/3519/3519 3521/3521/3521 3520/3520/3520 
f 3522/3522/3522 3523/3523/3523 3524/3524/3524 
f 3523/3523/3523 3525/3525/3525 3524/3524/3524 
f 3507/3507/3507 3526/3526/3526 3508/3508/3508 
f 3527/3527/3527 3528/3528/3528 3529/3529/3529 
f 3528/3528/3528 3530/3530/3530 3529/3529/3529 
f 3531/3531/3531 3532/3532/3532 3533/3533/3533 
f 3532/3532/3532 3534/3534/3534 3533/3533/3533 
f 3535/3535/3535 3533/3533/3533 3534/3534/3534 
f 3519/3519/3519 3536/3536/3536 3521/3521/3521 
f 3537/3537/3537 3538/3538/3538 3539/3539/3539 
f 3538/3538/3538 3540/3540/3540 3539/3539/3539 
f 3541/3541/3541 3542/3542/3542 3543/3543/3543 
f 3508/3508/3508 3544/3544/3544 3543/3543/3543 
f 3545/3545/3545 3546/3546/3546 3547/3547/3547 
f 3546/3546/3546 3548/3548/3548 3547/3547/3547 
f 3549/3549/3549 3550/3550/3550 3551/3551/3551 
f 3550/3550/3550 3552/3552/3552 3551/3551/3551 
f 3553/3553/3553 3554/3554/3554 3555/3555/3555 
f 3554/3554/3554 3556/3556/3556 3555/3555/3555 
f 3557/3557/3557 3558/3558/3558 3559/3559/3559 
f 3558/3558/3558 3560/3560/3560 3559/3559/3559 
f 3561/3561/3561 3562/3562/3562 3563/3563/3563 
f 3562/3562/3562 3564/3564/3564 3563/3563/3563 
f 3565/3565/3565 3566/3566/3566 3567/3567/3567 
f 3566/3566/3566 3568/3568/3568 3567/3567/3567 
f 3569/3569/3569 3570/3570/3570 3571/3571/3571 
f 3570/3570/3570 3572/3572/3572 3571/3571/3571 
f 3573/3573/3573 3574/3574/3574 3575/3575/3575 
f 3574/3574/3574 3576/3576/3576 3575/3575/3575 
f 3577/3577/3577 3578/3578/3578 3579/3579/3579 
f 3578/3578/3578 3580/3580/3580 3579/3579/3579 
f 3581/3581/3581 3582/3582/3582 3583/3583/3583 
f 3582/3582/3582 3584/3584/3584 3583/3583/3583 
f 3585/3585/3585 3586/3586/3586 3587/3587/3587 
f 3586/3586/3586 3588/3588/3588 3587/3587/3587 
f 3589/3589/3589 3590/3590/3590 3591/3591/3591 
f 3590/3590/3590 3592/3592/3592 3591/3591/3591 
f 3593/3593/3593 3594/3594/3594 3595/3595/3595 
f 3594/3594/3594 3498/3498/3498 3595/3595/3595 
f 3498/3498/3498 3481/3481/3481 3595/3595/3595 
f 3596/3596/3596 3597/3597/3597 3505/3505/3505 
f 3598/3598/3598 3597/3597/3597 3596/3596/3596 
f 3536/3536/3536 3599/3599/3599 3600/3600/3600 
f 3601/3601/3601 3600/3600/3600 3599/3599/3599 
f 3602/3602/3602 3603/3603/3603 3543/3543/3543 
f 3604/3604/3604 3603/3603/3603 3602/3602/3602 
f 3605/3605/3605 3606/3606/3606 3509/3509/3509 
f 3607/3607/3607 3608/3608/3608 3609/3609/3609 
f 3608/3608/3608 3610/3610/3610 3609/3609/3609 
f 3611/3611/3611 3612/3612/3612 3613/3613/3613 
f 3612/3612/3612 3614/3614/3614 3613/3613/3613 
f 3615/3615/3615 3616/3616/3616 3617/3617/3617 
f 3616/3616/3616 3618/3618/3618 3617/3617/3617 
f 3618/3618/3618 3619/3619/3619 3617/3617/3617 
f 3620/3620/3620 3621/3621/3621 3622/3622/3622 
f 3621/3621/3621 3623/3623/3623 3622/3622/3622 
f 3623/3623/3623 3624/3624/3624 3622/3622/3622 
f 3625/3625/3625 3626/3626/3626 3594/3594/3594 
f 3596/3596/3596 3505/3505/3505 3627/3627/3627 
f 3505/3505/3505 3628/3628/3628 3627/3627/3627 
f 3629/3629/3629 3630/3630/3630 3600/3600/3600 
f 3602/3602/3602 3543/3543/3543 3631/3631/3631 
f 3543/3543/3543 3632/3632/3632 3631/3631/3631 
f 3633/3633/3633 3634/3634/3634 3597/3597/3597 
f 3634/3634/3634 3470/3470/3470 3597/3597/3597 
f 3470/3470/3470 3505/3505/3505 3597/3597/3597 
f 3635/3635/3635 3599/3599/3599 3519/3519/3519 
f 3599/3599/3599 3536/3536/3536 3519/3519/3519 
f 3481/3481/3481 3636/3636/3636 3595/3595/3595 
f 3635/3635/3635 3519/3519/3519 3637/3637/3637 
f 3519/3519/3519 3638/3638/3638 3637/3637/3637 
f 3639/3639/3639 3471/3471/3471 3634/3634/3634 
f 3471/3471/3471 3470/3470/3470 3634/3634/3634 
f 3636/3636/3636 3481/3481/3481 3640/3640/3640 
f 3481/3481/3481 3641/3641/3641 3640/3640/3640 
f 3508/3508/3508 3543/3543/3543 3509/3509/3509 
f 3543/3543/3543 3603/3603/3603 3509/3509/3509 
f 3603/3603/3603 3642/3642/3642 3509/3509/3509 
f 3642/3642/3642 3605/3605/3605 3509/3509/3509 
f 3594/3594/3594 3626/3626/3626 3498/3498/3498 
f 3626/3626/3626 3643/3643/3643 3498/3498/3498 
f 3505/3505/3505 3504/3504/3504 3628/3628/3628 
f 3600/3600/3600 3630/3630/3630 3536/3536/3536 
f 3630/3630/3630 3644/3644/3644 3536/3536/3536 
f 3543/3543/3543 3542/3542/3542 3632/3632/3632 

g Part57

v -39.4714 0.936643 15.5704 
v -61.9714 0.936643 15.5704 
v -39.4714 1.23978e-05 15.5704 
v -61.9714 1.23978e-05 15.5704 
v -61.9714 0.936643 -39.4974 
v -61.9714 0.936643 15.5704 
v -39.4714 0.936643 -39.4974 
v -39.4714 0.936643 15.5704 
v -61.9714 0.936643 15.5704 
v -61.9714 0.936643 -39.4974 
v -61.9714 1.23978e-05 15.5704 
v -61.9714 1.23978e-05 -39.4974 
v -61.9714 0.936643 -39.4974 
v -39.4714 0.936643 -39.4974 
v -61.9714 1.23978e-05 -39.4974 
v -39.4714 1.23978e-05 -39.4974 
v -39.4714 1.23978e-05 -39.4974 
v -39.4714 1.23978e-05 15.5704 
v -61.9714 1.23978e-05 -39.4974 
v -61.9714 1.23978e-05 15.5704 
v -39.4714 0.936643 -39.4974 
v -39.4714 0.936643 15.5704 
v -39.4714 1.23978e-05 -39.4974 
v -39.4714 1.23978e-05 15.5704 

vn 0 0 1 
vn 0 0 1 
vn 0 0 1 
vn 0 0 1 
vn 0 1 0 
vn 0 1 0 
vn 0 1 0 
vn 0 1 0 
vn -1 0 0 
vn -1 0 0 
vn -1 0 0 
vn -1 0 0 
vn 0 0 -1 
vn 0 0 -1 
vn 0 0 -1 
vn 0 0 -1 
vn 0 -1 0 
vn 0 -1 0 
vn 0 -1 0 
vn 0 -1 0 
vn 1 0 0 
vn 1 0 0 
vn 1 0 0 
vn 1 0 0 

vt 6.3125 -4.5 
vt 3.5 -4.5 
vt 6.3125 -4.61708 
vt 3.5 -4.61708 
vt 10.3835 -4.5 
vt 3.5 -4.5 
vt 10.3835 -7.3125 
vt 3.5 -7.3125 
vt 10.3835 -4.5 
vt 3.5 -4.5 
vt 10.3835 -4.61708 
vt 3.5 -4.61708 
vt 6.3125 -4.5 
vt 3.5 -4.5 
vt 6.3125 -4.61708 
vt 3.5 -4.61708 
vt 10.3835 -4.5 
vt 3.5 -4.5 
vt 10.3835 -7.3125 
vt 3.5 -7.3125 
vt 10.3835 -4.5 
vt 3.5 -4.5 
vt 10.3835 -4.61708 
vt 3.5 -4.61708 

usemtl Union3Mtl

f 3645/3645/3645 3646/3646/3646 3647/3647/3647 
f 3647/3647/3647 3646/3646/3646 3648/3648/3648 
f 3649/3649/3649 3650/3650/3650 3651/3651/3651 
f 3651/3651/3651 3650/3650/3650 3652/3652/3652 
f 3653/3653/3653 3654/3654/3654 3655/3655/3655 
f 3655/3655/3655 3654/3654/3654 3656/3656/3656 
f 3657/3657/3657 3658/3658/3658 3659/3659/3659 
f 3659/3659/3659 3658/3658/3658 3660/3660/3660 
f 3661/3661/3661 3662/3662/3662 3663/3663/3663 
f 3663/3663/3663 3662/3662/3662 3664/3664/3664 
f 3665/3665/3665 3666/3666/3666 3667/3667/3667 
f 3667/3667/3667 3666/3666/3666 3668/3668/3668 

g Part58

v -58.0248 0.953315 11.9467 
v -58.4387 0.953315 11.9467 
v -58.0248 0.0166845 11.9467 
v -58.4387 0.0166845 11.9467 
v -58.4387 0.953315 -39.4972 
v -58.4387 0.953315 11.9467 
v -58.0248 0.953315 -39.4972 
v -58.0248 0.953315 11.9467 
v -58.4387 0.953315 11.9467 
v -58.4387 0.953315 -39.4972 
v -58.4387 0.0166845 11.9467 
v -58.4387 0.0166845 -39.4972 
v -58.4387 0.953315 -39.4972 
v -58.0248 0.953315 -39.4972 
v -58.4387 0.0166845 -39.4972 
v -58.0248 0.0166845 -39.4972 
v -58.0248 0.0166845 -39.4972 
v -58.0248 0.0166845 11.9467 
v -58.4387 0.0166845 -39.4972 
v -58.4387 0.0166845 11.9467 
v -58.0248 0.953315 -39.4972 
v -58.0248 0.953315 11.9467 
v -58.0248 0.0166845 -39.4972 
v -58.0248 0.0166845 11.9467 

vn 0 0 1 
vn 0 0 1 
vn 0 0 1 
vn 0 0 1 
vn 0 1 0 
vn 0 1 0 
vn 0 1 0 
vn 0 1 0 
vn -1 0 0 
vn -1 0 0 
vn -1 0 0 
vn -1 0 0 
vn 0 0 -1 
vn 0 0 -1 
vn 0 0 -1 
vn 0 0 -1 
vn 0 -1 0 
vn 0 -1 0 
vn 0 -1 0 
vn 0 -1 0 
vn 1 0 0 
vn 1 0 0 
vn 1 0 0 
vn 1 0 0 

vt 5.55174 0.25 
vt 5.5 0.25 
vt 5.55174 0.132921 
vt 5.5 0.132921 
vt 11.9305 0.25 
vt 5.5 0.25 
vt 11.9305 0.19826 
vt 5.5 0.19826 
vt 11.9305 0.25 
vt 5.5 0.25 
vt 11.9305 0.132921 
vt 5.5 0.132921 
vt 5.55174 0.25 
vt 5.5 0.25 
vt 5.55174 0.132921 
vt 5.5 0.132921 
vt 11.9305 0.25 
vt 5.5 0.25 
vt 11.9305 0.19826 
vt 5.5 0.19826 
vt 11.9305 0.25 
vt 5.5 0.25 
vt 11.9305 0.132921 
vt 5.5 0.132921 

usemtl Part3Mtl

f 3669/3669/3669 3670/3670/3670 3671/3671/3671 
f 3671/3671/3671 3670/3670/3670 3672/3672/3672 
f 3673/3673/3673 3674/3674/3674 3675/3675/3675 
f 3675/3675/3675 3674/3674/3674 3676/3676/3676 
f 3677/3677/3677 3678/3678/3678 3679/3679/3679 
f 3679/3679/3679 3678/3678/3678 3680/3680/3680 
f 3681/3681/3681 3682/3682/3682 3683/3683/3683 
f 3683/3683/3683 3682/3682/3682 3684/3684/3684 
f 3685/3685/3685 3686/3686/3686 3687/3687/3687 
f 3687/3687/3687 3686/3686/3686 3688/3688/3688 
f 3689/3689/3689 3690/3690/3690 3691/3691/3691 
f 3691/3691/3691 3690/3690/3690 3692/3692/3692 

g Part59

v -43.4714 0.953189 -2.5912 
v -43.8853 0.953189 -2.5912 
v -43.4714 0.0165586 -2.5912 
v -43.8853 0.0165586 -2.5912 
v -43.8853 0.953189 -39.4974 
v -43.8853 0.953189 -2.5912 
v -43.4714 0.953189 -39.4974 
v -43.4714 0.953189 -2.5912 
v -43.8853 0.953189 -2.5912 
v -43.8853 0.953189 -39.4974 
v -43.8853 0.0165586 -2.5912 
v -43.8853 0.0165586 -39.4974 
v -43.8853 0.953189 -39.4974 
v -43.4714 0.953189 -39.4974 
v -43.8853 0.0165586 -39.4974 
v -43.4714 0.0165586 -39.4974 
v -43.4714 0.0165586 -39.4974 
v -43.4714 0.0165586 -2.5912 
v -43.8853 0.0165586 -39.4974 
v -43.8853 0.0165586 -2.5912 
v -43.4714 0.953189 -39.4974 
v -43.4714 0.953189 -2.5912 
v -43.4714 0.0165586 -39.4974 
v -43.4714 0.0165586 -2.5912 

vn 0 0 1 
vn 0 0 1 
vn 0 0 1 
vn 0 0 1 
vn 0 1 0 
vn 0 1 0 
vn 0 1 0 
vn 0 1 0 
vn -1 0 0 
vn -1 0 0 
vn -1 0 0 
vn -1 0 0 
vn 0 0 -1 
vn 0 0 -1 
vn 0 0 -1 
vn 0 0 -1 
vn 0 -1 0 
vn 0 -1 0 
vn 0 -1 0 
vn 0 -1 0 
vn 1 0 0 
vn 1 0 0 
vn 1 0 0 
vn 1 0 0 

vt 0.30174 -3 
vt 0.25 -3 
vt 0.30174 -3.11708 
vt 0.25 -3.11708 
vt 4.86328 -3 
vt 0.25 -3 
vt 4.86328 -3.05174 
vt 0.25 -3.05174 
vt 4.86328 -3 
vt 0.25 -3 
vt 4.86328 -3.11708 
vt 0.25 -3.11708 
vt 0.30174 -3 
vt 0.25 -3 
vt 0.30174 -3.11708 
vt 0.25 -3.11708 
vt 4.86328 -3 
vt 0.25 -3 
vt 4.86328 -3.05174 
vt 0.25 -3.05174 
vt 4.86328 -3 
vt 0.25 -3 
vt 4.86328 -3.11708 
vt 0.25 -3.11708 

usemtl Part3Mtl

f 3693/3693/3693 3694/3694/3694 3695/3695/3695 
f 3695/3695/3695 3694/3694/3694 3696/3696/3696 
f 3697/3697/3697 3698/3698/3698 3699/3699/3699 
f 3699/3699/3699 3698/3698/3698 3700/3700/3700 
f 3701/3701/3701 3702/3702/3702 3703/3703/3703 
f 3703/3703/3703 3702/3702/3702 3704/3704/3704 
f 3705/3705/3705 3706/3706/3706 3707/3707/3707 
f 3707/3707/3707 3706/3706/3706 3708/3708/3708 
f 3709/3709/3709 3710/3710/3710 3711/3711/3711 
f 3711/3711/3711 3710/3710/3710 3712/3712/3712 
f 3713/3713/3713 3714/3714/3714 3715/3715/3715 
f 3715/3715/3715 3714/3714/3714 3716/3716/3716 

g Part60

v -44.4714 1 11.0092 
v -57.4714 1 11.0092 
v -44.4714 0 11.0092 
v -57.4714 0 11.0092 
v -57.4714 1 -39.4971 
v -57.4714 1 11.0092 
v -44.4714 1 -39.4971 
v -44.4714 1 11.0092 
v -57.4714 1 11.0092 
v -57.4714 1 -39.4971 
v -57.4714 0 11.0092 
v -57.4714 0 -39.4971 
v -57.4714 1 -39.4971 
v -44.4714 1 -39.4971 
v -57.4714 0 -39.4971 
v -44.4714 0 -39.4971 
v -44.4714 0 -39.4971 
v -44.4714 0 11.0092 
v -57.4714 0 -39.4971 
v -57.4714 0 11.0092 
v -44.4714 1 -39.4971 
v -44.4714 1 11.0092 
v -44.4714 0 -39.4971 
v -44.4714 0 11.0092 

vn 0 0 1 
vn 0 0 1 
vn 0 0 1 
vn 0 0 1 
vn 0 1 0 
vn 0 1 0 
vn 0 1 0 
vn 0 1 0 
vn -1 0 0 
vn -1 0 0 
vn -1 0 0 
vn -1 0 0 
vn 0 0 -1 
vn 0 0 -1 
vn 0 0 -1 
vn 0 0 -1 
vn 0 -1 0 
vn 0 -1 0 
vn 0 -1 0 
vn 0 -1 0 
vn 1 0 0 
vn 1 0 0 
vn 1 0 0 
vn 1 0 0 

vt 0.587238 4.47144 
vt -1.03776 4.47144 
vt 0.587238 4.34644 
vt -1.03776 4.34644 
vt 5.27553 4.47144 
vt -1.03776 4.47144 
vt 5.27553 2.84644 
vt -1.03776 2.84644 
vt 5.27553 4.47144 
vt -1.03776 4.47144 
vt 5.27553 4.34644 
vt -1.03776 4.34644 
vt 0.587238 4.47144 
vt -1.03776 4.47144 
vt 0.587238 4.34644 
vt -1.03776 4.34644 
vt 5.27553 4.47144 
vt -1.03776 4.47144 
vt 5.27553 2.84644 
vt -1.03776 2.84644 
vt 5.27553 4.47144 
vt -1.03776 4.47144 
vt 5.27553 4.34644 
vt -1.03776 4.34644 

usemtl Part16Mtl

f 3717/3717/3717 3718/3718/3718 3719/3719/3719 
f 3719/3719/3719 3718/3718/3718 3720/3720/3720 
f 3721/3721/3721 3722/3722/3722 3723/3723/3723 
f 3723/3723/3723 3722/3722/3722 3724/3724/3724 
f 3725/3725/3725 3726/3726/3726 3727/3727/3727 
f 3727/3727/3727 3726/3726/3726 3728/3728/3728 
f 3729/3729/3729 3730/3730/3730 3731/3731/3731 
f 3731/3731/3731 3730/3730/3730 3732/3732/3732 
f 3733/3733/3733 3734/3734/3734 3735/3735/3735 
f 3735/3735/3735 3734/3734/3734 3736/3736/3736 
f 3737/3737/3737 3738/3738/3738 3739/3739/3739 
f 3739/3739/3739 3738/3738/3738 3740/3740/3740 

g Part61

v -61.5191 10.9535 -21.9974 
v -60.4584 12.0142 -21.9974 
v -62.2772 11.7116 -21.9974 
v -61.2165 12.7723 -21.9974 
v -60.4584 12.0142 -26.9974 
v -60.4584 12.0142 -21.9974 
v -61.5191 10.9535 -26.9974 
v -61.5191 10.9535 -21.9974 
v -60.4584 12.0142 -21.9974 
v -60.4584 12.0142 -26.9974 
v -61.2165 12.7723 -21.9974 
v -61.2165 12.7723 -26.9974 
v -60.4584 12.0142 -26.9974 
v -61.5191 10.9535 -26.9974 
v -61.2165 12.7723 -26.9974 
v -62.2772 11.7116 -26.9974 
v -62.2772 11.7116 -26.9974 
v -62.2772 11.7116 -21.9974 
v -61.2165 12.7723 -26.9974 
v -61.2165 12.7723 -21.9974 
v -61.5191 10.9535 -26.9974 
v -61.5191 10.9535 -21.9974 
v -62.2772 11.7116 -26.9974 
v -62.2772 11.7116 -21.9974 

vn 0 0 1 
vn 0 0 1 
vn 0 0 1 
vn 0 0 1 
vn 0.708661 -0.708661 0 
vn 0.708661 -0.708661 0 
vn 0.708661 -0.708661 0 
vn 0.708661 -0.708661 0 
vn 0.708661 0.708661 0 
vn 0.708661 0.708661 0 
vn 0.708661 0.708661 0 
vn 0.708661 0.708661 0 
vn 0 0 -1 
vn 0 0 -1 
vn 0 0 -1 
vn 0 0 -1 
vn -0.708661 0.708661 0 
vn -0.708661 0.708661 0 
vn -0.708661 0.708661 0 
vn -0.708661 0.708661 0 
vn -0.708661 -0.708661 0 
vn -0.708661 -0.708661 0 
vn -0.708661 -0.708661 0 
vn -0.708661 -0.708661 0 

vt 0.657994 0.877592 
vt 0.470494 0.877592 
vt 0.657994 0.743576 
vt 0.470494 0.743576 
vt 1.09549 0.877592 
vt 0.470494 0.877592 
vt 1.09549 0.690092 
vt 0.470494 0.690092 
vt 1.09549 0.877592 
vt 0.470494 0.877592 
vt 1.09549 0.743576 
vt 0.470494 0.743576 
vt 0.657994 0.877592 
vt 0.470494 0.877592 
vt 0.657994 0.743576 
vt 0.470494 0.743576 
vt 1.09549 0.877592 
vt 0.470494 0.877592 
vt 1.09549 0.690092 
vt 0.470494 0.690092 
vt 1.09549 0.877592 
vt 0.470494 0.877592 
vt 1.09549 0.743576 
vt 0.470494 0.743576 

usemtl Part1Mtl

f 3741/3741/3741 3742/3742/3742 3743/3743/3743 
f 3743/3743/3743 3742/3742/3742 3744/3744/3744 
f 3745/3745/3745 3746/3746/3746 3747/3747/3747 
f 3747/3747/3747 3746/3746/3746 3748/3748/3748 
f 3749/3749/3749 3750/3750/3750 3751/3751/3751 
f 3751/3751/3751 3750/3750/3750 3752/3752/3752 
f 3753/3753/3753 3754/3754/3754 3755/3755/3755 
f 3755/3755/3755 3754/3754/3754 3756/3756/3756 
f 3757/3757/3757 3758/3758/3758 3759/3759/3759 
f 3759/3759/3759 3758/3758/3758 3760/3760/3760 
f 3761/3761/3761 3762/3762/3762 3763/3763/3763 
f 3763/3763/3763 3762/3762/3762 3764/3764/3764 

g Part62

v -61.9236 10.651 -21.4974 
v -60.1559 12.4188 -21.4974 
v -62.6307 11.3581 -21.4974 
v -60.863 13.1259 -21.4974 
v -60.1559 12.4188 -27.4974 
v -60.1559 12.4188 -21.4974 
v -61.9236 10.651 -27.4974 
v -61.9236 10.651 -21.4974 
v -60.1559 12.4188 -21.4974 
v -60.1559 12.4188 -27.4974 
v -60.863 13.1259 -21.4974 
v -60.863 13.1259 -27.4974 
v -60.1559 12.4188 -27.4974 
v -61.9236 10.651 -27.4974 
v -60.863 13.1259 -27.4974 
v -62.6307 11.3581 -27.4974 
v -62.6307 11.3581 -27.4974 
v -62.6307 11.3581 -21.4974 
v -60.863 13.1259 -27.4974 
v -60.863 13.1259 -21.4974 
v -61.9236 10.651 -27.4974 
v -61.9236 10.651 -21.4974 
v -62.6307 11.3581 -27.4974 
v -62.6307 11.3581 -21.4974 

vn 0 0 1 
vn 0 0 1 
vn 0 0 1 
vn 0 0 1 
vn 0.708661 -0.708661 0 
vn 0.708661 -0.708661 0 
vn 0.708661 -0.708661 0 
vn 0.708661 -0.708661 0 
vn 0.708661 0.708661 0 
vn 0.708661 0.708661 0 
vn 0.708661 0.708661 0 
vn 0.708661 0.708661 0 
vn 0 0 -1 
vn 0 0 -1 
vn 0 0 -1 
vn 0 0 -1 
vn -0.708661 0.708661 0 
vn -0.708661 0.708661 0 
vn -0.708661 0.708661 0 
vn -0.708661 0.708661 0 
vn -0.708661 -0.708661 0 
vn -0.708661 -0.708661 0 
vn -0.708661 -0.708661 0 
vn -0.708661 -0.708661 0 

vt 3.3125 -2.25 
vt 3 -2.25 
vt 3.3125 -2.375 
vt 3 -2.375 
vt 3.75 -2.25 
vt 3 -2.25 
vt 3.75 -2.5625 
vt 3 -2.5625 
vt 3.75 -2.25 
vt 3 -2.25 
vt 3.75 -2.375 
vt 3 -2.375 
vt 3.3125 -2.25 
vt 3 -2.25 
vt 3.3125 -2.375 
vt 3 -2.375 
vt 3.75 -2.25 
vt 3 -2.25 
vt 3.75 -2.5625 
vt 3 -2.5625 
vt 3.75 -2.25 
vt 3 -2.25 
vt 3.75 -2.375 
vt 3 -2.375 

usemtl Union1Mtl

f 3765/3765/3765 3766/3766/3766 3767/3767/3767 
f 3767/3767/3767 3766/3766/3766 3768/3768/3768 
f 3769/3769/3769 3770/3770/3770 3771/3771/3771 
f 3771/3771/3771 3770/3770/3770 3772/3772/3772 
f 3773/3773/3773 3774/3774/3774 3775/3775/3775 
f 3775/3775/3775 3774/3774/3774 3776/3776/3776 
f 3777/3777/3777 3778/3778/3778 3779/3779/3779 
f 3779/3779/3779 3778/3778/3778 3780/3780/3780 
f 3781/3781/3781 3782/3782/3782 3783/3783/3783 
f 3783/3783/3783 3782/3782/3782 3784/3784/3784 
f 3785/3785/3785 3786/3786/3786 3787/3787/3787 
f 3787/3787/3787 3786/3786/3786 3788/3788/3788 

g Part63

v -62.6307 10.651 -20.9974 
v -60.1559 13.1259 -20.9974 
v -63.6914 11.7116 -20.9974 
v -61.2165 14.1865 -20.9974 
v -60.1559 13.1259 -27.9974 
v -60.1559 13.1259 -20.9974 
v -62.6307 10.651 -27.9974 
v -62.6307 10.651 -20.9974 
v -60.1559 13.1259 -20.9974 
v -60.1559 13.1259 -27.9974 
v -61.2165 14.1865 -20.9974 
v -61.2165 14.1865 -27.9974 
v -60.1559 13.1259 -27.9974 
v -62.6307 10.651 -27.9974 
v -61.2165 14.1865 -27.9974 
v -63.6914 11.7116 -27.9974 
v -63.6914 11.7116 -27.9974 
v -63.6914 11.7116 -20.9974 
v -61.2165 14.1865 -27.9974 
v -61.2165 14.1865 -20.9974 
v -62.6307 10.651 -27.9974 
v -62.6307 10.651 -20.9974 
v -63.6914 11.7116 -27.9974 
v -63.6914 11.7116 -20.9974 

vn 0 0 1 
vn 0 0 1 
vn 0 0 1 
vn 0 0 1 
vn 0.708661 -0.708661 0 
vn 0.708661 -0.708661 0 
vn 0.708661 -0.708661 0 
vn 0.708661 -0.708661 0 
vn 0.708661 0.708661 0 
vn 0.708661 0.708661 0 
vn 0.708661 0.708661 0 
vn 0.708661 0.708661 0 
vn 0 0 -1 
vn 0 0 -1 
vn 0 0 -1 
vn 0 0 -1 
vn -0.708661 0.708661 0 
vn -0.708661 0.708661 0 
vn -0.708661 0.708661 0 
vn -0.708661 0.708661 0 
vn -0.708661 -0.708661 0 
vn -0.708661 -0.708661 0 
vn -0.708661 -0.708661 0 
vn -0.708661 -0.708661 0 

vt 8.1875 -4.5 
vt 7.75 -4.5 
vt 8.1875 -4.6875 
vt 7.75 -4.6875 
vt 8.625 -4.5 
vt 7.75 -4.5 
vt 8.625 -4.9375 
vt 7.75 -4.9375 
vt 8.625 -4.5 
vt 7.75 -4.5 
vt 8.625 -4.6875 
vt 7.75 -4.6875 
vt 8.1875 -4.5 
vt 7.75 -4.5 
vt 8.1875 -4.6875 
vt 7.75 -4.6875 
vt 8.625 -4.5 
vt 7.75 -4.5 
vt 8.625 -4.9375 
vt 7.75 -4.9375 
vt 8.625 -4.5 
vt 7.75 -4.5 
vt 8.625 -4.6875 
vt 7.75 -4.6875 

usemtl Part3Mtl

f 3789/3789/3789 3790/3790/3790 3791/3791/3791 
f 3791/3791/3791 3790/3790/3790 3792/3792/3792 
f 3793/3793/3793 3794/3794/3794 3795/3795/3795 
f 3795/3795/3795 3794/3794/3794 3796/3796/3796 
f 3797/3797/3797 3798/3798/3798 3799/3799/3799 
f 3799/3799/3799 3798/3798/3798 3800/3800/3800 
f 3801/3801/3801 3802/3802/3802 3803/3803/3803 
f 3803/3803/3803 3802/3802/3802 3804/3804/3804 
f 3805/3805/3805 3806/3806/3806 3807/3807/3807 
f 3807/3807/3807 3806/3806/3806 3808/3808/3808 
f 3809/3809/3809 3810/3810/3810 3811/3811/3811 
f 3811/3811/3811 3810/3810/3810 3812/3812/3812 

g Part64

v -65.4714 1.93664 -39.4974 
v -60.4714 1.93664 -39.4974 
v -65.4714 0.936643 -39.4974 
v -60.4714 0.936643 -39.4974 
v -60.4714 1.93664 -9.9974 
v -60.4714 1.93664 -39.4974 
v -65.4714 1.93664 -9.9974 
v -65.4714 1.93664 -39.4974 
v -60.4714 1.93664 -39.4974 
v -60.4714 1.93664 -9.9974 
v -60.4714 0.936643 -39.4974 
v -60.4714 0.936643 -9.9974 
v -60.4714 1.93664 -9.9974 
v -65.4714 1.93664 -9.9974 
v -60.4714 0.936643 -9.9974 
v -65.4714 0.936643 -9.9974 
v -65.4714 0.936643 -9.9974 
v -65.4714 0.936643 -39.4974 
v -60.4714 0.936643 -9.9974 
v -60.4714 0.936643 -39.4974 
v -65.4714 1.93664 -9.9974 
v -65.4714 1.93664 -39.4974 
v -65.4714 0.936643 -9.9974 
v -65.4714 0.936643 -39.4974 

vn 0 0 -1 
vn 0 0 -1 
vn 0 0 -1 
vn 0 0 -1 
vn 0 1 0 
vn 0 1 0 
vn 0 1 0 
vn 0 1 0 
vn 1 0 0 
vn 1 0 0 
vn 1 0 0 
vn 1 0 0 
vn 0 0 1 
vn 0 0 1 
vn 0 0 1 
vn 0 0 1 
vn 0 -1 0 
vn 0 -1 0 
vn 0 -1 0 
vn 0 -1 0 
vn -1 0 0 
vn -1 0 0 
vn -1 0 0 
vn -1 0 0 

vt 2.125 -5.25 
vt 1.5 -5.25 
vt 2.125 -5.375 
vt 1.5 -5.375 
vt 5.1875 -5.25 
vt 1.5 -5.25 
vt 5.1875 -5.875 
vt 1.5 -5.875 
vt 5.1875 -5.25 
vt 1.5 -5.25 
vt 5.1875 -5.375 
vt 1.5 -5.375 
vt 2.125 -5.25 
vt 1.5 -5.25 
vt 2.125 -5.375 
vt 1.5 -5.375 
vt 5.1875 -5.25 
vt 1.5 -5.25 
vt 5.1875 -5.875 
vt 1.5 -5.875 
vt 5.1875 -5.25 
vt 1.5 -5.25 
vt 5.1875 -5.375 
vt 1.5 -5.375 

usemtl Part3Mtl

f 3813/3813/3813 3814/3814/3814 3815/3815/3815 
f 3815/3815/3815 3814/3814/3814 3816/3816/3816 
f 3817/3817/3817 3818/3818/3818 3819/3819/3819 
f 3819/3819/3819 3818/3818/3818 3820/3820/3820 
f 3821/3821/3821 3822/3822/3822 3823/3823/3823 
f 3823/3823/3823 3822/3822/3822 3824/3824/3824 
f 3825/3825/3825 3826/3826/3826 3827/3827/3827 
f 3827/3827/3827 3826/3826/3826 3828/3828/3828 
f 3829/3829/3829 3830/3830/3830 3831/3831/3831 
f 3831/3831/3831 3830/3830/3830 3832/3832/3832 
f 3833/3833/3833 3834/3834/3834 3835/3835/3835 
f 3835/3835/3835 3834/3834/3834 3836/3836/3836 

g Part65

v -65.4714 16.4367 -39.4974 
v -60.4714 16.4367 -39.4974 
v -65.4714 15.4367 -39.4974 
v -60.4714 15.4367 -39.4974 
v -60.4714 16.4367 -9.9974 
v -60.4714 16.4367 -39.4974 
v -65.4714 16.4367 -9.9974 
v -65.4714 16.4367 -39.4974 
v -60.4714 16.4367 -39.4974 
v -60.4714 16.4367 -9.9974 
v -60.4714 15.4367 -39.4974 
v -60.4714 15.4367 -9.9974 
v -60.4714 16.4367 -9.9974 
v -65.4714 16.4367 -9.9974 
v -60.4714 15.4367 -9.9974 
v -65.4714 15.4367 -9.9974 
v -65.4714 15.4367 -9.9974 
v -65.4714 15.4367 -39.4974 
v -60.4714 15.4367 -9.9974 
v -60.4714 15.4367 -39.4974 
v -65.4714 16.4367 -9.9974 
v -65.4714 16.4367 -39.4974 
v -65.4714 15.4367 -9.9974 
v -65.4714 15.4367 -39.4974 

vn 0 0 -1 
vn 0 0 -1 
vn 0 0 -1 
vn 0 0 -1 
vn 0 1 0 
vn 0 1 0 
vn 0 1 0 
vn 0 1 0 
vn 1 0 0 
vn 1 0 0 
vn 1 0 0 
vn 1 0 0 
vn 0 0 1 
vn 0 0 1 
vn 0 0 1 
vn 0 0 1 
vn 0 -1 0 
vn 0 -1 0 
vn 0 -1 0 
vn 0 -1 0 
vn -1 0 0 
vn -1 0 0 
vn -1 0 0 
vn -1 0 0 

vt 3.375 -2.25 
vt 2.75 -2.25 
vt 3.375 -2.375 
vt 2.75 -2.375 
vt 6.4375 -2.25 
vt 2.75 -2.25 
vt 6.4375 -2.875 
vt 2.75 -2.875 
vt 6.4375 -2.25 
vt 2.75 -2.25 
vt 6.4375 -2.375 
vt 2.75 -2.375 
vt 3.375 -2.25 
vt 2.75 -2.25 
vt 3.375 -2.375 
vt 2.75 -2.375 
vt 6.4375 -2.25 
vt 2.75 -2.25 
vt 6.4375 -2.875 
vt 2.75 -2.875 
vt 6.4375 -2.25 
vt 2.75 -2.25 
vt 6.4375 -2.375 
vt 2.75 -2.375 

usemtl Part3Mtl

f 3837/3837/3837 3838/3838/3838 3839/3839/3839 
f 3839/3839/3839 3838/3838/3838 3840/3840/3840 
f 3841/3841/3841 3842/3842/3842 3843/3843/3843 
f 3843/3843/3843 3842/3842/3842 3844/3844/3844 
f 3845/3845/3845 3846/3846/3846 3847/3847/3847 
f 3847/3847/3847 3846/3846/3846 3848/3848/3848 
f 3849/3849/3849 3850/3850/3850 3851/3851/3851 
f 3851/3851/3851 3850/3850/3850 3852/3852/3852 
f 3853/3853/3853 3854/3854/3854 3855/3855/3855 
f 3855/3855/3855 3854/3854/3854 3856/3856/3856 
f 3857/3857/3857 3858/3858/3858 3859/3859/3859 
f 3859/3859/3859 3858/3858/3858 3860/3860/3860 

g Union19

v -59.9716 13.4316 -29.9976 
v -65.4716 16.4369 -29.9976 
v -61.9736 11.9424 -29.9976 
v -61.9736 11.9424 -29.9976 
v -61.9736 11.9424 -34.4976 
v -59.9716 13.4316 -29.9976 
v -59.9716 13.4316 -34.4976 
v -59.9716 13.4316 -29.9976 
v -59.9716 13.4316 -34.4976 
v -59.9716 16.4369 -29.9976 
v -59.9716 16.4369 -34.4976 
v -59.9716 13.4316 -34.4976 
v -61.9736 11.9424 -34.4976 
v -59.9716 16.4369 -34.4976 
v -65.4716 16.4369 -34.4976 
v -65.4716 16.4369 -29.9976 
v -59.9716 16.4369 -29.9976 
v -65.4716 16.4369 -34.4976 
v -59.9716 16.4369 -34.4976 
v -59.9716 16.4369 -29.9976 
v -65.4716 0.436849 -34.4976 
v -59.9716 0.436849 -34.4976 
v -65.4716 0.436849 -29.9976 
v -59.9716 0.436849 -29.9976 
v -65.4716 0.436849 -29.9976 
v -65.4716 9.44347 -29.9976 
v -65.4716 0.436849 -34.4976 
v -65.4716 16.4369 -29.9976 
v -65.4716 16.4369 -34.4976 
v -65.4716 0.436849 -34.4976 
v -59.9716 0.436849 -29.9976 
v -59.9716 0.436849 -34.4976 
v -59.9716 3.88454 -29.9976 
v -59.9716 3.88454 -34.4976 
v -59.9716 0.436849 -29.9976 
v -59.9716 3.88454 -29.9976 
v -65.4716 0.436849 -29.9976 
v -65.4716 9.44347 -29.9976 
v -59.9716 13.4316 -14.9976 
v -65.4716 16.4365 -14.9976 
v -61.9736 11.9424 -14.9976 
v -61.9736 11.9424 -14.9976 
v -61.9736 11.9424 -19.4976 
v -59.9716 13.4316 -14.9976 
v -59.9716 13.4316 -19.4976 
v -59.9716 13.4316 -19.4976 
v -59.9716 16.4365 -19.4976 
v -59.9716 13.4316 -14.9976 
v -59.9716 16.4365 -14.9976 
v -59.9716 13.4316 -19.4976 
v -61.9736 11.9424 -19.4976 
v -59.9716 16.4365 -19.4976 
v -65.4716 16.4365 -19.4976 
v -65.4716 16.4365 -14.9976 
v -59.9716 16.4365 -14.9976 
v -65.4716 16.4365 -19.4976 
v -59.9716 16.4365 -19.4976 
v -59.9716 16.4365 -14.9976 
v -65.4716 0.436543 -19.4976 
v -59.9716 0.436543 -19.4976 
v -65.4716 0.436543 -14.9976 
v -59.9716 0.436543 -14.9976 
v -65.4716 0.436543 -14.9976 
v -65.4716 9.44347 -14.9976 
v -65.4716 0.436543 -19.4976 
v -65.4716 16.4365 -14.9976 
v -65.4716 16.4365 -19.4976 
v -65.4716 0.436543 -19.4976 
v -59.9716 3.88454 -19.4976 
v -59.9716 3.88454 -14.9976 
v -59.9716 0.436543 -19.4976 
v -59.9716 0.436543 -14.9976 
v -59.9716 0.436543 -14.9976 
v -59.9716 3.88454 -14.9976 
v -65.4716 0.436543 -14.9976 
v -65.4716 9.44347 -14.9976 
v -61.9716 11.9365 -14.9976 
v -61.9716 11.9365 -19.4976 
v -61.9692 11.9365 -14.9976 
v -61.9692 11.9365 -19.4976 
v -61.9716 11.9365 -19.4976 
v -61.9716 11.9365 -14.9976 
v -61.9716 5.974 -19.4976 
v -61.9716 5.974 -14.9976 
v -61.9716 11.9365 -34.4976 
v -61.9716 11.9365 -29.9976 
v -61.9716 5.974 -34.4976 
v -61.9716 5.974 -29.9976 
v -61.9716 11.9365 -29.9976 
v -61.9716 11.9365 -34.4976 
v -61.9692 11.9365 -29.9976 
v -61.9692 11.9365 -34.4976 
v -61.9716 5.93653 -29.9976 
v -61.9716 5.93653 -34.4976 
v -61.9716 5.95271 -29.9976 
v -61.9716 5.95271 -34.4976 
v -61.9716 5.93653 -34.4976 
v -61.9716 5.93653 -29.9976 
v -61.956 5.93653 -34.4976 
v -61.956 5.93653 -29.9976 
v -61.9716 5.93653 -14.9976 
v -61.9716 5.93653 -19.4976 
v -61.9716 5.95271 -14.9976 
v -61.9716 5.95271 -19.4976 
v -61.9716 5.93653 -19.4976 
v -61.9716 5.93653 -14.9976 
v -61.956 5.93653 -19.4976 
v -61.956 5.93653 -14.9976 
v -61.9716 5.974 -14.9976 
v -61.9823 5.96372 -14.9976 
v -61.9716 5.974 -19.4976 
v -61.9823 5.96372 -19.4976 
v -61.9823 5.96372 -19.4976 
v -61.9823 5.96372 -14.9976 
v -61.9716 5.95271 -19.4976 
v -61.9716 5.95271 -14.9976 
v -61.9823 5.96372 -34.4976 
v -61.9823 5.96372 -29.9976 
v -61.9716 5.95271 -34.4976 
v -61.9716 5.95271 -29.9976 
v -61.9716 5.974 -29.9976 
v -61.9823 5.96372 -29.9976 
v -61.9716 5.974 -34.4976 
v -61.9823 5.96372 -34.4976 
v -61.9716 5.95271 -34.4976 
v -61.9716 5.93653 -34.4976 
v -61.9823 5.96372 -34.4976 
v -61.9716 5.93653 -29.9976 
v -61.9823 5.96372 -29.9976 
v -61.9716 5.95271 -29.9976 
v -61.9823 5.96372 -19.4976 
v -61.9716 5.93653 -19.4976 
v -61.9716 5.95271 -19.4976 
v -61.9716 5.93653 -14.9976 
v -61.9823 5.96372 -14.9976 
v -61.9716 5.95271 -14.9976 
v -61.9716 11.9365 -14.9976 
v -61.9692 11.9365 -14.9976 
v -61.9692 11.9365 -14.9976 
v -61.9692 11.9365 -19.4976 
v -61.9736 11.9424 -14.9976 
v -61.9736 11.9424 -19.4976 
v -61.9736 11.9424 -29.9976 
v -61.9692 11.9365 -29.9976 
v -61.9736 11.9424 -34.4976 
v -61.9692 11.9365 -34.4976 
v -61.956 5.93653 -19.4976 
v -61.956 5.93653 -14.9976 
v -59.9716 3.88454 -19.4976 
v -61.9521 5.93257 -14.9976 
v -59.9716 3.88454 -14.9976 
v -61.956 5.93653 -34.4976 
v -61.956 5.93653 -29.9976 
v -59.9716 3.88454 -34.4976 
v -61.9521 5.93257 -29.9976 
v -59.9716 3.88454 -29.9976 
v -61.956 5.93653 -34.4976 
v -59.9716 3.88454 -34.4976 
v -61.956 5.93653 -29.9976 
v -61.9521 5.93257 -29.9976 
v -61.956 5.93653 -19.4976 
v -59.9716 3.88454 -19.4976 
v -61.956 5.93653 -14.9976 
v -61.9521 5.93257 -14.9976 
v -61.9716 5.974 -29.9976 
v -61.9716 11.9365 -29.9976 
v -61.9716 5.974 -19.4976 
v -61.9716 5.974 -34.4976 
v -61.9716 11.9365 -19.4976 
v -61.9692 11.9365 -19.4976 
v -61.9692 11.9365 -29.9976 
v -61.9716 11.9365 -34.4976 
v -61.9692 11.9365 -34.4976 
v -61.9716 5.974 -14.9976 
v -59.9716 0.436849 -34.4976 
v -59.9716 0.436543 -19.4976 

vn 0 0 1 
vn 0 0 1 
vn 0 0 1 
vn 0.598425 -0.80315 0 
vn 0.598425 -0.80315 0 
vn 0.598425 -0.80315 0 
vn 0.598425 -0.80315 0 
vn 1 0 0 
vn 1 0 0 
vn 1 0 0 
vn 1 0 0 
vn 0 0 -1 
vn 0 0 -1 
vn 0 0 -1 
vn 0 0 -1 
vn 0 1 0 
vn 0 1 0 
vn 0 1 0 
vn 0 1 0 
vn 0 0 1 
vn 0 -1 0 
vn 0 -1 0 
vn 0 -1 0 
vn 0 -1 0 
vn -1 0 0 
vn -1 0 0 
vn -1 0 0 
vn -1 0 0 
vn -1 0 0 
vn 0 0 -1 
vn 1 0 0 
vn 1 0 0 
vn 1 0 0 
vn 1 0 0 
vn 0 0 1 
vn 0 0 1 
vn 0 0 1 
vn 0 0 1 
vn 0 0 1 
vn 0 0 1 
vn 0 0 1 
vn 0.598425 -0.80315 0 
vn 0.598425 -0.80315 0 
vn 0.598425 -0.80315 0 
vn 0.598425 -0.80315 0 
vn 1 0 0 
vn 1 0 0 
vn 1 0 0 
vn 1 0 0 
vn 0 0 -1 
vn 0 0 -1 
vn 0 0 -1 
vn 0 0 -1 
vn 0 1 0 
vn 0 1 0 
vn 0 1 0 
vn 0 1 0 
vn 0 0 1 
vn 0 -1 0 
vn 0 -1 0 
vn 0 -1 0 
vn 0 -1 0 
vn -1 0 0 
vn -1 0 0 
vn -1 0 0 
vn -1 0 0 
vn -1 0 0 
vn 0 0 -1 
vn 1 0 0 
vn 1 0 0 
vn 1 0 0 
vn 1 0 0 
vn 0 0 1 
vn 0 0 1 
vn 0 0 1 
vn 0 0 1 
vn 0 -1 0 
vn 0 -1 0 
vn 0 -1 0 
vn 0 -1 0 
vn 1 0 0 
vn 1 0 0 
vn 1 0 0 
vn 1 0 0 
vn 1 0 0 
vn 1 0 0 
vn 1 0 0 
vn 1 0 0 
vn 0 -1 0 
vn 0 -1 0 
vn 0 -1 0 
vn 0 -1 0 
vn 1 0 0 
vn 1 0 0 
vn 1 0 0 
vn 1 0 0 
vn 0 1 0 
vn 0 1 0 
vn 0 1 0 
vn 0 1 0 
vn 1 0 0 
vn 1 0 0 
vn 1 0 0 
vn 1 0 0 
vn 0 1 0 
vn 0 1 0 
vn 0 1 0 
vn 0 1 0 
vn 0.692913 -0.716535 0 
vn 0.692913 -0.716535 0 
vn 0.692913 -0.716535 0 
vn 0.692913 -0.716535 0 
vn 0.716535 0.692913 0 
vn 0.716535 0.692913 0 
vn 0.716535 0.692913 0 
vn 0.716535 0.692913 0 
vn 0.716535 0.692913 0 
vn 0.716535 0.692913 0 
vn 0.716535 0.692913 0 
vn 0.716535 0.692913 0 
vn 0.692913 -0.716535 0 
vn 0.692913 -0.716535 0 
vn 0.692913 -0.716535 0 
vn 0.692913 -0.716535 0 
vn 0 0 -1 
vn 0 0 -1 
vn 0 0 -1 
vn 0 0 1 
vn 0 0 1 
vn 0 0 1 
vn 0 0 -1 
vn 0 0 -1 
vn 0 0 -1 
vn 0 0 1 
vn 0 0 1 
vn 0 0 1 
vn 0 0 1 
vn 0 0 1 
vn 0.80315 0.598425 0 
vn 0.80315 0.598425 0 
vn 0.80315 0.598425 0 
vn 0.80315 0.598425 0 
vn 0.80315 0.598425 0 
vn 0.80315 0.598425 0 
vn 0.80315 0.598425 0 
vn 0.80315 0.598425 0 
vn 0.716535 0.692913 0 
vn 0.716535 0.692913 0 
vn 0.716535 0.692913 0 
vn 0.716535 0.692913 0 
vn 0.716535 0.692913 0 
vn 0.716535 0.692913 0 
vn 0.716535 0.692913 0 
vn 0.716535 0.692913 0 
vn 0.716535 0.692913 0 
vn 0.716535 0.692913 0 
vn 0 0 -1 
vn 0 0 -1 
vn 0 0 1 
vn 0 0 1 
vn 0 0 -1 
vn 0 0 -1 
vn 0 0 1 
vn 0 0 1 
vn 0 0 1 
vn 0 0 1 
vn 0 0 -1 
vn 0 0 -1 
vn 0 0 -1 
vn 0 0 -1 
vn 0 0 1 
vn 0 0 -1 
vn 0 0 -1 
vn 0 0 1 
vn 0 0 -1 
vn 0 0 -1 

vt 22.3438 -26.3756 
vt 21.6562 -26 
vt 22.0935 -26.5618 
vt 22.6562 -26.9065 
vt 23.2188 -26.9065 
vt 22.6562 -26.6562 
vt 23.2188 -26.6562 
vt 22.6562 -26.3756 
vt 23.2188 -26.3756 
vt 22.6562 -26 
vt 23.2188 -26 
vt 21.6562 -26.3756 
vt 21.9065 -26.5618 
vt 21.6562 -26 
vt 22.3438 -26 
vt 21.3438 -27.3438 
vt 21.3438 -26.6562 
vt 20.7812 -27.3438 
vt 20.7812 -26.6562 
vt 22.3438 -26 
vt 23.2188 -27.3438 
vt 23.2188 -26.6562 
vt 22.6562 -27.3438 
vt 22.6562 -26.6562 
vt 21.3438 -28 
vt 21.3438 -26.8742 
vt 20.7812 -28 
vt 21.3438 -26 
vt 20.7812 -26 
vt 22.3438 -28 
vt 22.6562 -28 
vt 23.2188 -28 
vt 22.6562 -27.569 
vt 23.2188 -27.569 
vt 22.3438 -28 
vt 22.3438 -27.569 
vt 21.6562 -28 
vt 21.6562 -26.8742 
vt 22.3438 -26.3756 
vt 21.6562 -26 
vt 22.0935 -26.5618 
vt 20.7812 -26.9065 
vt 21.3438 -26.9065 
vt 20.7812 -26.6562 
vt 21.3438 -26.6562 
vt 21.3438 -26.3756 
vt 21.3438 -26 
vt 20.7812 -26.3756 
vt 20.7812 -26 
vt 21.6562 -26.3756 
vt 21.9065 -26.5618 
vt 21.6562 -26 
vt 22.3438 -26 
vt 23.2188 -27.3438 
vt 23.2188 -26.6562 
vt 22.6562 -27.3438 
vt 22.6562 -26.6562 
vt 22.3438 -26 
vt 21.3438 -27.3438 
vt 21.3438 -26.6562 
vt 20.7812 -27.3438 
vt 20.7812 -26.6562 
vt 23.2188 -28 
vt 23.2188 -26.8742 
vt 22.6562 -28 
vt 23.2188 -26 
vt 22.6562 -26 
vt 22.3438 -28 
vt 21.3438 -27.569 
vt 20.7812 -27.569 
vt 21.3438 -28 
vt 20.7812 -28 
vt 22.3438 -28 
vt 22.3438 -27.569 
vt 21.6562 -28 
vt 21.6562 -26.8742 
vt 20.7812 -26.9062 
vt 21.3438 -26.9062 
vt 20.7812 -26.9059 
vt 21.3438 -26.9059 
vt 21.3438 -26.5625 
vt 20.7812 -26.5625 
vt 21.3438 -27.3078 
vt 20.7812 -27.3078 
vt 23.2188 -26.5625 
vt 22.6562 -26.5625 
vt 23.2188 -27.3078 
vt 22.6562 -27.3078 
vt 22.6562 -26.9062 
vt 23.2188 -26.9062 
vt 22.6562 -26.9059 
vt 23.2188 -26.9059 
vt 22.6562 -27.3125 
vt 23.2188 -27.3125 
vt 22.6562 -27.3105 
vt 23.2188 -27.3105 
vt 20.7812 -26.9062 
vt 21.3438 -26.9062 
vt 20.7812 -26.9043 
vt 21.3438 -26.9043 
vt 20.7812 -27.3125 
vt 21.3438 -27.3125 
vt 20.7812 -27.3105 
vt 21.3438 -27.3105 
vt 22.6562 -26.9062 
vt 23.2188 -26.9062 
vt 22.6562 -26.9043 
vt 23.2188 -26.9043 
vt 20.7812 -26.9062 
vt 20.7812 -26.9076 
vt 21.3438 -26.9062 
vt 21.3438 -26.9076 
vt 21.3438 -27.3091 
vt 20.7812 -27.3091 
vt 21.3438 -27.3105 
vt 20.7812 -27.3105 
vt 23.2188 -27.3091 
vt 22.6562 -27.3091 
vt 23.2188 -27.3105 
vt 22.6562 -27.3105 
vt 22.6562 -26.9062 
vt 22.6562 -26.9076 
vt 23.2188 -26.9062 
vt 23.2188 -26.9076 
vt 21.9062 -27.3105 
vt 21.9062 -27.3125 
vt 21.9076 -27.3091 
vt 22.0938 -27.3125 
vt 22.0924 -27.3091 
vt 22.0938 -27.3105 
vt 21.9076 -27.3091 
vt 21.9062 -27.3125 
vt 21.9062 -27.3105 
vt 22.0938 -27.3125 
vt 22.0924 -27.3091 
vt 22.0938 -27.3105 
vt 22.0938 -26.5625 
vt 22.0941 -26.5625 
vt 20.7812 -26.5625 
vt 21.3438 -26.5625 
vt 20.7812 -26.5618 
vt 21.3438 -26.5618 
vt 22.6562 -26.5618 
vt 22.6562 -26.5625 
vt 23.2188 -26.5618 
vt 23.2188 -26.5625 
vt 21.3438 -27.3125 
vt 20.7812 -27.3125 
vt 21.3438 -27.569 
vt 20.7812 -27.313 
vt 20.7812 -27.569 
vt 23.2188 -27.3125 
vt 22.6562 -27.3125 
vt 23.2188 -27.569 
vt 22.6562 -27.313 
vt 22.6562 -27.569 
vt 21.9043 -27.3125 
vt 21.6562 -27.569 
vt 22.0957 -27.3125 
vt 22.0962 -27.313 
vt 21.9043 -27.3125 
vt 21.6562 -27.569 
vt 22.0957 -27.3125 
vt 22.0962 -27.313 
vt 22.0938 -27.3078 
vt 22.0938 -26.5625 
vt 21.9062 -27.3078 
vt 21.9062 -27.3078 
vt 21.9062 -26.5625 
vt 21.9059 -26.5625 
vt 22.0941 -26.5625 
vt 21.9062 -26.5625 
vt 21.9059 -26.5625 
vt 22.0938 -27.3078 
vt 21.6562 -28 
vt 21.6562 -28 

usemtl Part3Mtl

f 3861/3861/3861 3862/3862/3862 3863/3863/3863 
f 3864/3864/3864 3865/3865/3865 3866/3866/3866 
f 3865/3865/3865 3867/3867/3867 3866/3866/3866 
f 3868/3868/3868 3869/3869/3869 3870/3870/3870 
f 3869/3869/3869 3871/3871/3871 3870/3870/3870 
f 3872/3872/3872 3873/3873/3873 3874/3874/3874 
f 3873/3873/3873 3875/3875/3875 3874/3874/3874 
f 3876/3876/3876 3877/3877/3877 3878/3878/3878 
f 3877/3877/3877 3879/3879/3879 3878/3878/3878 
f 3861/3861/3861 3880/3880/3880 3862/3862/3862 
f 3881/3881/3881 3882/3882/3882 3883/3883/3883 
f 3882/3882/3882 3884/3884/3884 3883/3883/3883 
f 3885/3885/3885 3886/3886/3886 3887/3887/3887 
f 3886/3886/3886 3888/3888/3888 3887/3887/3887 
f 3889/3889/3889 3887/3887/3887 3888/3888/3888 
f 3873/3873/3873 3890/3890/3890 3875/3875/3875 
f 3891/3891/3891 3892/3892/3892 3893/3893/3893 
f 3892/3892/3892 3894/3894/3894 3893/3893/3893 
f 3895/3895/3895 3896/3896/3896 3897/3897/3897 
f 3862/3862/3862 3898/3898/3898 3897/3897/3897 
f 3899/3899/3899 3900/3900/3900 3901/3901/3901 
f 3902/3902/3902 3903/3903/3903 3904/3904/3904 
f 3903/3903/3903 3905/3905/3905 3904/3904/3904 
f 3906/3906/3906 3907/3907/3907 3908/3908/3908 
f 3909/3909/3909 3908/3908/3908 3907/3907/3907 
f 3910/3910/3910 3911/3911/3911 3912/3912/3912 
f 3911/3911/3911 3913/3913/3913 3912/3912/3912 
f 3914/3914/3914 3915/3915/3915 3916/3916/3916 
f 3915/3915/3915 3917/3917/3917 3916/3916/3916 
f 3899/3899/3899 3918/3918/3918 3900/3900/3900 
f 3919/3919/3919 3920/3920/3920 3921/3921/3921 
f 3920/3920/3920 3922/3922/3922 3921/3921/3921 
f 3923/3923/3923 3924/3924/3924 3925/3925/3925 
f 3924/3924/3924 3926/3926/3926 3925/3925/3925 
f 3927/3927/3927 3925/3925/3925 3926/3926/3926 
f 3911/3911/3911 3928/3928/3928 3913/3913/3913 
f 3929/3929/3929 3930/3930/3930 3931/3931/3931 
f 3930/3930/3930 3932/3932/3932 3931/3931/3931 
f 3933/3933/3933 3934/3934/3934 3935/3935/3935 
f 3900/3900/3900 3936/3936/3936 3935/3935/3935 
f 3937/3937/3937 3938/3938/3938 3939/3939/3939 
f 3938/3938/3938 3940/3940/3940 3939/3939/3939 
f 3941/3941/3941 3942/3942/3942 3943/3943/3943 
f 3942/3942/3942 3944/3944/3944 3943/3943/3943 
f 3945/3945/3945 3946/3946/3946 3947/3947/3947 
f 3946/3946/3946 3948/3948/3948 3947/3947/3947 
f 3949/3949/3949 3950/3950/3950 3951/3951/3951 
f 3950/3950/3950 3952/3952/3952 3951/3951/3951 
f 3953/3953/3953 3954/3954/3954 3955/3955/3955 
f 3954/3954/3954 3956/3956/3956 3955/3955/3955 
f 3957/3957/3957 3958/3958/3958 3959/3959/3959 
f 3958/3958/3958 3960/3960/3960 3959/3959/3959 
f 3961/3961/3961 3962/3962/3962 3963/3963/3963 
f 3962/3962/3962 3964/3964/3964 3963/3963/3963 
f 3965/3965/3965 3966/3966/3966 3967/3967/3967 
f 3966/3966/3966 3968/3968/3968 3967/3967/3967 
f 3969/3969/3969 3970/3970/3970 3971/3971/3971 
f 3970/3970/3970 3972/3972/3972 3971/3971/3971 
f 3973/3973/3973 3974/3974/3974 3975/3975/3975 
f 3974/3974/3974 3976/3976/3976 3975/3975/3975 
f 3977/3977/3977 3978/3978/3978 3979/3979/3979 
f 3978/3978/3978 3980/3980/3980 3979/3979/3979 
f 3981/3981/3981 3982/3982/3982 3983/3983/3983 
f 3982/3982/3982 3984/3984/3984 3983/3983/3983 
f 3985/3985/3985 3986/3986/3986 3987/3987/3987 
f 3986/3986/3986 3890/3890/3890 3987/3987/3987 
f 3890/3890/3890 3873/3873/3873 3987/3987/3987 
f 3988/3988/3988 3989/3989/3989 3897/3897/3897 
f 3990/3990/3990 3989/3989/3989 3988/3988/3988 
f 3928/3928/3928 3991/3991/3991 3992/3992/3992 
f 3993/3993/3993 3992/3992/3992 3991/3991/3991 
f 3994/3994/3994 3995/3995/3995 3935/3935/3935 
f 3996/3996/3996 3995/3995/3995 3994/3994/3994 
f 3997/3997/3997 3998/3998/3998 3901/3901/3901 
f 3999/3999/3999 4000/4000/4000 4001/4001/4001 
f 4000/4000/4000 4002/4002/4002 4001/4001/4001 
f 4003/4003/4003 4004/4004/4004 4005/4005/4005 
f 4004/4004/4004 4006/4006/4006 4005/4005/4005 
f 4007/4007/4007 4008/4008/4008 4009/4009/4009 
f 4008/4008/4008 4010/4010/4010 4009/4009/4009 
f 4010/4010/4010 4011/4011/4011 4009/4009/4009 
f 4012/4012/4012 4013/4013/4013 4014/4014/4014 
f 4013/4013/4013 4015/4015/4015 4014/4014/4014 
f 4015/4015/4015 4016/4016/4016 4014/4014/4014 
f 4017/4017/4017 4018/4018/4018 3986/3986/3986 
f 3988/3988/3988 3897/3897/3897 4019/4019/4019 
f 3897/3897/3897 4020/4020/4020 4019/4019/4019 
f 4021/4021/4021 4022/4022/4022 3992/3992/3992 
f 3994/3994/3994 3935/3935/3935 4023/4023/4023 
f 3935/3935/3935 4024/4024/4024 4023/4023/4023 
f 4025/4025/4025 4026/4026/4026 3989/3989/3989 
f 4026/4026/4026 3862/3862/3862 3989/3989/3989 
f 3862/3862/3862 3897/3897/3897 3989/3989/3989 
f 4027/4027/4027 3991/3991/3991 3911/3911/3911 
f 3991/3991/3991 3928/3928/3928 3911/3911/3911 
f 3873/3873/3873 4028/4028/4028 3987/3987/3987 
f 4027/4027/4027 3911/3911/3911 4029/4029/4029 
f 3911/3911/3911 4030/4030/4030 4029/4029/4029 
f 4031/4031/4031 3863/3863/3863 4026/4026/4026 
f 3863/3863/3863 3862/3862/3862 4026/4026/4026 
f 4028/4028/4028 3873/3873/3873 4032/4032/4032 
f 3873/3873/3873 4033/4033/4033 4032/4032/4032 
f 3900/3900/3900 3935/3935/3935 3901/3901/3901 
f 3935/3935/3935 3995/3995/3995 3901/3901/3901 
f 3995/3995/3995 4034/4034/4034 3901/3901/3901 
f 4034/4034/4034 3997/3997/3997 3901/3901/3901 
f 3986/3986/3986 4018/4018/4018 3890/3890/3890 
f 4018/4018/4018 4035/4035/4035 3890/3890/3890 
f 3897/3897/3897 3896/3896/3896 4020/4020/4020 
f 3992/3992/3992 4022/4022/4022 3928/3928/3928 
f 4022/4022/4022 4036/4036/4036 3928/3928/3928 
f 3935/3935/3935 3934/3934/3934 4024/4024/4024 

g Union20

v -62.482 5.96417 -39.4974 
v -62.482 5.96417 -9.9974 
v -62.4713 5.95316 -39.4974 
v -62.4713 5.95316 -9.9974 
v -62.4713 5.93698 -39.4974 
v -62.4713 5.95316 -39.4974 
v -62.4713 5.93698 -9.9974 
v -62.4713 5.95316 -9.9974 
v -62.4713 5.93698 -9.9974 
v -62.4557 5.93698 -9.9974 
v -62.4713 5.93698 -39.4974 
v -62.4557 5.93698 -39.4974 
v -60.4714 3.88501 -9.9974 
v -62.4557 5.93698 -9.9974 
v -62.4713 5.93698 -9.9974 
v -60.4714 1.93668 -9.9974 
v -65.4714 1.93668 -9.9974 
v -65.4714 1.93668 -39.4974 
v -60.4714 1.93668 -39.4974 
v -65.4714 1.93668 -9.9974 
v -60.4714 1.93668 -9.9974 
v -60.4714 3.88501 -9.9974 
v -60.4714 1.93668 -9.9974 
v -60.4714 3.88501 -39.4974 
v -60.4714 1.93668 -39.4974 
v -62.4557 5.93698 -9.9974 
v -60.4714 3.88501 -9.9974 
v -62.4557 5.93698 -39.4974 
v -60.4714 3.88501 -39.4974 
v -62.4557 5.93698 -39.4974 
v -60.4714 3.88501 -39.4974 
v -62.4713 5.93698 -39.4974 
v -65.4714 1.93668 -39.4974 
v -60.4714 1.93668 -39.4974 
v -65.4714 15.4367 -9.9974 
v -60.4714 15.4367 -9.9974 
v -65.4714 15.4367 -39.4974 
v -60.4714 15.4367 -39.4974 
v -65.4714 5.93302 -39.4974 
v -62.482 5.96417 -39.4974 
v -62.4713 5.95316 -39.4974 
v -62.4713 5.97445 -39.4974 
v -62.4713 5.97445 -39.4974 
v -62.4713 11.937 -39.4974 
v -62.4713 5.97445 -9.9974 
v -62.4713 11.937 -9.9974 
v -62.482 5.96417 -9.9974 
v -62.482 5.96417 -39.4974 
v -62.4713 5.97445 -9.9974 
v -62.4713 5.97445 -39.4974 
v -62.482 5.96417 -9.9974 
v -62.4713 5.95316 -9.9974 
v -65.4714 15.4367 -9.9974 
v -62.4713 5.97445 -9.9974 
v -65.4714 1.93668 -9.9974 
v -65.4714 15.4367 -9.9974 
v -65.4714 1.93668 -39.4974 
v -65.4714 15.4367 -39.4974 
v -65.4714 5.93302 -39.4974 
v -65.4714 9.44392 -39.4974 
v -62.4733 11.9429 -9.9974 
v -62.4733 11.9429 -39.4974 
v -60.4714 13.4321 -9.9974 
v -60.4714 13.4321 -39.4974 
v -62.4733 11.9429 -39.4974 
v -62.4733 11.9429 -9.9974 
v -62.4689 11.937 -39.4974 
v -62.4689 11.937 -9.9974 
v -62.4713 11.937 -9.9974 
v -62.4733 11.9429 -9.9974 
v -62.4713 11.937 -39.4974 
v -62.4733 11.9429 -39.4974 
v -62.4689 11.937 -39.4974 
v -62.4713 11.937 -39.4974 
v -62.4689 11.937 -39.4974 
v -62.4713 11.937 -9.9974 
v -62.4689 11.937 -9.9974 
v -62.4689 11.937 -9.9974 
v -60.4714 15.4367 -39.4974 
v -60.4714 15.4367 -9.9974 
v -60.4714 13.4321 -39.4974 
v -60.4714 13.4321 -9.9974 
v -60.4714 13.4321 -9.9974 
v -60.4714 15.4367 -9.9974 
v -60.4714 13.4321 -39.4974 
v -60.4714 15.4367 -39.4974 
v -65.4714 15.4367 -39.4974 
v -65.4714 9.44392 -39.4974 

vn 0.716535 0.692913 0 
vn 0.716535 0.692913 0 
vn 0.716535 0.692913 0 
vn 0.716535 0.692913 0 
vn 1 0 0 
vn 1 0 0 
vn 1 0 0 
vn 1 0 0 
vn 0 1 0 
vn 0 1 0 
vn 0 1 0 
vn 0 1 0 
vn 0 0 1 
vn 0 0 1 
vn 0 0 1 
vn 0 0 1 
vn 0 0 1 
vn 0 -1 0 
vn 0 -1 0 
vn 0 -1 0 
vn 0 -1 0 
vn 1 0 0 
vn 1 0 0 
vn 1 0 0 
vn 1 0 0 
vn 0.716535 0.692913 0 
vn 0.716535 0.692913 0 
vn 0.716535 0.692913 0 
vn 0.716535 0.692913 0 
vn 0 0 -1 
vn 0 0 -1 
vn 0 0 -1 
vn 0 0 -1 
vn 0 0 -1 
vn 0 1 0 
vn 0 1 0 
vn 0 1 0 
vn 0 1 0 
vn 0 0 -1 
vn 0 0 -1 
vn 0 0 -1 
vn 0 0 -1 
vn 1 0 0 
vn 1 0 0 
vn 1 0 0 
vn 1 0 0 
vn 0.692913 -0.716535 0 
vn 0.692913 -0.716535 0 
vn 0.692913 -0.716535 0 
vn 0.692913 -0.716535 0 
vn 0 0 1 
vn 0 0 1 
vn 0 0 1 
vn 0 0 1 
vn -1 0 0 
vn -1 0 0 
vn -1 0 0 
vn -1 0 0 
vn -1 0 0 
vn -1 0 0 
vn 0.598425 -0.80315 0 
vn 0.598425 -0.80315 0 
vn 0.598425 -0.80315 0 
vn 0.598425 -0.80315 0 
vn 0.80315 0.598425 0 
vn 0.80315 0.598425 0 
vn 0.80315 0.598425 0 
vn 0.80315 0.598425 0 
vn 0 0 1 
vn 0 0 1 
vn 0 0 -1 
vn 0 0 -1 
vn 0 0 -1 
vn 0 -1 0 
vn 0 -1 0 
vn 0 -1 0 
vn 0 -1 0 
vn 0 0 1 
vn 1 0 0 
vn 1 0 0 
vn 1 0 0 
vn 1 0 0 
vn 0 0 1 
vn 0 0 1 
vn 0 0 -1 
vn 0 0 -1 
vn 0 0 -1 
vn 0 0 -1 

vt 43.8438 -53.3096 
vt 40.1562 -53.3096 
vt 43.8438 -53.3115 
vt 40.1562 -53.3115 
vt 43.8438 -53.3131 
vt 43.8438 -53.3115 
vt 40.1562 -53.3131 
vt 40.1562 -53.3115 
vt 43.8438 -53.155 
vt 43.8438 -53.1534 
vt 40.1562 -53.155 
vt 40.1562 -53.1534 
vt 41.8925 -53.6681 
vt 41.8466 -53.3142 
vt 41.845 -53.3131 
vt 41.7471 -53.8635 
vt 41.2457 -53.4905 
vt 43.8438 -53.7543 
vt 43.8438 -53.2529 
vt 40.1562 -53.7543 
vt 40.1562 -53.2529 
vt 40.1562 -53.6681 
vt 40.1562 -53.8635 
vt 43.8438 -53.6681 
vt 43.8438 -53.8635 
vt 40.1562 -53.3142 
vt 40.1562 -53.6681 
vt 43.8438 -53.3142 
vt 43.8438 -53.6681 
vt 42.1534 -53.3142 
vt 42.1075 -53.6681 
vt 42.155 -53.3131 
vt 42.7543 -53.4905 
vt 42.2529 -53.8635 
vt 43.8438 -52.7471 
vt 43.8438 -52.2457 
vt 40.1562 -52.7471 
vt 40.1562 -52.2457 
vt 42.4562 -53.0897 
vt 42.154 -53.3096 
vt 42.1538 -53.3115 
vt 42.1522 -53.3093 
vt 43.8438 -53.3093 
vt 43.8438 -52.7113 
vt 40.1562 -53.3093 
vt 40.1562 -52.7113 
vt 40.1562 -53.154 
vt 43.8438 -53.154 
vt 40.1562 -53.1522 
vt 43.8438 -53.1522 
vt 41.846 -53.3096 
vt 41.8462 -53.3115 
vt 42.2529 -52.1365 
vt 41.8478 -53.3093 
vt 43.8438 -53.4905 
vt 43.8438 -52.1365 
vt 40.1562 -53.4905 
vt 40.1562 -52.1365 
vt 40.1562 -53.0897 
vt 40.1562 -52.7375 
vt 40.1562 -52.7071 
vt 43.8438 -52.7071 
vt 40.1562 -52.3952 
vt 43.8438 -52.3952 
vt 43.8438 -52.7106 
vt 40.1562 -52.7106 
vt 43.8438 -52.7115 
vt 40.1562 -52.7115 
vt 42.2926 -52.7113 
vt 42.2929 -52.7106 
vt 41.7074 -52.7113 
vt 41.7071 -52.7106 
vt 41.7071 -52.7115 
vt 43.8438 -52.7074 
vt 43.8438 -52.7071 
vt 40.1562 -52.7074 
vt 40.1562 -52.7071 
vt 42.2929 -52.7115 
vt 43.8438 -52.5095 
vt 40.1562 -52.5095 
vt 43.8438 -52.7106 
vt 40.1562 -52.7106 
vt 42.6048 -52.7106 
vt 42.7543 -52.5095 
vt 41.3952 -52.7106 
vt 41.2457 -52.5095 
vt 41.7471 -52.1365 
vt 42.1942 -52.7375 

usemtl Union3Mtl

f 4037/4037/4037 4038/4038/4038 4039/4039/4039 
f 4038/4038/4038 4040/4040/4040 4039/4039/4039 
f 4041/4041/4041 4042/4042/4042 4043/4043/4043 
f 4042/4042/4042 4044/4044/4044 4043/4043/4043 
f 4045/4045/4045 4046/4046/4046 4047/4047/4047 
f 4046/4046/4046 4048/4048/4048 4047/4047/4047 
f 4049/4049/4049 4050/4050/4050 4051/4051/4051 
f 4052/4052/4052 4049/4049/4049 4053/4053/4053 
f 4049/4049/4049 4051/4051/4051 4053/4053/4053 
f 4054/4054/4054 4055/4055/4055 4056/4056/4056 
f 4055/4055/4055 4057/4057/4057 4056/4056/4056 
f 4058/4058/4058 4059/4059/4059 4060/4060/4060 
f 4059/4059/4059 4061/4061/4061 4060/4060/4060 
f 4062/4062/4062 4063/4063/4063 4064/4064/4064 
f 4063/4063/4063 4065/4065/4065 4064/4064/4064 
f 4066/4066/4066 4067/4067/4067 4068/4068/4068 
f 4067/4067/4067 4069/4069/4069 4068/4068/4068 
f 4067/4067/4067 4070/4070/4070 4069/4069/4069 
f 4071/4071/4071 4072/4072/4072 4073/4073/4073 
f 4072/4072/4072 4074/4074/4074 4073/4073/4073 
f 4075/4075/4075 4076/4076/4076 4069/4069/4069 
f 4076/4076/4076 4068/4068/4068 4069/4069/4069 
f 4077/4077/4077 4068/4068/4068 4076/4076/4076 
f 4076/4076/4076 4075/4075/4075 4078/4078/4078 
f 4079/4079/4079 4080/4080/4080 4081/4081/4081 
f 4080/4080/4080 4082/4082/4082 4081/4081/4081 
f 4083/4083/4083 4084/4084/4084 4085/4085/4085 
f 4084/4084/4084 4086/4086/4086 4085/4085/4085 
f 4087/4087/4087 4053/4053/4053 4088/4088/4088 
f 4053/4053/4053 4051/4051/4051 4088/4088/4088 
f 4087/4087/4087 4089/4089/4089 4053/4053/4053 
f 4090/4090/4090 4089/4089/4089 4087/4087/4087 
f 4091/4091/4091 4092/4092/4092 4093/4093/4093 
f 4094/4094/4094 4093/4093/4093 4092/4092/4092 
f 4094/4094/4094 4095/4095/4095 4093/4093/4093 
f 4096/4096/4096 4095/4095/4095 4094/4094/4094 
f 4097/4097/4097 4098/4098/4098 4099/4099/4099 
f 4098/4098/4098 4100/4100/4100 4099/4099/4099 
f 4101/4101/4101 4102/4102/4102 4103/4103/4103 
f 4102/4102/4102 4104/4104/4104 4103/4103/4103 
f 4090/4090/4090 4105/4105/4105 4106/4106/4106 
f 4078/4078/4078 4075/4075/4075 4107/4107/4107 
f 4075/4075/4075 4108/4108/4108 4107/4107/4107 
f 4108/4108/4108 4109/4109/4109 4107/4107/4107 
f 4110/4110/4110 4111/4111/4111 4112/4112/4112 
f 4111/4111/4111 4113/4113/4113 4112/4112/4112 
f 4114/4114/4114 4106/4106/4106 4105/4105/4105 
f 4115/4115/4115 4116/4116/4116 4117/4117/4117 
f 4116/4116/4116 4118/4118/4118 4117/4117/4117 
f 4119/4119/4119 4120/4120/4120 4106/4106/4106 
f 4121/4121/4121 4108/4108/4108 4122/4122/4122 
f 4108/4108/4108 4123/4123/4123 4122/4122/4122 
f 4120/4120/4120 4089/4089/4089 4106/4106/4106 
f 4089/4089/4089 4090/4090/4090 4106/4106/4106 
f 4075/4075/4075 4124/4124/4124 4108/4108/4108 
f 4124/4124/4124 4123/4123/4123 4108/4108/4108 

g Part66

v -48.5 10.9535 15.0477 
v -48.5 12.0142 13.9871 
v -48.5 11.7116 15.8058 
v -48.5 12.7723 14.7452 
v -53.5 12.0142 13.9871 
v -48.5 12.0142 13.9871 
v -53.5 10.9535 15.0477 
v -48.5 10.9535 15.0477 
v -48.5 12.0142 13.9871 
v -53.5 12.0142 13.9871 
v -48.5 12.7723 14.7452 
v -53.5 12.7723 14.7452 
v -53.5 12.0142 13.9871 
v -53.5 10.9535 15.0477 
v -53.5 12.7723 14.7452 
v -53.5 11.7116 15.8058 
v -53.5 11.7116 15.8058 
v -48.5 11.7116 15.8058 
v -53.5 12.7723 14.7452 
v -48.5 12.7723 14.7452 
v -53.5 10.9535 15.0477 
v -48.5 10.9535 15.0477 
v -53.5 11.7116 15.8058 
v -48.5 11.7116 15.8058 

vn 1 0 0 
vn 1 0 0 
vn 1 0 0 
vn 1 0 0 
vn 0 -0.708661 -0.708661 
vn 0 -0.708661 -0.708661 
vn 0 -0.708661 -0.708661 
vn 0 -0.708661 -0.708661 
vn 0 0.708661 -0.708661 
vn 0 0.708661 -0.708661 
vn 0 0.708661 -0.708661 
vn 0 0.708661 -0.708661 
vn -1 0 0 
vn -1 0 0 
vn -1 0 0 
vn -1 0 0 
vn 0 0.708661 0.708661 
vn 0 0.708661 0.708661 
vn 0 0.708661 0.708661 
vn 0 0.708661 0.708661 
vn 0 -0.708661 0.708661 
vn 0 -0.708661 0.708661 
vn 0 -0.708661 0.708661 
vn 0 -0.708661 0.708661 

vt -0.0198694 0.877592 
vt -0.207369 0.877592 
vt -0.0198694 0.743576 
vt -0.207369 0.743576 
vt 0.417631 0.877592 
vt -0.207369 0.877592 
vt 0.417631 0.690092 
vt -0.207369 0.690092 
vt 0.417631 0.877592 
vt -0.207369 0.877592 
vt 0.417631 0.743576 
vt -0.207369 0.743576 
vt -0.0198694 0.877592 
vt -0.207369 0.877592 
vt -0.0198694 0.743576 
vt -0.207369 0.743576 
vt 0.417631 0.877592 
vt -0.207369 0.877592 
vt 0.417631 0.690092 
vt -0.207369 0.690092 
vt 0.417631 0.877592 
vt -0.207369 0.877592 
vt 0.417631 0.743576 
vt -0.207369 0.743576 

usemtl Part1Mtl

f 4125/4125/4125 4126/4126/4126 4127/4127/4127 
f 4127/4127/4127 4126/4126/4126 4128/4128/4128 
f 4129/4129/4129 4130/4130/4130 4131/4131/4131 
f 4131/4131/4131 4130/4130/4130 4132/4132/4132 
f 4133/4133/4133 4134/4134/4134 4135/4135/4135 
f 4135/4135/4135 4134/4134/4134 4136/4136/4136 
f 4137/4137/4137 4138/4138/4138 4139/4139/4139 
f 4139/4139/4139 4138/4138/4138 4140/4140/4140 
f 4141/4141/4141 4142/4142/4142 4143/4143/4143 
f 4143/4143/4143 4142/4142/4142 4144/4144/4144 
f 4145/4145/4145 4146/4146/4146 4147/4147/4147 
f 4147/4147/4147 4146/4146/4146 4148/4148/4148 

g Part67

v -48 10.651 15.4523 
v -48 12.4188 13.6845 
v -48 11.3581 16.1594 
v -48 13.1259 14.3916 
v -54 12.4188 13.6845 
v -48 12.4188 13.6845 
v -54 10.651 15.4523 
v -48 10.651 15.4523 
v -48 12.4188 13.6845 
v -54 12.4188 13.6845 
v -48 13.1259 14.3916 
v -54 13.1259 14.3916 
v -54 12.4188 13.6845 
v -54 10.651 15.4523 
v -54 13.1259 14.3916 
v -54 11.3581 16.1594 
v -54 11.3581 16.1594 
v -48 11.3581 16.1594 
v -54 13.1259 14.3916 
v -48 13.1259 14.3916 
v -54 10.651 15.4523 
v -48 10.651 15.4523 
v -54 11.3581 16.1594 
v -48 11.3581 16.1594 

vn 1 0 0 
vn 1 0 0 
vn 1 0 0 
vn 1 0 0 
vn 0 -0.708661 -0.708661 
vn 0 -0.708661 -0.708661 
vn 0 -0.708661 -0.708661 
vn 0 -0.708661 -0.708661 
vn 0 0.708661 -0.708661 
vn 0 0.708661 -0.708661 
vn 0 0.708661 -0.708661 
vn 0 0.708661 -0.708661 
vn -1 0 0 
vn -1 0 0 
vn -1 0 0 
vn -1 0 0 
vn 0 0.708661 0.708661 
vn 0 0.708661 0.708661 
vn 0 0.708661 0.708661 
vn 0 0.708661 0.708661 
vn 0 -0.708661 0.708661 
vn 0 -0.708661 0.708661 
vn 0 -0.708661 0.708661 
vn 0 -0.708661 0.708661 

vt 8.0625 -4.75 
vt 7.75 -4.75 
vt 8.0625 -4.875 
vt 7.75 -4.875 
vt 8.5 -4.75 
vt 7.75 -4.75 
vt 8.5 -5.0625 
vt 7.75 -5.0625 
vt 8.5 -4.75 
vt 7.75 -4.75 
vt 8.5 -4.875 
vt 7.75 -4.875 
vt 8.0625 -4.75 
vt 7.75 -4.75 
vt 8.0625 -4.875 
vt 7.75 -4.875 
vt 8.5 -4.75 
vt 7.75 -4.75 
vt 8.5 -5.0625 
vt 7.75 -5.0625 
vt 8.5 -4.75 
vt 7.75 -4.75 
vt 8.5 -4.875 
vt 7.75 -4.875 

usemtl Union1Mtl

f 4149/4149/4149 4150/4150/4150 4151/4151/4151 
f 4151/4151/4151 4150/4150/4150 4152/4152/4152 
f 4153/4153/4153 4154/4154/4154 4155/4155/4155 
f 4155/4155/4155 4154/4154/4154 4156/4156/4156 
f 4157/4157/4157 4158/4158/4158 4159/4159/4159 
f 4159/4159/4159 4158/4158/4158 4160/4160/4160 
f 4161/4161/4161 4162/4162/4162 4163/4163/4163 
f 4163/4163/4163 4162/4162/4162 4164/4164/4164 
f 4165/4165/4165 4166/4166/4166 4167/4167/4167 
f 4167/4167/4167 4166/4166/4166 4168/4168/4168 
f 4169/4169/4169 4170/4170/4170 4171/4171/4171 
f 4171/4171/4171 4170/4170/4170 4172/4172/4172 

g Part68

v -47.5 10.651 16.1594 
v -47.5 13.1259 13.6845 
v -47.5 11.7116 17.22 
v -47.5 14.1865 14.7452 
v -54.5 13.1259 13.6845 
v -47.5 13.1259 13.6845 
v -54.5 10.651 16.1594 
v -47.5 10.651 16.1594 
v -47.5 13.1259 13.6845 
v -54.5 13.1259 13.6845 
v -47.5 14.1865 14.7452 
v -54.5 14.1865 14.7452 
v -54.5 13.1259 13.6845 
v -54.5 10.651 16.1594 
v -54.5 14.1865 14.7452 
v -54.5 11.7116 17.22 
v -54.5 11.7116 17.22 
v -47.5 11.7116 17.22 
v -54.5 14.1865 14.7452 
v -47.5 14.1865 14.7452 
v -54.5 10.651 16.1594 
v -47.5 10.651 16.1594 
v -54.5 11.7116 17.22 
v -47.5 11.7116 17.22 

vn 1 0 0 
vn 1 0 0 
vn 1 0 0 
vn 1 0 0 
vn 0 -0.708661 -0.708661 
vn 0 -0.708661 -0.708661 
vn 0 -0.708661 -0.708661 
vn 0 -0.708661 -0.708661 
vn 0 0.708661 -0.708661 
vn 0 0.708661 -0.708661 
vn 0 0.708661 -0.708661 
vn 0 0.708661 -0.708661 
vn -1 0 0 
vn -1 0 0 
vn -1 0 0 
vn -1 0 0 
vn 0 0.708661 0.708661 
vn 0 0.708661 0.708661 
vn 0 0.708661 0.708661 
vn 0 0.708661 0.708661 
vn 0 -0.708661 0.708661 
vn 0 -0.708661 0.708661 
vn 0 -0.708661 0.708661 
vn 0 -0.708661 0.708661 

vt 6.6875 -6.5 
vt 6.25 -6.5 
vt 6.6875 -6.6875 
vt 6.25 -6.6875 
vt 7.125 -6.5 
vt 6.25 -6.5 
vt 7.125 -6.9375 
vt 6.25 -6.9375 
vt 7.125 -6.5 
vt 6.25 -6.5 
vt 7.125 -6.6875 
vt 6.25 -6.6875 
vt 6.6875 -6.5 
vt 6.25 -6.5 
vt 6.6875 -6.6875 
vt 6.25 -6.6875 
vt 7.125 -6.5 
vt 6.25 -6.5 
vt 7.125 -6.9375 
vt 6.25 -6.9375 
vt 7.125 -6.5 
vt 6.25 -6.5 
vt 7.125 -6.6875 
vt 6.25 -6.6875 

usemtl Part3Mtl

f 4173/4173/4173 4174/4174/4174 4175/4175/4175 
f 4175/4175/4175 4174/4174/4174 4176/4176/4176 
f 4177/4177/4177 4178/4178/4178 4179/4179/4179 
f 4179/4179/4179 4178/4178/4178 4180/4180/4180 
f 4181/4181/4181 4182/4182/4182 4183/4183/4183 
f 4183/4183/4183 4182/4182/4182 4184/4184/4184 
f 4185/4185/4185 4186/4186/4186 4187/4187/4187 
f 4187/4187/4187 4186/4186/4186 4188/4188/4188 
f 4189/4189/4189 4190/4190/4190 4191/4191/4191 
f 4191/4191/4191 4190/4190/4190 4192/4192/4192 
f 4193/4193/4193 4194/4194/4194 4195/4195/4195 
f 4195/4195/4195 4194/4194/4194 4196/4196/4196 

g Part69

v -66 1.93664 19 
v -66 1.93664 14 
v -66 0.936643 19 
v -66 0.936643 14 
v -36.5 1.93664 14 
v -66 1.93664 14 
v -36.5 1.93664 19 
v -66 1.93664 19 
v -66 1.93664 14 
v -36.5 1.93664 14 
v -66 0.936643 14 
v -36.5 0.936643 14 
v -36.5 1.93664 14 
v -36.5 1.93664 19 
v -36.5 0.936643 14 
v -36.5 0.936643 19 
v -36.5 0.936643 19 
v -66 0.936643 19 
v -36.5 0.936643 14 
v -66 0.936643 14 
v -36.5 1.93664 19 
v -66 1.93664 19 
v -36.5 0.936643 19 
v -66 0.936643 19 

vn -1 0 0 
vn -1 0 0 
vn -1 0 0 
vn -1 0 0 
vn 0 1 0 
vn 0 1 0 
vn 0 1 0 
vn 0 1 0 
vn 0 0 -1 
vn 0 0 -1 
vn 0 0 -1 
vn 0 0 -1 
vn 1 0 0 
vn 1 0 0 
vn 1 0 0 
vn 1 0 0 
vn 0 -1 0 
vn 0 -1 0 
vn 0 -1 0 
vn 0 -1 0 
vn 0 0 1 
vn 0 0 1 
vn 0 0 1 
vn 0 0 1 

vt 1.625 -3.25 
vt 1 -3.25 
vt 1.625 -3.375 
vt 1 -3.375 
vt 4.6875 -3.25 
vt 1 -3.25 
vt 4.6875 -3.875 
vt 1 -3.875 
vt 4.6875 -3.25 
vt 1 -3.25 
vt 4.6875 -3.375 
vt 1 -3.375 
vt 1.625 -3.25 
vt 1 -3.25 
vt 1.625 -3.375 
vt 1 -3.375 
vt 4.6875 -3.25 
vt 1 -3.25 
vt 4.6875 -3.875 
vt 1 -3.875 
vt 4.6875 -3.25 
vt 1 -3.25 
vt 4.6875 -3.375 
vt 1 -3.375 

usemtl Part3Mtl

f 4197/4197/4197 4198/4198/4198 4199/4199/4199 
f 4199/4199/4199 4198/4198/4198 4200/4200/4200 
f 4201/4201/4201 4202/4202/4202 4203/4203/4203 
f 4203/4203/4203 4202/4202/4202 4204/4204/4204 
f 4205/4205/4205 4206/4206/4206 4207/4207/4207 
f 4207/4207/4207 4206/4206/4206 4208/4208/4208 
f 4209/4209/4209 4210/4210/4210 4211/4211/4211 
f 4211/4211/4211 4210/4210/4210 4212/4212/4212 
f 4213/4213/4213 4214/4214/4214 4215/4215/4215 
f 4215/4215/4215 4214/4214/4214 4216/4216/4216 
f 4217/4217/4217 4218/4218/4218 4219/4219/4219 
f 4219/4219/4219 4218/4218/4218 4220/4220/4220 

g Part70

v -66 16.4367 19 
v -66 16.4367 14 
v -66 15.4367 19 
v -66 15.4367 14 
v -36.5 16.4367 14 
v -66 16.4367 14 
v -36.5 16.4367 19 
v -66 16.4367 19 
v -66 16.4367 14 
v -36.5 16.4367 14 
v -66 15.4367 14 
v -36.5 15.4367 14 
v -36.5 16.4367 14 
v -36.5 16.4367 19 
v -36.5 15.4367 14 
v -36.5 15.4367 19 
v -36.5 15.4367 19 
v -66 15.4367 19 
v -36.5 15.4367 14 
v -66 15.4367 14 
v -36.5 16.4367 19 
v -66 16.4367 19 
v -36.5 15.4367 19 
v -66 15.4367 19 

vn -1 0 0 
vn -1 0 0 
vn -1 0 0 
vn -1 0 0 
vn 0 1 0 
vn 0 1 0 
vn 0 1 0 
vn 0 1 0 
vn 0 0 -1 
vn 0 0 -1 
vn 0 0 -1 
vn 0 0 -1 
vn 1 0 0 
vn 1 0 0 
vn 1 0 0 
vn 1 0 0 
vn 0 -1 0 
vn 0 -1 0 
vn 0 -1 0 
vn 0 -1 0 
vn 0 0 1 
vn 0 0 1 
vn 0 0 1 
vn 0 0 1 

vt 6.125 -4.75 
vt 5.5 -4.75 
vt 6.125 -4.875 
vt 5.5 -4.875 
vt 9.1875 -4.75 
vt 5.5 -4.75 
vt 9.1875 -5.375 
vt 5.5 -5.375 
vt 9.1875 -4.75 
vt 5.5 -4.75 
vt 9.1875 -4.875 
vt 5.5 -4.875 
vt 6.125 -4.75 
vt 5.5 -4.75 
vt 6.125 -4.875 
vt 5.5 -4.875 
vt 9.1875 -4.75 
vt 5.5 -4.75 
vt 9.1875 -5.375 
vt 5.5 -5.375 
vt 9.1875 -4.75 
vt 5.5 -4.75 
vt 9.1875 -4.875 
vt 5.5 -4.875 

usemtl Part3Mtl

f 4221/4221/4221 4222/4222/4222 4223/4223/4223 
f 4223/4223/4223 4222/4222/4222 4224/4224/4224 
f 4225/4225/4225 4226/4226/4226 4227/4227/4227 
f 4227/4227/4227 4226/4226/4226 4228/4228/4228 
f 4229/4229/4229 4230/4230/4230 4231/4231/4231 
f 4231/4231/4231 4230/4230/4230 4232/4232/4232 
f 4233/4233/4233 4234/4234/4234 4235/4235/4235 
f 4235/4235/4235 4234/4234/4234 4236/4236/4236 
f 4237/4237/4237 4238/4238/4238 4239/4239/4239 
f 4239/4239/4239 4238/4238/4238 4240/4240/4240 
f 4241/4241/4241 4242/4242/4242 4243/4243/4243 
f 4243/4243/4243 4242/4242/4242 4244/4244/4244 

g Union21

v -56.5002 13.4316 13.5003 
v -56.5002 16.4369 19.0003 
v -56.5002 11.9424 15.5022 
v -56.5002 11.9424 15.5022 
v -61.0002 11.9424 15.5022 
v -56.5002 13.4316 13.5003 
v -61.0002 13.4316 13.5003 
v -56.5002 13.4316 13.5003 
v -61.0002 13.4316 13.5003 
v -56.5002 16.4369 13.5003 
v -61.0002 16.4369 13.5003 
v -61.0002 13.4316 13.5003 
v -61.0002 11.9424 15.5022 
v -61.0002 16.4369 13.5003 
v -61.0002 16.4369 19.0003 
v -56.5002 16.4369 19.0003 
v -56.5002 16.4369 13.5003 
v -61.0002 16.4369 19.0003 
v -61.0002 16.4369 13.5003 
v -56.5002 16.4369 13.5003 
v -61.0002 0.43685 19.0003 
v -61.0002 0.43685 13.5003 
v -56.5002 0.43685 19.0003 
v -56.5002 0.43685 13.5003 
v -56.5002 0.43685 19.0003 
v -56.5002 9.44347 19.0003 
v -61.0002 0.43685 19.0003 
v -56.5002 16.4369 19.0003 
v -61.0002 16.4369 19.0003 
v -61.0002 0.43685 19.0003 
v -56.5002 0.43685 13.5003 
v -61.0002 0.43685 13.5003 
v -56.5002 3.88454 13.5003 
v -61.0002 3.88454 13.5003 
v -56.5002 0.43685 13.5003 
v -56.5002 3.88454 13.5003 
v -56.5002 0.43685 19.0003 
v -56.5002 9.44347 19.0003 
v -41.5002 13.4316 13.5003 
v -41.5002 16.4365 19.0003 
v -41.5002 11.9424 15.5022 
v -41.5002 11.9424 15.5022 
v -46.0002 11.9424 15.5022 
v -41.5002 13.4316 13.5003 
v -46.0002 13.4316 13.5003 
v -46.0002 13.4316 13.5003 
v -46.0002 16.4365 13.5003 
v -41.5002 13.4316 13.5003 
v -41.5002 16.4365 13.5003 
v -46.0002 13.4316 13.5003 
v -46.0002 11.9424 15.5022 
v -46.0002 16.4365 13.5003 
v -46.0002 16.4365 19.0003 
v -41.5002 16.4365 19.0003 
v -41.5002 16.4365 13.5003 
v -46.0002 16.4365 19.0003 
v -46.0002 16.4365 13.5003 
v -41.5002 16.4365 13.5003 
v -46.0002 0.436544 19.0003 
v -46.0002 0.436544 13.5003 
v -41.5002 0.436544 19.0003 
v -41.5002 0.436544 13.5003 
v -41.5002 0.436544 19.0003 
v -41.5002 9.44347 19.0003 
v -46.0002 0.436544 19.0003 
v -41.5002 16.4365 19.0003 
v -46.0002 16.4365 19.0003 
v -46.0002 0.436544 19.0003 
v -46.0002 3.88454 13.5003 
v -41.5002 3.88454 13.5003 
v -46.0002 0.436544 13.5003 
v -41.5002 0.436544 13.5003 
v -41.5002 0.436544 13.5003 
v -41.5002 3.88454 13.5003 
v -41.5002 0.436544 19.0003 
v -41.5002 9.44347 19.0003 
v -41.5002 11.9365 15.5003 
v -46.0002 11.9365 15.5003 
v -41.5002 11.9365 15.4978 
v -46.0002 11.9365 15.4978 
v -46.0002 11.9365 15.5003 
v -41.5002 11.9365 15.5003 
v -46.0002 5.974 15.5003 
v -41.5002 5.974 15.5003 
v -61.0002 11.9365 15.5003 
v -56.5002 11.9365 15.5003 
v -61.0002 5.974 15.5003 
v -56.5002 5.974 15.5003 
v -56.5002 11.9365 15.5003 
v -61.0002 11.9365 15.5003 
v -56.5002 11.9365 15.4978 
v -61.0002 11.9365 15.4978 
v -56.5002 5.93653 15.5003 
v -61.0002 5.93653 15.5003 
v -56.5002 5.95272 15.5003 
v -61.0002 5.95272 15.5003 
v -61.0002 5.93653 15.5003 
v -56.5002 5.93653 15.5003 
v -61.0002 5.93653 15.4846 
v -56.5002 5.93653 15.4846 
v -41.5002 5.93653 15.5003 
v -46.0002 5.93653 15.5003 
v -41.5002 5.95272 15.5003 
v -46.0002 5.95272 15.5003 
v -46.0002 5.93653 15.5003 
v -41.5002 5.93653 15.5003 
v -46.0002 5.93653 15.4846 
v -41.5002 5.93653 15.4846 
v -41.5002 5.974 15.5003 
v -41.5002 5.96372 15.5109 
v -46.0002 5.974 15.5003 
v -46.0002 5.96372 15.5109 
v -46.0002 5.96372 15.5109 
v -41.5002 5.96372 15.5109 
v -46.0002 5.95272 15.5003 
v -41.5002 5.95272 15.5003 
v -61.0002 5.96372 15.5109 
v -56.5002 5.96372 15.5109 
v -61.0002 5.95272 15.5003 
v -56.5002 5.95272 15.5003 
v -56.5002 5.974 15.5003 
v -56.5002 5.96372 15.5109 
v -61.0002 5.974 15.5003 
v -61.0002 5.96372 15.5109 
v -61.0002 5.95272 15.5003 
v -61.0002 5.93653 15.5003 
v -61.0002 5.96372 15.5109 
v -56.5002 5.93653 15.5003 
v -56.5002 5.96372 15.5109 
v -56.5002 5.95272 15.5003 
v -46.0002 5.96372 15.5109 
v -46.0002 5.93653 15.5003 
v -46.0002 5.95272 15.5003 
v -41.5002 5.93653 15.5003 
v -41.5002 5.96372 15.5109 
v -41.5002 5.95272 15.5003 
v -41.5002 11.9365 15.5003 
v -41.5002 11.9365 15.4978 
v -41.5002 11.9365 15.4978 
v -46.0002 11.9365 15.4978 
v -41.5002 11.9424 15.5022 
v -46.0002 11.9424 15.5022 
v -56.5002 11.9424 15.5022 
v -56.5002 11.9365 15.4978 
v -61.0002 11.9424 15.5022 
v -61.0002 11.9365 15.4978 
v -46.0002 5.93653 15.4846 
v -41.5002 5.93653 15.4846 
v -46.0002 3.88454 13.5003 
v -41.5002 5.93257 15.4808 
v -41.5002 3.88454 13.5003 
v -61.0002 5.93653 15.4846 
v -56.5002 5.93653 15.4846 
v -61.0002 3.88454 13.5003 
v -56.5002 5.93257 15.4808 
v -56.5002 3.88454 13.5003 
v -61.0002 5.93653 15.4846 
v -61.0002 3.88454 13.5003 
v -56.5002 5.93653 15.4846 
v -56.5002 5.93257 15.4808 
v -46.0002 5.93653 15.4846 
v -46.0002 3.88454 13.5003 
v -41.5002 5.93653 15.4846 
v -41.5002 5.93257 15.4808 
v -56.5002 5.974 15.5003 
v -56.5002 11.9365 15.5003 
v -46.0002 5.974 15.5003 
v -61.0002 5.974 15.5003 
v -46.0002 11.9365 15.5003 
v -46.0002 11.9365 15.4978 
v -56.5002 11.9365 15.4978 
v -61.0002 11.9365 15.5003 
v -61.0002 11.9365 15.4978 
v -41.5002 5.974 15.5003 
v -61.0002 0.43685 13.5003 
v -46.0002 0.436544 13.5003 

vn 1 0 0 
vn 1 0 0 
vn 1 0 0 
vn 0 -0.80315 -0.598425 
vn 0 -0.80315 -0.598425 
vn 0 -0.80315 -0.598425 
vn 0 -0.80315 -0.598425 
vn 0 0 -1 
vn 0 0 -1 
vn 0 0 -1 
vn 0 0 -1 
vn -1 0 0 
vn -1 0 0 
vn -1 0 0 
vn -1 0 0 
vn 0 1 0 
vn 0 1 0 
vn 0 1 0 
vn 0 1 0 
vn 1 0 0 
vn 0 -1 0 
vn 0 -1 0 
vn 0 -1 0 
vn 0 -1 0 
vn 0 0 1 
vn 0 0 1 
vn 0 0 1 
vn 0 0 1 
vn 0 0 1 
vn -1 0 0 
vn 0 0 -1 
vn 0 0 -1 
vn 0 0 -1 
vn 0 0 -1 
vn 1 0 0 
vn 1 0 0 
vn 1 0 0 
vn 1 0 0 
vn 1 0 0 
vn 1 0 0 
vn 1 0 0 
vn 0 -0.80315 -0.598425 
vn 0 -0.80315 -0.598425 
vn 0 -0.80315 -0.598425 
vn 0 -0.80315 -0.598425 
vn 0 0 -1 
vn 0 0 -1 
vn 0 0 -1 
vn 0 0 -1 
vn -1 0 0 
vn -1 0 0 
vn -1 0 0 
vn -1 0 0 
vn 0 1 0 
vn 0 1 0 
vn 0 1 0 
vn 0 1 0 
vn 1 0 0 
vn 0 -1 0 
vn 0 -1 0 
vn 0 -1 0 
vn 0 -1 0 
vn 0 0 1 
vn 0 0 1 
vn 0 0 1 
vn 0 0 1 
vn 0 0 1 
vn -1 0 0 
vn 0 0 -1 
vn 0 0 -1 
vn 0 0 -1 
vn 0 0 -1 
vn 1 0 0 
vn 1 0 0 
vn 1 0 0 
vn 1 0 0 
vn 0 -1 0 
vn 0 -1 0 
vn 0 -1 0 
vn 0 -1 0 
vn 0 0 -1 
vn 0 0 -1 
vn 0 0 -1 
vn 0 0 -1 
vn 0 0 -1 
vn 0 0 -1 
vn 0 0 -1 
vn 0 0 -1 
vn 0 -1 0 
vn 0 -1 0 
vn 0 -1 0 
vn 0 -1 0 
vn 0 0 -1 
vn 0 0 -1 
vn 0 0 -1 
vn 0 0 -1 
vn 0 1 0 
vn 0 1 0 
vn 0 1 0 
vn 0 1 0 
vn 0 0 -1 
vn 0 0 -1 
vn 0 0 -1 
vn 0 0 -1 
vn 0 1 0 
vn 0 1 0 
vn 0 1 0 
vn 0 1 0 
vn 0 -0.716535 -0.692913 
vn 0 -0.716535 -0.692913 
vn 0 -0.716535 -0.692913 
vn 0 -0.716535 -0.692913 
vn 0 0.692913 -0.716535 
vn 0 0.692913 -0.716535 
vn 0 0.692913 -0.716535 
vn 0 0.692913 -0.716535 
vn 0 0.692913 -0.716535 
vn 0 0.692913 -0.716535 
vn 0 0.692913 -0.716535 
vn 0 0.692913 -0.716535 
vn 0 -0.716535 -0.692913 
vn 0 -0.716535 -0.692913 
vn 0 -0.716535 -0.692913 
vn 0 -0.716535 -0.692913 
vn -1 0 0 
vn -1 0 0 
vn -1 0 0 
vn 1 0 0 
vn 1 0 0 
vn 1 0 0 
vn -1 0 0 
vn -1 0 0 
vn -1 0 0 
vn 1 0 0 
vn 1 0 0 
vn 1 0 0 
vn 1 0 0 
vn 1 0 0 
vn 0 0.598425 -0.80315 
vn 0 0.598425 -0.80315 
vn 0 0.598425 -0.80315 
vn 0 0.598425 -0.80315 
vn 0 0.598425 -0.80315 
vn 0 0.598425 -0.80315 
vn 0 0.598425 -0.80315 
vn 0 0.598425 -0.80315 
vn 0 0.692913 -0.716535 
vn 0 0.692913 -0.716535 
vn 0 0.692913 -0.716535 
vn 0 0.692913 -0.716535 
vn 0 0.692913 -0.716535 
vn 0 0.692913 -0.716535 
vn 0 0.692913 -0.716535 
vn 0 0.692913 -0.716535 
vn 0 0.692913 -0.716535 
vn 0 0.692913 -0.716535 
vn -1 0 0 
vn -1 0 0 
vn 1 0 0 
vn 1 0 0 
vn -1 0 0 
vn -1 0 0 
vn 1 0 0 
vn 1 0 0 
vn 1 0 0 
vn 1 0 0 
vn -1 0 0 
vn -1 0 0 
vn -1 0 0 
vn -1 0 0 
vn 1 0 0 
vn -1 0 0 
vn -1 0 0 
vn 1 0 0 
vn -1 0 0 
vn -1 0 0 

vt 28.3438 1.62437 
vt 27.6562 2.00002 
vt 28.0935 1.43821 
vt 28.6562 1.09351 
vt 29.2188 1.09351 
vt 28.6562 1.34375 
vt 29.2188 1.34375 
vt 28.6562 1.62437 
vt 29.2188 1.62437 
vt 28.6562 2.00002 
vt 29.2188 2.00002 
vt 27.6562 1.62437 
vt 27.9065 1.43821 
vt 27.6562 2.00002 
vt 28.3438 2.00002 
vt 27.3438 0.65625 
vt 27.3438 1.34375 
vt 26.7812 0.65625 
vt 26.7812 1.34375 
vt 28.3438 2.00002 
vt 29.2188 0.65625 
vt 29.2188 1.34375 
vt 28.6562 0.65625 
vt 28.6562 1.34375 
vt 27.3438 1.89543e-05 
vt 27.3438 1.12585 
vt 26.7812 1.89543e-05 
vt 27.3438 2.00002 
vt 26.7812 2.00002 
vt 28.3438 1.89543e-05 
vt 28.6562 1.89543e-05 
vt 29.2188 1.89543e-05 
vt 28.6562 0.430981 
vt 29.2188 0.430981 
vt 28.3438 1.89543e-05 
vt 28.3438 0.430981 
vt 27.6562 1.89543e-05 
vt 27.6562 1.12585 
vt 28.3438 1.62437 
vt 27.6562 1.99998 
vt 28.0935 1.43821 
vt 26.7812 1.09351 
vt 27.3438 1.09351 
vt 26.7812 1.34375 
vt 27.3438 1.34375 
vt 27.3438 1.62437 
vt 27.3438 1.99998 
vt 26.7812 1.62437 
vt 26.7812 1.99998 
vt 27.6562 1.62437 
vt 27.9065 1.43821 
vt 27.6562 1.99998 
vt 28.3438 1.99998 
vt 29.2188 0.65625 
vt 29.2188 1.34375 
vt 28.6562 0.65625 
vt 28.6562 1.34375 
vt 28.3438 1.99998 
vt 27.3438 0.65625 
vt 27.3438 1.34375 
vt 26.7812 0.65625 
vt 26.7812 1.34375 
vt 29.2188 -1.91927e-05 
vt 29.2188 1.12585 
vt 28.6562 -1.91927e-05 
vt 29.2188 1.99998 
vt 28.6562 1.99998 
vt 28.3438 -1.91927e-05 
vt 27.3438 0.430981 
vt 26.7812 0.430981 
vt 27.3438 -1.91927e-05 
vt 26.7812 -1.91927e-05 
vt 28.3438 -1.91927e-05 
vt 28.3438 0.430981 
vt 27.6562 -1.91927e-05 
vt 27.6562 1.12585 
vt 26.7812 1.09375 
vt 27.3438 1.09375 
vt 26.7812 1.09405 
vt 27.3438 1.09405 
vt 27.3438 1.43748 
vt 26.7812 1.43748 
vt 27.3438 0.692163 
vt 26.7812 0.692163 
vt 29.2188 1.43748 
vt 28.6562 1.43748 
vt 29.2188 0.692163 
vt 28.6562 0.692163 
vt 28.6562 1.09375 
vt 29.2188 1.09375 
vt 28.6562 1.09405 
vt 29.2188 1.09405 
vt 28.6562 0.687479 
vt 29.2188 0.687479 
vt 28.6562 0.689502 
vt 29.2188 0.689502 
vt 26.7812 1.09375 
vt 27.3438 1.09375 
vt 26.7812 1.09571 
vt 27.3438 1.09571 
vt 26.7812 0.687479 
vt 27.3438 0.687479 
vt 26.7812 0.689502 
vt 27.3438 0.689502 
vt 28.6562 1.09375 
vt 29.2188 1.09375 
vt 28.6562 1.09571 
vt 29.2188 1.09571 
vt 26.7812 1.09375 
vt 26.7812 1.09242 
vt 27.3438 1.09375 
vt 27.3438 1.09242 
vt 27.3438 0.690877 
vt 26.7812 0.690877 
vt 27.3438 0.689502 
vt 26.7812 0.689502 
vt 29.2188 0.690877 
vt 28.6562 0.690877 
vt 29.2188 0.689502 
vt 28.6562 0.689502 
vt 28.6562 1.09375 
vt 28.6562 1.09242 
vt 29.2188 1.09375 
vt 29.2188 1.09242 
vt 27.9062 0.689502 
vt 27.9062 0.687479 
vt 27.9076 0.690877 
vt 28.0938 0.687479 
vt 28.0924 0.690877 
vt 28.0938 0.689502 
vt 27.9076 0.690877 
vt 27.9062 0.687479 
vt 27.9062 0.689502 
vt 28.0938 0.687479 
vt 28.0924 0.690877 
vt 28.0938 0.689502 
vt 28.0938 1.43748 
vt 28.0941 1.43748 
vt 26.7812 1.43748 
vt 27.3438 1.43748 
vt 26.7812 1.43821 
vt 27.3438 1.43821 
vt 28.6562 1.43821 
vt 28.6562 1.43748 
vt 29.2188 1.43821 
vt 29.2188 1.43748 
vt 27.3438 0.687479 
vt 26.7812 0.687479 
vt 27.3438 0.430981 
vt 26.7812 0.686984 
vt 26.7812 0.430981 
vt 29.2188 0.687479 
vt 28.6562 0.687479 
vt 29.2188 0.430981 
vt 28.6562 0.686984 
vt 28.6562 0.430981 
vt 27.9043 0.687479 
vt 27.6562 0.430981 
vt 28.0957 0.687479 
vt 28.0962 0.686984 
vt 27.9043 0.687479 
vt 27.6562 0.430981 
vt 28.0957 0.687479 
vt 28.0962 0.686984 
vt 28.0938 0.692163 
vt 28.0938 1.43748 
vt 27.9062 0.692163 
vt 27.9062 0.692163 
vt 27.9062 1.43748 
vt 27.9059 1.43748 
vt 28.0941 1.43748 
vt 27.9062 1.43748 
vt 27.9059 1.43748 
vt 28.0938 0.692163 
vt 27.6562 1.89543e-05 
vt 27.6562 -1.91927e-05 

usemtl Part3Mtl

f 4245/4245/4245 4246/4246/4246 4247/4247/4247 
f 4248/4248/4248 4249/4249/4249 4250/4250/4250 
f 4249/4249/4249 4251/4251/4251 4250/4250/4250 
f 4252/4252/4252 4253/4253/4253 4254/4254/4254 
f 4253/4253/4253 4255/4255/4255 4254/4254/4254 
f 4256/4256/4256 4257/4257/4257 4258/4258/4258 
f 4257/4257/4257 4259/4259/4259 4258/4258/4258 
f 4260/4260/4260 4261/4261/4261 4262/4262/4262 
f 4261/4261/4261 4263/4263/4263 4262/4262/4262 
f 4245/4245/4245 4264/4264/4264 4246/4246/4246 
f 4265/4265/4265 4266/4266/4266 4267/4267/4267 
f 4266/4266/4266 4268/4268/4268 4267/4267/4267 
f 4269/4269/4269 4270/4270/4270 4271/4271/4271 
f 4270/4270/4270 4272/4272/4272 4271/4271/4271 
f 4273/4273/4273 4271/4271/4271 4272/4272/4272 
f 4257/4257/4257 4274/4274/4274 4259/4259/4259 
f 4275/4275/4275 4276/4276/4276 4277/4277/4277 
f 4276/4276/4276 4278/4278/4278 4277/4277/4277 
f 4279/4279/4279 4280/4280/4280 4281/4281/4281 
f 4246/4246/4246 4282/4282/4282 4281/4281/4281 
f 4283/4283/4283 4284/4284/4284 4285/4285/4285 
f 4286/4286/4286 4287/4287/4287 4288/4288/4288 
f 4287/4287/4287 4289/4289/4289 4288/4288/4288 
f 4290/4290/4290 4291/4291/4291 4292/4292/4292 
f 4293/4293/4293 4292/4292/4292 4291/4291/4291 
f 4294/4294/4294 4295/4295/4295 4296/4296/4296 
f 4295/4295/4295 4297/4297/4297 4296/4296/4296 
f 4298/4298/4298 4299/4299/4299 4300/4300/4300 
f 4299/4299/4299 4301/4301/4301 4300/4300/4300 
f 4283/4283/4283 4302/4302/4302 4284/4284/4284 
f 4303/4303/4303 4304/4304/4304 4305/4305/4305 
f 4304/4304/4304 4306/4306/4306 4305/4305/4305 
f 4307/4307/4307 4308/4308/4308 4309/4309/4309 
f 4308/4308/4308 4310/4310/4310 4309/4309/4309 
f 4311/4311/4311 4309/4309/4309 4310/4310/4310 
f 4295/4295/4295 4312/4312/4312 4297/4297/4297 
f 4313/4313/4313 4314/4314/4314 4315/4315/4315 
f 4314/4314/4314 4316/4316/4316 4315/4315/4315 
f 4317/4317/4317 4318/4318/4318 4319/4319/4319 
f 4284/4284/4284 4320/4320/4320 4319/4319/4319 
f 4321/4321/4321 4322/4322/4322 4323/4323/4323 
f 4322/4322/4322 4324/4324/4324 4323/4323/4323 
f 4325/4325/4325 4326/4326/4326 4327/4327/4327 
f 4326/4326/4326 4328/4328/4328 4327/4327/4327 
f 4329/4329/4329 4330/4330/4330 4331/4331/4331 
f 4330/4330/4330 4332/4332/4332 4331/4331/4331 
f 4333/4333/4333 4334/4334/4334 4335/4335/4335 
f 4334/4334/4334 4336/4336/4336 4335/4335/4335 
f 4337/4337/4337 4338/4338/4338 4339/4339/4339 
f 4338/4338/4338 4340/4340/4340 4339/4339/4339 
f 4341/4341/4341 4342/4342/4342 4343/4343/4343 
f 4342/4342/4342 4344/4344/4344 4343/4343/4343 
f 4345/4345/4345 4346/4346/4346 4347/4347/4347 
f 4346/4346/4346 4348/4348/4348 4347/4347/4347 
f 4349/4349/4349 4350/4350/4350 4351/4351/4351 
f 4350/4350/4350 4352/4352/4352 4351/4351/4351 
f 4353/4353/4353 4354/4354/4354 4355/4355/4355 
f 4354/4354/4354 4356/4356/4356 4355/4355/4355 
f 4357/4357/4357 4358/4358/4358 4359/4359/4359 
f 4358/4358/4358 4360/4360/4360 4359/4359/4359 
f 4361/4361/4361 4362/4362/4362 4363/4363/4363 
f 4362/4362/4362 4364/4364/4364 4363/4363/4363 
f 4365/4365/4365 4366/4366/4366 4367/4367/4367 
f 4366/4366/4366 4368/4368/4368 4367/4367/4367 
f 4369/4369/4369 4370/4370/4370 4371/4371/4371 
f 4370/4370/4370 4274/4274/4274 4371/4371/4371 
f 4274/4274/4274 4257/4257/4257 4371/4371/4371 
f 4372/4372/4372 4373/4373/4373 4281/4281/4281 
f 4374/4374/4374 4373/4373/4373 4372/4372/4372 
f 4312/4312/4312 4375/4375/4375 4376/4376/4376 
f 4377/4377/4377 4376/4376/4376 4375/4375/4375 
f 4378/4378/4378 4379/4379/4379 4319/4319/4319 
f 4380/4380/4380 4379/4379/4379 4378/4378/4378 
f 4381/4381/4381 4382/4382/4382 4285/4285/4285 
f 4383/4383/4383 4384/4384/4384 4385/4385/4385 
f 4384/4384/4384 4386/4386/4386 4385/4385/4385 
f 4387/4387/4387 4388/4388/4388 4389/4389/4389 
f 4388/4388/4388 4390/4390/4390 4389/4389/4389 
f 4391/4391/4391 4392/4392/4392 4393/4393/4393 
f 4392/4392/4392 4394/4394/4394 4393/4393/4393 
f 4394/4394/4394 4395/4395/4395 4393/4393/4393 
f 4396/4396/4396 4397/4397/4397 4398/4398/4398 
f 4397/4397/4397 4399/4399/4399 4398/4398/4398 
f 4399/4399/4399 4400/4400/4400 4398/4398/4398 
f 4401/4401/4401 4402/4402/4402 4370/4370/4370 
f 4372/4372/4372 4281/4281/4281 4403/4403/4403 
f 4281/4281/4281 4404/4404/4404 4403/4403/4403 
f 4405/4405/4405 4406/4406/4406 4376/4376/4376 
f 4378/4378/4378 4319/4319/4319 4407/4407/4407 
f 4319/4319/4319 4408/4408/4408 4407/4407/4407 
f 4409/4409/4409 4410/4410/4410 4373/4373/4373 
f 4410/4410/4410 4246/4246/4246 4373/4373/4373 
f 4246/4246/4246 4281/4281/4281 4373/4373/4373 
f 4411/4411/4411 4375/4375/4375 4295/4295/4295 
f 4375/4375/4375 4312/4312/4312 4295/4295/4295 
f 4257/4257/4257 4412/4412/4412 4371/4371/4371 
f 4411/4411/4411 4295/4295/4295 4413/4413/4413 
f 4295/4295/4295 4414/4414/4414 4413/4413/4413 
f 4415/4415/4415 4247/4247/4247 4410/4410/4410 
f 4247/4247/4247 4246/4246/4246 4410/4410/4410 
f 4412/4412/4412 4257/4257/4257 4416/4416/4416 
f 4257/4257/4257 4417/4417/4417 4416/4416/4416 
f 4284/4284/4284 4319/4319/4319 4285/4285/4285 
f 4319/4319/4319 4379/4379/4379 4285/4285/4285 
f 4379/4379/4379 4418/4418/4418 4285/4285/4285 
f 4418/4418/4418 4381/4381/4381 4285/4285/4285 
f 4370/4370/4370 4402/4402/4402 4274/4274/4274 
f 4402/4402/4402 4419/4419/4419 4274/4274/4274 
f 4281/4281/4281 4280/4280/4280 4404/4404/4404 
f 4376/4376/4376 4406/4406/4406 4312/4312/4312 
f 4406/4406/4406 4420/4420/4420 4312/4312/4312 
f 4319/4319/4319 4318/4318/4318 4408/4408/4408 

g Union22

v -66 5.96417 16.0106 
v -36.5 5.96417 16.0106 
v -66 5.95316 16 
v -36.5 5.95316 16 
v -66 5.93698 16 
v -66 5.95316 16 
v -36.5 5.93698 16 
v -36.5 5.95316 16 
v -36.5 5.93698 16 
v -36.5 5.93698 15.9843 
v -66 5.93698 16 
v -66 5.93698 15.9843 
v -36.5 3.88501 14 
v -36.5 5.93698 15.9843 
v -36.5 5.93698 16 
v -36.5 1.93668 14 
v -36.5 1.93668 19 
v -66 1.93668 19 
v -66 1.93668 14 
v -36.5 1.93668 19 
v -36.5 1.93668 14 
v -36.5 3.88501 14 
v -36.5 1.93668 14 
v -66 3.88501 14 
v -66 1.93668 14 
v -36.5 5.93698 15.9843 
v -36.5 3.88501 14 
v -66 5.93698 15.9843 
v -66 3.88501 14 
v -66 5.93698 15.9843 
v -66 3.88501 14 
v -66 5.93698 16 
v -66 1.93668 19 
v -66 1.93668 14 
v -36.5 15.4367 19 
v -36.5 15.4367 14 
v -66 15.4367 19 
v -66 15.4367 14 
v -66 5.93302 19 
v -66 5.96417 16.0106 
v -66 5.95316 16 
v -66 5.97445 16 
v -66 5.97445 16 
v -66 11.937 16 
v -36.5 5.97445 16 
v -36.5 11.937 16 
v -36.5 5.96417 16.0106 
v -66 5.96417 16.0106 
v -36.5 5.97445 16 
v -66 5.97445 16 
v -36.5 5.96417 16.0106 
v -36.5 5.95316 16 
v -36.5 15.4367 19 
v -36.5 5.97445 16 
v -36.5 1.93668 19 
v -36.5 15.4367 19 
v -66 1.93668 19 
v -66 15.4367 19 
v -66 5.93302 19 
v -66 9.44392 19 
v -36.5 11.9429 16.0019 
v -66 11.9429 16.0019 
v -36.5 13.4321 14 
v -66 13.4321 14 
v -66 11.9429 16.0019 
v -36.5 11.9429 16.0019 
v -66 11.937 15.9976 
v -36.5 11.937 15.9976 
v -36.5 11.937 16 
v -36.5 11.9429 16.0019 
v -66 11.937 16 
v -66 11.9429 16.0019 
v -66 11.937 15.9976 
v -66 11.937 16 
v -66 11.937 15.9976 
v -36.5 11.937 16 
v -36.5 11.937 15.9976 
v -36.5 11.937 15.9976 
v -66 15.4367 14 
v -36.5 15.4367 14 
v -66 13.4321 14 
v -36.5 13.4321 14 
v -36.5 13.4321 14 
v -36.5 15.4367 14 
v -66 13.4321 14 
v -66 15.4367 14 
v -66 15.4367 19 
v -66 9.44392 19 

vn 0 0.692913 -0.716535 
vn 0 0.692913 -0.716535 
vn 0 0.692913 -0.716535 
vn 0 0.692913 -0.716535 
vn 0 0 -1 
vn 0 0 -1 
vn 0 0 -1 
vn 0 0 -1 
vn 0 1 0 
vn 0 1 0 
vn 0 1 0 
vn 0 1 0 
vn 1 0 0 
vn 1 0 0 
vn 1 0 0 
vn 1 0 0 
vn 1 0 0 
vn 0 -1 0 
vn 0 -1 0 
vn 0 -1 0 
vn 0 -1 0 
vn 0 0 -1 
vn 0 0 -1 
vn 0 0 -1 
vn 0 0 -1 
vn 0 0.692913 -0.716535 
vn 0 0.692913 -0.716535 
vn 0 0.692913 -0.716535 
vn 0 0.692913 -0.716535 
vn -1 0 0 
vn -1 0 0 
vn -1 0 0 
vn -1 0 0 
vn -1 0 0 
vn 0 1 0 
vn 0 1 0 
vn 0 1 0 
vn 0 1 0 
vn -1 0 0 
vn -1 0 0 
vn -1 0 0 
vn -1 0 0 
vn 0 0 -1 
vn 0 0 -1 
vn 0 0 -1 
vn 0 0 -1 
vn 0 -0.716535 -0.692913 
vn 0 -0.716535 -0.692913 
vn 0 -0.716535 -0.692913 
vn 0 -0.716535 -0.692913 
vn 1 0 0 
vn 1 0 0 
vn 1 0 0 
vn 1 0 0 
vn 0 0 1 
vn 0 0 1 
vn 0 0 1 
vn 0 0 1 
vn 0 0 1 
vn 0 0 1 
vn 0 -0.80315 -0.598425 
vn 0 -0.80315 -0.598425 
vn 0 -0.80315 -0.598425 
vn 0 -0.80315 -0.598425 
vn 0 0.598425 -0.80315 
vn 0 0.598425 -0.80315 
vn 0 0.598425 -0.80315 
vn 0 0.598425 -0.80315 
vn 1 0 0 
vn 1 0 0 
vn -1 0 0 
vn -1 0 0 
vn -1 0 0 
vn 0 -1 0 
vn 0 -1 0 
vn 0 -1 0 
vn 0 -1 0 
vn 1 0 0 
vn 0 0 -1 
vn 0 0 -1 
vn 0 0 -1 
vn 0 0 -1 
vn 1 0 0 
vn 1 0 0 
vn -1 0 0 
vn -1 0 0 
vn -1 0 0 
vn -1 0 0 

vt 17.8438 -15.3096 
vt 14.1562 -15.3096 
vt 17.8438 -15.3115 
vt 14.1562 -15.3115 
vt 17.8438 -15.3131 
vt 17.8438 -15.3115 
vt 14.1562 -15.3131 
vt 14.1562 -15.3115 
vt 17.8438 -15.155 
vt 17.8438 -15.1534 
vt 14.1562 -15.155 
vt 14.1562 -15.1534 
vt 15.8925 -15.6681 
vt 15.8466 -15.3142 
vt 15.845 -15.3131 
vt 15.7471 -15.8635 
vt 15.2457 -15.4905 
vt 17.8438 -15.7543 
vt 17.8438 -15.2529 
vt 14.1562 -15.7543 
vt 14.1562 -15.2529 
vt 14.1562 -15.6681 
vt 14.1562 -15.8635 
vt 17.8438 -15.6681 
vt 17.8438 -15.8635 
vt 14.1562 -15.3142 
vt 14.1562 -15.6681 
vt 17.8438 -15.3142 
vt 17.8438 -15.6681 
vt 16.1534 -15.3142 
vt 16.1075 -15.6681 
vt 16.155 -15.3131 
vt 16.7543 -15.4905 
vt 16.2529 -15.8635 
vt 17.8438 -14.7471 
vt 17.8438 -14.2457 
vt 14.1562 -14.7471 
vt 14.1562 -14.2457 
vt 16.4562 -15.0897 
vt 16.154 -15.3096 
vt 16.1538 -15.3115 
vt 16.1522 -15.3093 
vt 17.8438 -15.3093 
vt 17.8438 -14.7113 
vt 14.1562 -15.3093 
vt 14.1562 -14.7113 
vt 14.1562 -15.154 
vt 17.8438 -15.154 
vt 14.1562 -15.1522 
vt 17.8438 -15.1522 
vt 15.846 -15.3096 
vt 15.8462 -15.3115 
vt 16.2529 -14.1365 
vt 15.8478 -15.3093 
vt 17.8438 -15.4905 
vt 17.8438 -14.1365 
vt 14.1562 -15.4905 
vt 14.1562 -14.1365 
vt 14.1562 -15.0897 
vt 14.1562 -14.7375 
vt 14.1562 -14.7071 
vt 17.8438 -14.7071 
vt 14.1562 -14.3952 
vt 17.8438 -14.3952 
vt 17.8438 -14.7106 
vt 14.1562 -14.7106 
vt 17.8438 -14.7115 
vt 14.1562 -14.7115 
vt 16.2926 -14.7113 
vt 16.2929 -14.7106 
vt 15.7074 -14.7113 
vt 15.7071 -14.7106 
vt 15.7071 -14.7115 
vt 17.8438 -14.7074 
vt 17.8438 -14.7071 
vt 14.1562 -14.7074 
vt 14.1562 -14.7071 
vt 16.2929 -14.7115 
vt 17.8438 -14.5095 
vt 14.1562 -14.5095 
vt 17.8438 -14.7106 
vt 14.1562 -14.7106 
vt 16.6048 -14.7106 
vt 16.7543 -14.5095 
vt 15.3952 -14.7106 
vt 15.2457 -14.5095 
vt 15.7471 -14.1365 
vt 16.1942 -14.7375 

usemtl Union3Mtl

f 4421/4421/4421 4422/4422/4422 4423/4423/4423 
f 4422/4422/4422 4424/4424/4424 4423/4423/4423 
f 4425/4425/4425 4426/4426/4426 4427/4427/4427 
f 4426/4426/4426 4428/4428/4428 4427/4427/4427 
f 4429/4429/4429 4430/4430/4430 4431/4431/4431 
f 4430/4430/4430 4432/4432/4432 4431/4431/4431 
f 4433/4433/4433 4434/4434/4434 4435/4435/4435 
f 4436/4436/4436 4433/4433/4433 4437/4437/4437 
f 4433/4433/4433 4435/4435/4435 4437/4437/4437 
f 4438/4438/4438 4439/4439/4439 4440/4440/4440 
f 4439/4439/4439 4441/4441/4441 4440/4440/4440 
f 4442/4442/4442 4443/4443/4443 4444/4444/4444 
f 4443/4443/4443 4445/4445/4445 4444/4444/4444 
f 4446/4446/4446 4447/4447/4447 4448/4448/4448 
f 4447/4447/4447 4449/4449/4449 4448/4448/4448 
f 4450/4450/4450 4451/4451/4451 4452/4452/4452 
f 4451/4451/4451 4453/4453/4453 4452/4452/4452 
f 4451/4451/4451 4454/4454/4454 4453/4453/4453 
f 4455/4455/4455 4456/4456/4456 4457/4457/4457 
f 4456/4456/4456 4458/4458/4458 4457/4457/4457 
f 4459/4459/4459 4460/4460/4460 4453/4453/4453 
f 4460/4460/4460 4452/4452/4452 4453/4453/4453 
f 4461/4461/4461 4452/4452/4452 4460/4460/4460 
f 4460/4460/4460 4459/4459/4459 4462/4462/4462 
f 4463/4463/4463 4464/4464/4464 4465/4465/4465 
f 4464/4464/4464 4466/4466/4466 4465/4465/4465 
f 4467/4467/4467 4468/4468/4468 4469/4469/4469 
f 4468/4468/4468 4470/4470/4470 4469/4469/4469 
f 4471/4471/4471 4437/4437/4437 4472/4472/4472 
f 4437/4437/4437 4435/4435/4435 4472/4472/4472 
f 4471/4471/4471 4473/4473/4473 4437/4437/4437 
f 4474/4474/4474 4473/4473/4473 4471/4471/4471 
f 4475/4475/4475 4476/4476/4476 4477/4477/4477 
f 4478/4478/4478 4477/4477/4477 4476/4476/4476 
f 4478/4478/4478 4479/4479/4479 4477/4477/4477 
f 4480/4480/4480 4479/4479/4479 4478/4478/4478 
f 4481/4481/4481 4482/4482/4482 4483/4483/4483 
f 4482/4482/4482 4484/4484/4484 4483/4483/4483 
f 4485/4485/4485 4486/4486/4486 4487/4487/4487 
f 4486/4486/4486 4488/4488/4488 4487/4487/4487 
f 4474/4474/4474 4489/4489/4489 4490/4490/4490 
f 4462/4462/4462 4459/4459/4459 4491/4491/4491 
f 4459/4459/4459 4492/4492/4492 4491/4491/4491 
f 4492/4492/4492 4493/4493/4493 4491/4491/4491 
f 4494/4494/4494 4495/4495/4495 4496/4496/4496 
f 4495/4495/4495 4497/4497/4497 4496/4496/4496 
f 4498/4498/4498 4490/4490/4490 4489/4489/4489 
f 4499/4499/4499 4500/4500/4500 4501/4501/4501 
f 4500/4500/4500 4502/4502/4502 4501/4501/4501 
f 4503/4503/4503 4504/4504/4504 4490/4490/4490 
f 4505/4505/4505 4492/4492/4492 4506/4506/4506 
f 4492/4492/4492 4507/4507/4507 4506/4506/4506 
f 4504/4504/4504 4473/4473/4473 4490/4490/4490 
f 4473/4473/4473 4474/4474/4474 4490/4490/4490 
f 4459/4459/4459 4508/4508/4508 4492/4492/4492 
f 4508/4508/4508 4507/4507/4507 4492/4492/4492 

g Ceiling4

v -7 17.9367 -10 
v -7 17.9367 19 
v -7 16.4367 -10 
v -7 16.4367 19 
v -65.5 17.9367 19 
v -7 17.9367 19 
v -65.5 17.9367 -10 
v -7 17.9367 -10 
v -7 17.9367 19 
v -65.5 17.9367 19 
v -7 16.4367 19 
v -65.5 16.4367 19 
v -65.5 17.9367 19 
v -65.5 17.9367 -10 
v -65.5 16.4367 19 
v -65.5 16.4367 -10 
v -65.5 16.4367 -10 
v -7 16.4367 -10 
v -65.5 16.4367 19 
v -7 16.4367 19 
v -65.5 17.9367 -10 
v -7 17.9367 -10 
v -65.5 16.4367 -10 
v -7 16.4367 -10 

vn 1 0 0 
vn 1 0 0 
vn 1 0 0 
vn 1 0 0 
vn 0 1 0 
vn 0 1 0 
vn 0 1 0 
vn 0 1 0 
vn 0 0 1 
vn 0 0 1 
vn 0 0 1 
vn 0 0 1 
vn -1 0 0 
vn -1 0 0 
vn -1 0 0 
vn -1 0 0 
vn 0 -1 0 
vn 0 -1 0 
vn 0 -1 0 
vn 0 -1 0 
vn 0 0 -1 
vn 0 0 -1 
vn 0 0 -1 
vn 0 0 -1 

vt 0.302441 2.6988 
vt -3.32256 2.6988 
vt 0.302441 2.5113 
vt -3.32256 2.5113 
vt 3.98994 2.6988 
vt -3.32256 2.6988 
vt 3.98994 -0.926201 
vt -3.32256 -0.926201 
vt 3.98994 2.6988 
vt -3.32256 2.6988 
vt 3.98994 2.5113 
vt -3.32256 2.5113 
vt 0.302441 2.6988 
vt -3.32256 2.6988 
vt 0.302441 2.5113 
vt -3.32256 2.5113 
vt 3.98994 2.6988 
vt -3.32256 2.6988 
vt 3.98994 -0.926201 
vt -3.32256 -0.926201 
vt 3.98994 2.6988 
vt -3.32256 2.6988 
vt 3.98994 2.5113 
vt -3.32256 2.5113 

usemtl Ceiling1Mtl

f 4509/4509/4509 4510/4510/4510 4511/4511/4511 
f 4511/4511/4511 4510/4510/4510 4512/4512/4512 
f 4513/4513/4513 4514/4514/4514 4515/4515/4515 
f 4515/4515/4515 4514/4514/4514 4516/4516/4516 
f 4517/4517/4517 4518/4518/4518 4519/4519/4519 
f 4519/4519/4519 4518/4518/4518 4520/4520/4520 
f 4521/4521/4521 4522/4522/4522 4523/4523/4523 
f 4523/4523/4523 4522/4522/4522 4524/4524/4524 
f 4525/4525/4525 4526/4526/4526 4527/4527/4527 
f 4527/4527/4527 4526/4526/4526 4528/4528/4528 
f 4529/4529/4529 4530/4530/4530 4531/4531/4531 
f 4531/4531/4531 4530/4530/4530 4532/4532/4532 

g Part71

v -48 15.6804 5.5 
v -48 15.6804 3 
v -48 16.7525 5.5 
v -48 16.7525 3 
v -54 15.6804 3 
v -48 15.6804 3 
v -54 15.6804 5.5 
v -48 15.6804 5.5 
v -48 15.6804 3 
v -54 15.6804 3 
v -48 16.7525 3 
v -54 16.7525 3 
v -54 15.6804 3 
v -54 15.6804 5.5 
v -54 16.7525 3 
v -54 16.7525 5.5 
v -54 16.7525 5.5 
v -48 16.7525 5.5 
v -54 16.7525 3 
v -48 16.7525 3 
v -54 15.6804 5.5 
v -48 15.6804 5.5 
v -54 16.7525 5.5 
v -48 16.7525 5.5 

vn 1 0 0 
vn 1 0 0 
vn 1 0 0 
vn 1 0 0 
vn 0 -1 0 
vn 0 -1 0 
vn 0 -1 0 
vn 0 -1 0 
vn 0 0 -1 
vn 0 0 -1 
vn 0 0 -1 
vn 0 0 -1 
vn -1 0 0 
vn -1 0 0 
vn -1 0 0 
vn -1 0 0 
vn 0 1 0 
vn 0 1 0 
vn 0 1 0 
vn 0 1 0 
vn 0 0 1 
vn 0 0 1 
vn 0 0 1 
vn 0 0 1 

vt 0.258617 0.634973 
vt -0.0538827 0.634973 
vt 0.258617 0.500957 
vt -0.0538827 0.500957 
vt 0.696117 0.634973 
vt -0.0538827 0.634973 
vt 0.696117 0.322473 
vt -0.0538827 0.322473 
vt 0.696117 0.634973 
vt -0.0538827 0.634973 
vt 0.696117 0.500957 
vt -0.0538827 0.500957 
vt 0.258617 0.634973 
vt -0.0538827 0.634973 
vt 0.258617 0.500957 
vt -0.0538827 0.500957 
vt 0.696117 0.634973 
vt -0.0538827 0.634973 
vt 0.696117 0.322473 
vt -0.0538827 0.322473 
vt 0.696117 0.634973 
vt -0.0538827 0.634973 
vt 0.696117 0.500957 
vt -0.0538827 0.500957 

usemtl Part1Mtl

f 4533/4533/4533 4534/4534/4534 4535/4535/4535 
f 4535/4535/4535 4534/4534/4534 4536/4536/4536 
f 4537/4537/4537 4538/4538/4538 4539/4539/4539 
f 4539/4539/4539 4538/4538/4538 4540/4540/4540 
f 4541/4541/4541 4542/4542/4542 4543/4543/4543 
f 4543/4543/4543 4542/4542/4542 4544/4544/4544 
f 4545/4545/4545 4546/4546/4546 4547/4547/4547 
f 4547/4547/4547 4546/4546/4546 4548/4548/4548 
f 4549/4549/4549 4550/4550/4550 4551/4551/4551 
f 4551/4551/4551 4550/4550/4550 4552/4552/4552 
f 4553/4553/4553 4554/4554/4554 4555/4555/4555 
f 4555/4555/4555 4554/4554/4554 4556/4556/4556 

g Part72

v -47.5 15.7525 6 
v -47.5 15.7525 2.5 
v -47.5 17.2525 6 
v -47.5 17.2525 2.5 
v -54.5 15.7525 2.5 
v -47.5 15.7525 2.5 
v -54.5 15.7525 6 
v -47.5 15.7525 6 
v -47.5 15.7525 2.5 
v -54.5 15.7525 2.5 
v -47.5 17.2525 2.5 
v -54.5 17.2525 2.5 
v -54.5 15.7525 2.5 
v -54.5 15.7525 6 
v -54.5 17.2525 2.5 
v -54.5 17.2525 6 
v -54.5 17.2525 6 
v -47.5 17.2525 6 
v -54.5 17.2525 2.5 
v -47.5 17.2525 2.5 
v -54.5 15.7525 6 
v -47.5 15.7525 6 
v -54.5 17.2525 6 
v -47.5 17.2525 6 

vn 1 0 0 
vn 1 0 0 
vn 1 0 0 
vn 1 0 0 
vn 0 -1 0 
vn 0 -1 0 
vn 0 -1 0 
vn 0 -1 0 
vn 0 0 -1 
vn 0 0 -1 
vn 0 0 -1 
vn 0 0 -1 
vn -1 0 0 
vn -1 0 0 
vn -1 0 0 
vn -1 0 0 
vn 0 1 0 
vn 0 1 0 
vn 0 1 0 
vn 0 1 0 
vn 0 0 1 
vn 0 0 1 
vn 0 0 1 
vn 0 0 1 

vt 1.6875 -0.75 
vt 1.25 -0.75 
vt 1.6875 -0.9375 
vt 1.25 -0.9375 
vt 2.125 -0.75 
vt 1.25 -0.75 
vt 2.125 -1.1875 
vt 1.25 -1.1875 
vt 2.125 -0.75 
vt 1.25 -0.75 
vt 2.125 -0.9375 
vt 1.25 -0.9375 
vt 1.6875 -0.75 
vt 1.25 -0.75 
vt 1.6875 -0.9375 
vt 1.25 -0.9375 
vt 2.125 -0.75 
vt 1.25 -0.75 
vt 2.125 -1.1875 
vt 1.25 -1.1875 
vt 2.125 -0.75 
vt 1.25 -0.75 
vt 2.125 -0.9375 
vt 1.25 -0.9375 

usemtl Part3Mtl

f 4557/4557/4557 4558/4558/4558 4559/4559/4559 
f 4559/4559/4559 4558/4558/4558 4560/4560/4560 
f 4561/4561/4561 4562/4562/4562 4563/4563/4563 
f 4563/4563/4563 4562/4562/4562 4564/4564/4564 
f 4565/4565/4565 4566/4566/4566 4567/4567/4567 
f 4567/4567/4567 4566/4566/4566 4568/4568/4568 
f 4569/4569/4569 4570/4570/4570 4571/4571/4571 
f 4571/4571/4571 4570/4570/4570 4572/4572/4572 
f 4573/4573/4573 4574/4574/4574 4575/4575/4575 
f 4575/4575/4575 4574/4574/4574 4576/4576/4576 
f 4577/4577/4577 4578/4578/4578 4579/4579/4579 
f 4579/4579/4579 4578/4578/4578 4580/4580/4580 

g Part73

v -18.5 15.6804 5.5 
v -18.5 15.6804 3 
v -18.5 16.7525 5.5 
v -18.5 16.7525 3 
v -24.5 15.6804 3 
v -18.5 15.6804 3 
v -24.5 15.6804 5.5 
v -18.5 15.6804 5.5 
v -18.5 15.6804 3 
v -24.5 15.6804 3 
v -18.5 16.7525 3 
v -24.5 16.7525 3 
v -24.5 15.6804 3 
v -24.5 15.6804 5.5 
v -24.5 16.7525 3 
v -24.5 16.7525 5.5 
v -24.5 16.7525 5.5 
v -18.5 16.7525 5.5 
v -24.5 16.7525 3 
v -18.5 16.7525 3 
v -24.5 15.6804 5.5 
v -18.5 15.6804 5.5 
v -24.5 16.7525 5.5 
v -18.5 16.7525 5.5 

vn 1 0 0 
vn 1 0 0 
vn 1 0 0 
vn 1 0 0 
vn 0 -1 0 
vn 0 -1 0 
vn 0 -1 0 
vn 0 -1 0 
vn 0 0 -1 
vn 0 0 -1 
vn 0 0 -1 
vn 0 0 -1 
vn -1 0 0 
vn -1 0 0 
vn -1 0 0 
vn -1 0 0 
vn 0 1 0 
vn 0 1 0 
vn 0 1 0 
vn 0 1 0 
vn 0 0 1 
vn 0 0 1 
vn 0 0 1 
vn 0 0 1 

vt 0.668549 0.448255 
vt 0.356049 0.448255 
vt 0.668549 0.314239 
vt 0.356049 0.314239 
vt 1.10605 0.448255 
vt 0.356049 0.448255 
vt 1.10605 0.135755 
vt 0.356049 0.135755 
vt 1.10605 0.448255 
vt 0.356049 0.448255 
vt 1.10605 0.314239 
vt 0.356049 0.314239 
vt 0.668549 0.448255 
vt 0.356049 0.448255 
vt 0.668549 0.314239 
vt 0.356049 0.314239 
vt 1.10605 0.448255 
vt 0.356049 0.448255 
vt 1.10605 0.135755 
vt 0.356049 0.135755 
vt 1.10605 0.448255 
vt 0.356049 0.448255 
vt 1.10605 0.314239 
vt 0.356049 0.314239 

usemtl Part1Mtl

f 4581/4581/4581 4582/4582/4582 4583/4583/4583 
f 4583/4583/4583 4582/4582/4582 4584/4584/4584 
f 4585/4585/4585 4586/4586/4586 4587/4587/4587 
f 4587/4587/4587 4586/4586/4586 4588/4588/4588 
f 4589/4589/4589 4590/4590/4590 4591/4591/4591 
f 4591/4591/4591 4590/4590/4590 4592/4592/4592 
f 4593/4593/4593 4594/4594/4594 4595/4595/4595 
f 4595/4595/4595 4594/4594/4594 4596/4596/4596 
f 4597/4597/4597 4598/4598/4598 4599/4599/4599 
f 4599/4599/4599 4598/4598/4598 4600/4600/4600 
f 4601/4601/4601 4602/4602/4602 4603/4603/4603 
f 4603/4603/4603 4602/4602/4602 4604/4604/4604 

g Part74

v -18 15.7525 6 
v -18 15.7525 2.5 
v -18 17.2525 6 
v -18 17.2525 2.5 
v -25 15.7525 2.5 
v -18 15.7525 2.5 
v -25 15.7525 6 
v -18 15.7525 6 
v -18 15.7525 2.5 
v -25 15.7525 2.5 
v -18 17.2525 2.5 
v -25 17.2525 2.5 
v -25 15.7525 2.5 
v -25 15.7525 6 
v -25 17.2525 2.5 
v -25 17.2525 6 
v -25 17.2525 6 
v -18 17.2525 6 
v -25 17.2525 2.5 
v -18 17.2525 2.5 
v -25 15.7525 6 
v -18 15.7525 6 
v -25 17.2525 6 
v -18 17.2525 6 

vn 1 0 0 
vn 1 0 0 
vn 1 0 0 
vn 1 0 0 
vn 0 -1 0 
vn 0 -1 0 
vn 0 -1 0 
vn 0 -1 0 
vn 0 0 -1 
vn 0 0 -1 
vn 0 0 -1 
vn 0 0 -1 
vn -1 0 0 
vn -1 0 0 
vn -1 0 0 
vn -1 0 0 
vn 0 1 0 
vn 0 1 0 
vn 0 1 0 
vn 0 1 0 
vn 0 0 1 
vn 0 0 1 
vn 0 0 1 
vn 0 0 1 

vt 7.1875 -1 
vt 6.75 -1 
vt 7.1875 -1.1875 
vt 6.75 -1.1875 
vt 7.625 -1 
vt 6.75 -1 
vt 7.625 -1.4375 
vt 6.75 -1.4375 
vt 7.625 -1 
vt 6.75 -1 
vt 7.625 -1.1875 
vt 6.75 -1.1875 
vt 7.1875 -1 
vt 6.75 -1 
vt 7.1875 -1.1875 
vt 6.75 -1.1875 
vt 7.625 -1 
vt 6.75 -1 
vt 7.625 -1.4375 
vt 6.75 -1.4375 
vt 7.625 -1 
vt 6.75 -1 
vt 7.625 -1.1875 
vt 6.75 -1.1875 

usemtl Part3Mtl

f 4605/4605/4605 4606/4606/4606 4607/4607/4607 
f 4607/4607/4607 4606/4606/4606 4608/4608/4608 
f 4609/4609/4609 4610/4610/4610 4611/4611/4611 
f 4611/4611/4611 4610/4610/4610 4612/4612/4612 
f 4613/4613/4613 4614/4614/4614 4615/4615/4615 
f 4615/4615/4615 4614/4614/4614 4616/4616/4616 
f 4617/4617/4617 4618/4618/4618 4619/4619/4619 
f 4619/4619/4619 4618/4618/4618 4620/4620/4620 
f 4621/4621/4621 4622/4622/4622 4623/4623/4623 
f 4623/4623/4623 4622/4622/4622 4624/4624/4624 
f 4625/4625/4625 4626/4626/4626 4627/4627/4627 
f 4627/4627/4627 4626/4626/4626 4628/4628/4628 

g Union23

v -7 5.96403 -7.0108 
v -39.5 5.96403 -7.0108 
v -7 5.95303 -7.00016 
v -39.5 5.95303 -7.00016 
v -7 5.93684 -7.00016 
v -7 5.95303 -7.00016 
v -39.5 5.93684 -7.00016 
v -39.5 5.95303 -7.00016 
v -39.5 5.93684 -7.00016 
v -39.5 5.93684 -6.98451 
v -7 5.93684 -7.00016 
v -7 5.93684 -6.98451 
v -39.5 3.88488 -5.00018 
v -39.5 5.93684 -6.98451 
v -39.5 5.93684 -7.00016 
v -39.5 1.93654 -5.00018 
v -39.5 1.93654 -10.0002 
v -7 1.93654 -10.0002 
v -7 1.93654 -5.00018 
v -39.5 1.93654 -10.0002 
v -39.5 1.93654 -5.00018 
v -39.5 3.88488 -5.00018 
v -39.5 1.93654 -5.00018 
v -7 3.88488 -5.00018 
v -7 1.93654 -5.00018 
v -39.5 5.93684 -6.98451 
v -39.5 3.88488 -5.00018 
v -7 5.93684 -6.98451 
v -7 3.88488 -5.00018 
v -7 5.93684 -6.98451 
v -7 3.88488 -5.00018 
v -7 5.93684 -7.00016 
v -7 1.93654 -10.0002 
v -7 1.93654 -5.00018 
v -39.5 15.4365 -10.0002 
v -39.5 15.4365 -5.00018 
v -7 15.4365 -10.0002 
v -7 15.4365 -5.00018 
v -7 5.93287 -10.0002 
v -7 5.96403 -7.0108 
v -7 5.95303 -7.00016 
v -7 5.97432 -7.00016 
v -7 5.97432 -7.00016 
v -7 11.9368 -7.00016 
v -39.5 5.97432 -7.00016 
v -39.5 11.9368 -7.00016 
v -39.5 5.96403 -7.0108 
v -7 5.96403 -7.0108 
v -39.5 5.97432 -7.00016 
v -7 5.97432 -7.00016 
v -39.5 5.96403 -7.0108 
v -39.5 5.95303 -7.00016 
v -39.5 15.4365 -10.0002 
v -39.5 5.97432 -7.00016 
v -39.5 1.93654 -10.0002 
v -39.5 15.4365 -10.0002 
v -7 1.93654 -10.0002 
v -7 15.4365 -10.0002 
v -7 5.93287 -10.0002 
v -7 9.44381 -10.0002 
v -39.5 11.9427 -7.00211 
v -7 11.9427 -7.00211 
v -39.5 13.432 -5.00018 
v -7 13.432 -5.00018 
v -7 11.9427 -7.00211 
v -39.5 11.9427 -7.00211 
v -7 11.9368 -6.99774 
v -39.5 11.9368 -6.99774 
v -39.5 11.9368 -7.00016 
v -39.5 11.9427 -7.00211 
v -7 11.9368 -7.00016 
v -7 11.9427 -7.00211 
v -7 11.9368 -6.99774 
v -7 11.9368 -7.00016 
v -7 11.9368 -6.99774 
v -39.5 11.9368 -7.00016 
v -39.5 11.9368 -6.99774 
v -39.5 11.9368 -6.99774 
v -7 15.4365 -5.00018 
v -39.5 15.4365 -5.00018 
v -7 13.432 -5.00018 
v -39.5 13.432 -5.00018 
v -39.5 13.432 -5.00018 
v -39.5 15.4365 -5.00018 
v -7 13.432 -5.00018 
v -7 15.4365 -5.00018 
v -7 15.4365 -10.0002 
v -7 9.44381 -10.0002 

vn 0 0.692913 0.716535 
vn 0 0.692913 0.716535 
vn 0 0.692913 0.716535 
vn 0 0.692913 0.716535 
vn 0 0 1 
vn 0 0 1 
vn 0 0 1 
vn 0 0 1 
vn 0 1 0 
vn 0 1 0 
vn 0 1 0 
vn 0 1 0 
vn -1 0 0 
vn -1 0 0 
vn -1 0 0 
vn -1 0 0 
vn -1 0 0 
vn 0 -1 0 
vn 0 -1 0 
vn 0 -1 0 
vn 0 -1 0 
vn 0 0 1 
vn 0 0 1 
vn 0 0 1 
vn 0 0 1 
vn 0 0.692913 0.716535 
vn 0 0.692913 0.716535 
vn 0 0.692913 0.716535 
vn 0 0.692913 0.716535 
vn 1 0 0 
vn 1 0 0 
vn 1 0 0 
vn 1 0 0 
vn 1 0 0 
vn 0 1 0 
vn 0 1 0 
vn 0 1 0 
vn 0 1 0 
vn 1 0 0 
vn 1 0 0 
vn 1 0 0 
vn 1 0 0 
vn 0 0 1 
vn 0 0 1 
vn 0 0 1 
vn 0 0 1 
vn 0 -0.716535 0.692913 
vn 0 -0.716535 0.692913 
vn 0 -0.716535 0.692913 
vn 0 -0.716535 0.692913 
vn -1 0 0 
vn -1 0 0 
vn -1 0 0 
vn -1 0 0 
vn 0 0 -1 
vn 0 0 -1 
vn 0 0 -1 
vn 0 0 -1 
vn 0 0 -1 
vn 0 0 -1 
vn 0 -0.80315 0.598425 
vn 0 -0.80315 0.598425 
vn 0 -0.80315 0.598425 
vn 0 -0.80315 0.598425 
vn 0 0.598425 0.80315 
vn 0 0.598425 0.80315 
vn 0 0.598425 0.80315 
vn 0 0.598425 0.80315 
vn -1 0 0 
vn -1 0 0 
vn 1 0 0 
vn 1 0 0 
vn 1 0 0 
vn 0 -1 0 
vn 0 -1 0 
vn 0 -1 0 
vn 0 -1 0 
vn -1 0 0 
vn 0 0 1 
vn 0 0 1 
vn 0 0 1 
vn 0 0 1 
vn -1 0 0 
vn -1 0 0 
vn 1 0 0 
vn 1 0 0 
vn 1 0 0 
vn 1 0 0 

vt 14.0312 -13.3096 
vt 9.96875 -13.3096 
vt 14.0312 -13.3115 
vt 9.96875 -13.3115 
vt 14.0312 -13.3131 
vt 14.0312 -13.3115 
vt 9.96875 -13.3131 
vt 9.96875 -13.3115 
vt 14.0313 -13.155 
vt 14.0313 -13.1534 
vt 9.96875 -13.155 
vt 9.96875 -13.1534 
vt 11.8925 -13.6681 
vt 11.8466 -13.3142 
vt 11.845 -13.3131 
vt 11.7471 -13.8635 
vt 11.2457 -13.4905 
vt 14.0312 -13.7543 
vt 14.0312 -13.2529 
vt 9.96875 -13.7543 
vt 9.96875 -13.2529 
vt 9.96875 -13.6681 
vt 9.96875 -13.8635 
vt 14.0312 -13.6681 
vt 14.0312 -13.8635 
vt 9.96875 -13.3142 
vt 9.96875 -13.6681 
vt 14.0312 -13.3142 
vt 14.0312 -13.6681 
vt 12.1534 -13.3142 
vt 12.1075 -13.6681 
vt 12.155 -13.3131 
vt 12.7543 -13.4905 
vt 12.2529 -13.8635 
vt 14.0313 -12.7471 
vt 14.0313 -12.2457 
vt 9.96875 -12.7471 
vt 9.96875 -12.2457 
vt 12.4562 -13.0897 
vt 12.154 -13.3096 
vt 12.1538 -13.3115 
vt 12.1522 -13.3093 
vt 14.0312 -13.3093 
vt 14.0312 -12.7113 
vt 9.96875 -13.3093 
vt 9.96875 -12.7113 
vt 9.96875 -13.154 
vt 14.0312 -13.154 
vt 9.96875 -13.1522 
vt 14.0312 -13.1522 
vt 11.846 -13.3096 
vt 11.8462 -13.3115 
vt 12.2529 -12.1365 
vt 11.8478 -13.3093 
vt 14.0313 -13.4905 
vt 14.0313 -12.1365 
vt 9.96875 -13.4905 
vt 9.96875 -12.1365 
vt 9.96875 -13.0897 
vt 9.96875 -12.7375 
vt 9.96875 -12.7071 
vt 14.0312 -12.7071 
vt 9.96875 -12.3952 
vt 14.0312 -12.3952 
vt 14.0312 -12.7106 
vt 9.96875 -12.7106 
vt 14.0312 -12.7115 
vt 9.96875 -12.7115 
vt 12.2926 -12.7113 
vt 12.2929 -12.7106 
vt 11.7074 -12.7113 
vt 11.7071 -12.7106 
vt 11.7071 -12.7115 
vt 14.0312 -12.7074 
vt 14.0312 -12.7071 
vt 9.96875 -12.7074 
vt 9.96875 -12.7071 
vt 12.2929 -12.7115 
vt 14.0312 -12.5095 
vt 9.96875 -12.5095 
vt 14.0312 -12.7106 
vt 9.96875 -12.7106 
vt 12.6048 -12.7106 
vt 12.7543 -12.5095 
vt 11.3952 -12.7106 
vt 11.2457 -12.5095 
vt 11.7471 -12.1365 
vt 12.1942 -12.7375 

usemtl Union3Mtl

f 4629/4629/4629 4630/4630/4630 4631/4631/4631 
f 4630/4630/4630 4632/4632/4632 4631/4631/4631 
f 4633/4633/4633 4634/4634/4634 4635/4635/4635 
f 4634/4634/4634 4636/4636/4636 4635/4635/4635 
f 4637/4637/4637 4638/4638/4638 4639/4639/4639 
f 4638/4638/4638 4640/4640/4640 4639/4639/4639 
f 4641/4641/4641 4642/4642/4642 4643/4643/4643 
f 4644/4644/4644 4641/4641/4641 4645/4645/4645 
f 4641/4641/4641 4643/4643/4643 4645/4645/4645 
f 4646/4646/4646 4647/4647/4647 4648/4648/4648 
f 4647/4647/4647 4649/4649/4649 4648/4648/4648 
f 4650/4650/4650 4651/4651/4651 4652/4652/4652 
f 4651/4651/4651 4653/4653/4653 4652/4652/4652 
f 4654/4654/4654 4655/4655/4655 4656/4656/4656 
f 4655/4655/4655 4657/4657/4657 4656/4656/4656 
f 4658/4658/4658 4659/4659/4659 4660/4660/4660 
f 4659/4659/4659 4661/4661/4661 4660/4660/4660 
f 4659/4659/4659 4662/4662/4662 4661/4661/4661 
f 4663/4663/4663 4664/4664/4664 4665/4665/4665 
f 4664/4664/4664 4666/4666/4666 4665/4665/4665 
f 4667/4667/4667 4668/4668/4668 4661/4661/4661 
f 4668/4668/4668 4660/4660/4660 4661/4661/4661 
f 4669/4669/4669 4660/4660/4660 4668/4668/4668 
f 4668/4668/4668 4667/4667/4667 4670/4670/4670 
f 4671/4671/4671 4672/4672/4672 4673/4673/4673 
f 4672/4672/4672 4674/4674/4674 4673/4673/4673 
f 4675/4675/4675 4676/4676/4676 4677/4677/4677 
f 4676/4676/4676 4678/4678/4678 4677/4677/4677 
f 4679/4679/4679 4645/4645/4645 4680/4680/4680 
f 4645/4645/4645 4643/4643/4643 4680/4680/4680 
f 4679/4679/4679 4681/4681/4681 4645/4645/4645 
f 4682/4682/4682 4681/4681/4681 4679/4679/4679 
f 4683/4683/4683 4684/4684/4684 4685/4685/4685 
f 4686/4686/4686 4685/4685/4685 4684/4684/4684 
f 4686/4686/4686 4687/4687/4687 4685/4685/4685 
f 4688/4688/4688 4687/4687/4687 4686/4686/4686 
f 4689/4689/4689 4690/4690/4690 4691/4691/4691 
f 4690/4690/4690 4692/4692/4692 4691/4691/4691 
f 4693/4693/4693 4694/4694/4694 4695/4695/4695 
f 4694/4694/4694 4696/4696/4696 4695/4695/4695 
f 4682/4682/4682 4697/4697/4697 4698/4698/4698 
f 4670/4670/4670 4667/4667/4667 4699/4699/4699 
f 4667/4667/4667 4700/4700/4700 4699/4699/4699 
f 4700/4700/4700 4701/4701/4701 4699/4699/4699 
f 4702/4702/4702 4703/4703/4703 4704/4704/4704 
f 4703/4703/4703 4705/4705/4705 4704/4704/4704 
f 4706/4706/4706 4698/4698/4698 4697/4697/4697 
f 4707/4707/4707 4708/4708/4708 4709/4709/4709 
f 4708/4708/4708 4710/4710/4710 4709/4709/4709 
f 4711/4711/4711 4712/4712/4712 4698/4698/4698 
f 4713/4713/4713 4700/4700/4700 4714/4714/4714 
f 4700/4700/4700 4715/4715/4715 4714/4714/4714 
f 4712/4712/4712 4681/4681/4681 4698/4698/4698 
f 4681/4681/4681 4682/4682/4682 4698/4698/4698 
f 4667/4667/4667 4716/4716/4716 4700/4700/4700 
f 4716/4716/4716 4715/4715/4715 4700/4700/4700 

g Part75

v -7 16.4367 -10 
v -7 16.4367 -5 
v -7 15.4367 -10 
v -7 15.4367 -5 
v -41.5 16.4367 -5 
v -7 16.4367 -5 
v -41.5 16.4367 -10 
v -7 16.4367 -10 
v -7 16.4367 -5 
v -41.5 16.4367 -5 
v -7 15.4367 -5 
v -41.5 15.4367 -5 
v -41.5 16.4367 -5 
v -41.5 16.4367 -10 
v -41.5 15.4367 -5 
v -41.5 15.4367 -10 
v -41.5 15.4367 -10 
v -7 15.4367 -10 
v -41.5 15.4367 -5 
v -7 15.4367 -5 
v -41.5 16.4367 -10 
v -7 16.4367 -10 
v -41.5 15.4367 -10 
v -7 15.4367 -10 

vn 1 0 0 
vn 1 0 0 
vn 1 0 0 
vn 1 0 0 
vn 0 1 0 
vn 0 1 0 
vn 0 1 0 
vn 0 1 0 
vn 0 0 1 
vn 0 0 1 
vn 0 0 1 
vn 0 0 1 
vn -1 0 0 
vn -1 0 0 
vn -1 0 0 
vn -1 0 0 
vn 0 -1 0 
vn 0 -1 0 
vn 0 -1 0 
vn 0 -1 0 
vn 0 0 -1 
vn 0 0 -1 
vn 0 0 -1 
vn 0 0 -1 

vt 2.125 -1 
vt 1.5 -1 
vt 2.125 -1.125 
vt 1.5 -1.125 
vt 5.8125 -1 
vt 1.5 -1 
vt 5.8125 -1.625 
vt 1.5 -1.625 
vt 5.8125 -1 
vt 1.5 -1 
vt 5.8125 -1.125 
vt 1.5 -1.125 
vt 2.125 -1 
vt 1.5 -1 
vt 2.125 -1.125 
vt 1.5 -1.125 
vt 5.8125 -1 
vt 1.5 -1 
vt 5.8125 -1.625 
vt 1.5 -1.625 
vt 5.8125 -1 
vt 1.5 -1 
vt 5.8125 -1.125 
vt 1.5 -1.125 

usemtl Part3Mtl

f 4717/4717/4717 4718/4718/4718 4719/4719/4719 
f 4719/4719/4719 4718/4718/4718 4720/4720/4720 
f 4721/4721/4721 4722/4722/4722 4723/4723/4723 
f 4723/4723/4723 4722/4722/4722 4724/4724/4724 
f 4725/4725/4725 4726/4726/4726 4727/4727/4727 
f 4727/4727/4727 4726/4726/4726 4728/4728/4728 
f 4729/4729/4729 4730/4730/4730 4731/4731/4731 
f 4731/4731/4731 4730/4730/4730 4732/4732/4732 
f 4733/4733/4733 4734/4734/4734 4735/4735/4735 
f 4735/4735/4735 4734/4734/4734 4736/4736/4736 
f 4737/4737/4737 4738/4738/4738 4739/4739/4739 
f 4739/4739/4739 4738/4738/4738 4740/4740/4740 

g Union24

v -16.4998 13.4316 -4.50027 
v -16.4998 16.4368 -10.0003 
v -16.4998 11.9424 -6.50222 
v -16.4998 11.9424 -6.50222 
v -11.9998 11.9424 -6.50222 
v -16.4998 13.4316 -4.50027 
v -11.9998 13.4316 -4.50027 
v -16.4998 13.4316 -4.50027 
v -11.9998 13.4316 -4.50027 
v -16.4998 16.4368 -4.50027 
v -11.9998 16.4368 -4.50027 
v -11.9998 13.4316 -4.50027 
v -11.9998 11.9424 -6.50222 
v -11.9998 16.4368 -4.50027 
v -11.9998 16.4368 -10.0003 
v -16.4998 16.4368 -10.0003 
v -16.4998 16.4368 -4.50027 
v -11.9998 16.4368 -10.0003 
v -11.9998 16.4368 -4.50027 
v -16.4998 16.4368 -4.50027 
v -11.9998 0.436848 -10.0003 
v -11.9998 0.436848 -4.50027 
v -16.4998 0.436848 -10.0003 
v -16.4998 0.436848 -4.50027 
v -16.4998 0.436848 -10.0003 
v -16.4998 9.44347 -10.0003 
v -11.9998 0.436848 -10.0003 
v -16.4998 16.4368 -10.0003 
v -11.9998 16.4368 -10.0003 
v -11.9998 0.436848 -10.0003 
v -16.4998 0.436848 -4.50027 
v -11.9998 0.436848 -4.50027 
v -16.4998 3.88454 -4.50027 
v -11.9998 3.88454 -4.50027 
v -16.4998 0.436848 -4.50027 
v -16.4998 3.88454 -4.50027 
v -16.4998 0.436848 -10.0003 
v -16.4998 9.44347 -10.0003 
v -31.4998 13.4316 -4.50027 
v -31.4998 16.4365 -10.0003 
v -31.4998 11.9424 -6.50222 
v -31.4998 11.9424 -6.50222 
v -26.9998 11.9424 -6.50222 
v -31.4998 13.4316 -4.50027 
v -26.9998 13.4316 -4.50027 
v -26.9998 13.4316 -4.50027 
v -26.9998 16.4365 -4.50027 
v -31.4998 13.4316 -4.50027 
v -31.4998 16.4365 -4.50027 
v -26.9998 13.4316 -4.50027 
v -26.9998 11.9424 -6.50222 
v -26.9998 16.4365 -4.50027 
v -26.9998 16.4365 -10.0003 
v -31.4998 16.4365 -10.0003 
v -31.4998 16.4365 -4.50027 
v -26.9998 16.4365 -10.0003 
v -26.9998 16.4365 -4.50027 
v -31.4998 16.4365 -4.50027 
v -26.9998 0.436543 -10.0003 
v -26.9998 0.436543 -4.50027 
v -31.4998 0.436543 -10.0003 
v -31.4998 0.436543 -4.50027 
v -31.4998 0.436543 -10.0003 
v -31.4998 9.44347 -10.0003 
v -26.9998 0.436543 -10.0003 
v -31.4998 16.4365 -10.0003 
v -26.9998 16.4365 -10.0003 
v -26.9998 0.436543 -10.0003 
v -26.9998 3.88454 -4.50027 
v -31.4998 3.88454 -4.50027 
v -26.9998 0.436543 -4.50027 
v -31.4998 0.436543 -4.50027 
v -31.4998 0.436543 -4.50027 
v -31.4998 3.88454 -4.50027 
v -31.4998 0.436543 -10.0003 
v -31.4998 9.44347 -10.0003 
v -31.4998 11.9365 -6.50027 
v -26.9998 11.9365 -6.50027 
v -31.4998 11.9365 -6.49784 
v -26.9998 11.9365 -6.49784 
v -26.9998 11.9365 -6.50027 
v -31.4998 11.9365 -6.50027 
v -26.9998 5.974 -6.50027 
v -31.4998 5.974 -6.50027 
v -11.9998 11.9365 -6.50027 
v -16.4998 11.9365 -6.50027 
v -11.9998 5.974 -6.50027 
v -16.4998 5.974 -6.50027 
v -16.4998 11.9365 -6.50027 
v -11.9998 11.9365 -6.50027 
v -16.4998 11.9365 -6.49784 
v -11.9998 11.9365 -6.49784 
v -16.4998 5.93653 -6.50027 
v -11.9998 5.93653 -6.50027 
v -16.4998 5.95271 -6.50027 
v -11.9998 5.95271 -6.50027 
v -11.9998 5.93653 -6.50027 
v -16.4998 5.93653 -6.50027 
v -11.9998 5.93652 -6.48461 
v -16.4998 5.93652 -6.48461 
v -31.4998 5.93653 -6.50027 
v -26.9998 5.93653 -6.50027 
v -31.4998 5.95271 -6.50027 
v -26.9998 5.95271 -6.50027 
v -26.9998 5.93653 -6.50027 
v -31.4998 5.93653 -6.50027 
v -26.9998 5.93652 -6.48461 
v -31.4998 5.93652 -6.48461 
v -31.4998 5.974 -6.50027 
v -31.4998 5.96371 -6.51091 
v -26.9998 5.974 -6.50027 
v -26.9998 5.96371 -6.51091 
v -26.9998 5.96371 -6.51091 
v -31.4998 5.96371 -6.51091 
v -26.9998 5.95271 -6.50027 
v -31.4998 5.95271 -6.50027 
v -11.9998 5.96371 -6.51091 
v -16.4998 5.96371 -6.51091 
v -11.9998 5.95271 -6.50027 
v -16.4998 5.95271 -6.50027 
v -16.4998 5.974 -6.50027 
v -16.4998 5.96371 -6.51091 
v -11.9998 5.974 -6.50027 
v -11.9998 5.96371 -6.51091 
v -11.9998 5.95271 -6.50027 
v -11.9998 5.93653 -6.50027 
v -11.9998 5.96371 -6.51091 
v -16.4998 5.93653 -6.50027 
v -16.4998 5.96371 -6.51091 
v -16.4998 5.95271 -6.50027 
v -26.9998 5.96371 -6.51091 
v -26.9998 5.93653 -6.50027 
v -26.9998 5.95271 -6.50027 
v -31.4998 5.93653 -6.50027 
v -31.4998 5.96371 -6.51091 
v -31.4998 5.95271 -6.50027 
v -31.4998 11.9365 -6.50027 
v -31.4998 11.9365 -6.49784 
v -31.4998 11.9365 -6.49784 
v -26.9998 11.9365 -6.49784 
v -31.4998 11.9424 -6.50222 
v -26.9998 11.9424 -6.50222 
v -16.4998 11.9424 -6.50222 
v -16.4998 11.9365 -6.49784 
v -11.9998 11.9424 -6.50222 
v -11.9998 11.9365 -6.49784 
v -26.9998 5.93652 -6.48461 
v -31.4998 5.93652 -6.48461 
v -26.9998 3.88454 -4.50027 
v -31.4998 5.93257 -6.48079 
v -31.4998 3.88454 -4.50027 
v -11.9998 5.93652 -6.48461 
v -16.4998 5.93652 -6.48461 
v -11.9998 3.88454 -4.50027 
v -16.4998 5.93257 -6.48079 
v -16.4998 3.88454 -4.50027 
v -11.9998 5.93652 -6.48461 
v -11.9998 3.88454 -4.50027 
v -16.4998 5.93652 -6.48461 
v -16.4998 5.93257 -6.48079 
v -26.9998 5.93652 -6.48461 
v -26.9998 3.88454 -4.50027 
v -31.4998 5.93652 -6.48461 
v -31.4998 5.93257 -6.48079 
v -16.4998 5.974 -6.50027 
v -16.4998 11.9365 -6.50027 
v -26.9998 5.974 -6.50027 
v -11.9998 5.974 -6.50027 
v -26.9998 11.9365 -6.50027 
v -26.9998 11.9365 -6.49784 
v -16.4998 11.9365 -6.49784 
v -11.9998 11.9365 -6.50027 
v -11.9998 11.9365 -6.49784 
v -31.4998 5.974 -6.50027 
v -11.9998 0.436848 -4.50027 
v -26.9998 0.436543 -4.50027 

vn -1 0 0 
vn -1 0 0 
vn -1 0 0 
vn 0 -0.80315 0.598425 
vn 0 -0.80315 0.598425 
vn 0 -0.80315 0.598425 
vn 0 -0.80315 0.598425 
vn 0 0 1 
vn 0 0 1 
vn 0 0 1 
vn 0 0 1 
vn 1 0 0 
vn 1 0 0 
vn 1 0 0 
vn 1 0 0 
vn 0 1 0 
vn 0 1 0 
vn 0 1 0 
vn 0 1 0 
vn -1 0 0 
vn 0 -1 0 
vn 0 -1 0 
vn 0 -1 0 
vn 0 -1 0 
vn 0 0 -1 
vn 0 0 -1 
vn 0 0 -1 
vn 0 0 -1 
vn 0 0 -1 
vn 1 0 0 
vn 0 0 1 
vn 0 0 1 
vn 0 0 1 
vn 0 0 1 
vn -1 0 0 
vn -1 0 0 
vn -1 0 0 
vn -1 0 0 
vn -1 0 0 
vn -1 0 0 
vn -1 0 0 
vn 0 -0.80315 0.598425 
vn 0 -0.80315 0.598425 
vn 0 -0.80315 0.598425 
vn 0 -0.80315 0.598425 
vn 0 0 1 
vn 0 0 1 
vn 0 0 1 
vn 0 0 1 
vn 1 0 0 
vn 1 0 0 
vn 1 0 0 
vn 1 0 0 
vn 0 1 0 
vn 0 1 0 
vn 0 1 0 
vn 0 1 0 
vn -1 0 0 
vn 0 -1 0 
vn 0 -1 0 
vn 0 -1 0 
vn 0 -1 0 
vn 0 0 -1 
vn 0 0 -1 
vn 0 0 -1 
vn 0 0 -1 
vn 0 0 -1 
vn 1 0 0 
vn 0 0 1 
vn 0 0 1 
vn 0 0 1 
vn 0 0 1 
vn -1 0 0 
vn -1 0 0 
vn -1 0 0 
vn -1 0 0 
vn 0 -1 0 
vn 0 -1 0 
vn 0 -1 0 
vn 0 -1 0 
vn 0 0 1 
vn 0 0 1 
vn 0 0 1 
vn 0 0 1 
vn 0 0 1 
vn 0 0 1 
vn 0 0 1 
vn 0 0 1 
vn 0 -1 0 
vn 0 -1 0 
vn 0 -1 0 
vn 0 -1 0 
vn 0 0 1 
vn 0 0 1 
vn 0 0 1 
vn 0 0 1 
vn 0 1 0 
vn 0 1 0 
vn 0 1 0 
vn 0 1 0 
vn 0 0 1 
vn 0 0 1 
vn 0 0 1 
vn 0 0 1 
vn 0 1 0 
vn 0 1 0 
vn 0 1 0 
vn 0 1 0 
vn 0 -0.716535 0.692913 
vn 0 -0.716535 0.692913 
vn 0 -0.716535 0.692913 
vn 0 -0.716535 0.692913 
vn 0 0.692913 0.716535 
vn 0 0.692913 0.716535 
vn 0 0.692913 0.716535 
vn 0 0.692913 0.716535 
vn 0 0.692913 0.716535 
vn 0 0.692913 0.716535 
vn 0 0.692913 0.716535 
vn 0 0.692913 0.716535 
vn 0 -0.716535 0.692913 
vn 0 -0.716535 0.692913 
vn 0 -0.716535 0.692913 
vn 0 -0.716535 0.692913 
vn 1 0 0 
vn 1 0 0 
vn 1 0 0 
vn -1 0 0 
vn -1 0 0 
vn -1 0 0 
vn 1 0 0 
vn 1 0 0 
vn 1 0 0 
vn -1 0 0 
vn -1 0 0 
vn -1 0 0 
vn -1 0 0 
vn -1 0 0 
vn 0 0.598425 0.80315 
vn 0 0.598425 0.80315 
vn 0 0.598425 0.80315 
vn 0 0.598425 0.80315 
vn 0 0.598425 0.80315 
vn 0 0.598425 0.80315 
vn 0 0.598425 0.80315 
vn 0 0.598425 0.80315 
vn 0 0.692913 0.716535 
vn 0 0.692913 0.716535 
vn 0 0.692913 0.716535 
vn 0 0.692913 0.716535 
vn 0 0.692913 0.716535 
vn 0 0.692913 0.716535 
vn 0 0.692913 0.716535 
vn 0 0.692913 0.716535 
vn 0 0.692913 0.716535 
vn 0 0.692913 0.716535 
vn 1 0 0 
vn 1 0 0 
vn -1 0 0 
vn -1 0 0 
vn 1 0 0 
vn 1 0 0 
vn -1 0 0 
vn -1 0 0 
vn -1 0 0 
vn -1 0 0 
vn 1 0 0 
vn 1 0 0 
vn 1 0 0 
vn 1 0 0 
vn -1 0 0 
vn 1 0 0 
vn 1 0 0 
vn -1 0 0 
vn 1 0 0 
vn 1 0 0 

vt 26.3438 -50.3756 
vt 25.6562 -50 
vt 26.0935 -50.5618 
vt 26.6562 -50.9065 
vt 27.2188 -50.9065 
vt 26.6562 -50.6562 
vt 27.2188 -50.6562 
vt 26.6562 -50.3756 
vt 27.2188 -50.3756 
vt 26.6562 -50 
vt 27.2188 -50 
vt 25.6562 -50.3756 
vt 25.9065 -50.5618 
vt 25.6562 -50 
vt 26.3438 -50 
vt 25.3438 -51.3438 
vt 25.3438 -50.6562 
vt 24.7812 -51.3438 
vt 24.7812 -50.6562 
vt 26.3438 -50 
vt 27.2188 -51.3438 
vt 27.2188 -50.6562 
vt 26.6562 -51.3438 
vt 26.6562 -50.6562 
vt 25.3438 -52 
vt 25.3438 -50.8742 
vt 24.7812 -52 
vt 25.3438 -50 
vt 24.7812 -50 
vt 26.3438 -52 
vt 26.6562 -52 
vt 27.2188 -52 
vt 26.6562 -51.569 
vt 27.2188 -51.569 
vt 26.3438 -52 
vt 26.3438 -51.569 
vt 25.6562 -52 
vt 25.6562 -50.8742 
vt 26.3438 -50.3756 
vt 25.6562 -50 
vt 26.0935 -50.5618 
vt 24.7812 -50.9065 
vt 25.3438 -50.9065 
vt 24.7812 -50.6562 
vt 25.3438 -50.6562 
vt 25.3438 -50.3756 
vt 25.3438 -50 
vt 24.7812 -50.3756 
vt 24.7812 -50 
vt 25.6562 -50.3756 
vt 25.9065 -50.5618 
vt 25.6562 -50 
vt 26.3438 -50 
vt 27.2188 -51.3438 
vt 27.2188 -50.6562 
vt 26.6562 -51.3438 
vt 26.6562 -50.6562 
vt 26.3438 -50 
vt 25.3438 -51.3438 
vt 25.3438 -50.6562 
vt 24.7812 -51.3438 
vt 24.7812 -50.6562 
vt 27.2188 -52 
vt 27.2188 -50.8742 
vt 26.6562 -52 
vt 27.2188 -50 
vt 26.6562 -50 
vt 26.3438 -52 
vt 25.3438 -51.569 
vt 24.7812 -51.569 
vt 25.3438 -52 
vt 24.7812 -52 
vt 26.3438 -52 
vt 26.3438 -51.569 
vt 25.6562 -52 
vt 25.6562 -50.8742 
vt 24.7812 -50.9062 
vt 25.3438 -50.9062 
vt 24.7812 -50.9059 
vt 25.3438 -50.9059 
vt 25.3438 -50.5625 
vt 24.7812 -50.5625 
vt 25.3438 -51.3078 
vt 24.7812 -51.3078 
vt 27.2188 -50.5625 
vt 26.6562 -50.5625 
vt 27.2188 -51.3078 
vt 26.6562 -51.3078 
vt 26.6562 -50.9062 
vt 27.2188 -50.9062 
vt 26.6562 -50.9059 
vt 27.2188 -50.9059 
vt 26.6562 -51.3125 
vt 27.2188 -51.3125 
vt 26.6562 -51.3105 
vt 27.2188 -51.3105 
vt 24.7812 -50.9062 
vt 25.3438 -50.9062 
vt 24.7812 -50.9043 
vt 25.3438 -50.9043 
vt 24.7812 -51.3125 
vt 25.3438 -51.3125 
vt 24.7812 -51.3105 
vt 25.3438 -51.3105 
vt 26.6562 -50.9062 
vt 27.2188 -50.9062 
vt 26.6562 -50.9043 
vt 27.2188 -50.9043 
vt 24.7812 -50.9062 
vt 24.7812 -50.9076 
vt 25.3438 -50.9062 
vt 25.3438 -50.9076 
vt 25.3438 -51.3091 
vt 24.7812 -51.3091 
vt 25.3438 -51.3105 
vt 24.7812 -51.3105 
vt 27.2188 -51.3091 
vt 26.6562 -51.3091 
vt 27.2188 -51.3105 
vt 26.6562 -51.3105 
vt 26.6562 -50.9062 
vt 26.6562 -50.9076 
vt 27.2188 -50.9062 
vt 27.2188 -50.9076 
vt 25.9062 -51.3105 
vt 25.9062 -51.3125 
vt 25.9076 -51.3091 
vt 26.0938 -51.3125 
vt 26.0924 -51.3091 
vt 26.0938 -51.3105 
vt 25.9076 -51.3091 
vt 25.9062 -51.3125 
vt 25.9062 -51.3105 
vt 26.0938 -51.3125 
vt 26.0924 -51.3091 
vt 26.0938 -51.3105 
vt 26.0938 -50.5625 
vt 26.0941 -50.5625 
vt 24.7812 -50.5625 
vt 25.3438 -50.5625 
vt 24.7812 -50.5618 
vt 25.3438 -50.5618 
vt 26.6562 -50.5618 
vt 26.6562 -50.5625 
vt 27.2188 -50.5618 
vt 27.2188 -50.5625 
vt 25.3438 -51.3125 
vt 24.7812 -51.3125 
vt 25.3438 -51.569 
vt 24.7812 -51.313 
vt 24.7812 -51.569 
vt 27.2188 -51.3125 
vt 26.6562 -51.3125 
vt 27.2188 -51.569 
vt 26.6562 -51.313 
vt 26.6562 -51.569 
vt 25.9043 -51.3125 
vt 25.6562 -51.569 
vt 26.0957 -51.3125 
vt 26.0962 -51.313 
vt 25.9043 -51.3125 
vt 25.6562 -51.569 
vt 26.0957 -51.3125 
vt 26.0962 -51.313 
vt 26.0938 -51.3078 
vt 26.0938 -50.5625 
vt 25.9062 -51.3078 
vt 25.9062 -51.3078 
vt 25.9062 -50.5625 
vt 25.9059 -50.5625 
vt 26.0941 -50.5625 
vt 25.9062 -50.5625 
vt 25.9059 -50.5625 
vt 26.0938 -51.3078 
vt 25.6562 -52 
vt 25.6562 -52 

usemtl Part3Mtl

f 4741/4741/4741 4742/4742/4742 4743/4743/4743 
f 4744/4744/4744 4745/4745/4745 4746/4746/4746 
f 4745/4745/4745 4747/4747/4747 4746/4746/4746 
f 4748/4748/4748 4749/4749/4749 4750/4750/4750 
f 4749/4749/4749 4751/4751/4751 4750/4750/4750 
f 4752/4752/4752 4753/4753/4753 4754/4754/4754 
f 4753/4753/4753 4755/4755/4755 4754/4754/4754 
f 4756/4756/4756 4757/4757/4757 4758/4758/4758 
f 4757/4757/4757 4759/4759/4759 4758/4758/4758 
f 4741/4741/4741 4760/4760/4760 4742/4742/4742 
f 4761/4761/4761 4762/4762/4762 4763/4763/4763 
f 4762/4762/4762 4764/4764/4764 4763/4763/4763 
f 4765/4765/4765 4766/4766/4766 4767/4767/4767 
f 4766/4766/4766 4768/4768/4768 4767/4767/4767 
f 4769/4769/4769 4767/4767/4767 4768/4768/4768 
f 4753/4753/4753 4770/4770/4770 4755/4755/4755 
f 4771/4771/4771 4772/4772/4772 4773/4773/4773 
f 4772/4772/4772 4774/4774/4774 4773/4773/4773 
f 4775/4775/4775 4776/4776/4776 4777/4777/4777 
f 4742/4742/4742 4778/4778/4778 4777/4777/4777 
f 4779/4779/4779 4780/4780/4780 4781/4781/4781 
f 4782/4782/4782 4783/4783/4783 4784/4784/4784 
f 4783/4783/4783 4785/4785/4785 4784/4784/4784 
f 4786/4786/4786 4787/4787/4787 4788/4788/4788 
f 4789/4789/4789 4788/4788/4788 4787/4787/4787 
f 4790/4790/4790 4791/4791/4791 4792/4792/4792 
f 4791/4791/4791 4793/4793/4793 4792/4792/4792 
f 4794/4794/4794 4795/4795/4795 4796/4796/4796 
f 4795/4795/4795 4797/4797/4797 4796/4796/4796 
f 4779/4779/4779 4798/4798/4798 4780/4780/4780 
f 4799/4799/4799 4800/4800/4800 4801/4801/4801 
f 4800/4800/4800 4802/4802/4802 4801/4801/4801 
f 4803/4803/4803 4804/4804/4804 4805/4805/4805 
f 4804/4804/4804 4806/4806/4806 4805/4805/4805 
f 4807/4807/4807 4805/4805/4805 4806/4806/4806 
f 4791/4791/4791 4808/4808/4808 4793/4793/4793 
f 4809/4809/4809 4810/4810/4810 4811/4811/4811 
f 4810/4810/4810 4812/4812/4812 4811/4811/4811 
f 4813/4813/4813 4814/4814/4814 4815/4815/4815 
f 4780/4780/4780 4816/4816/4816 4815/4815/4815 
f 4817/4817/4817 4818/4818/4818 4819/4819/4819 
f 4818/4818/4818 4820/4820/4820 4819/4819/4819 
f 4821/4821/4821 4822/4822/4822 4823/4823/4823 
f 4822/4822/4822 4824/4824/4824 4823/4823/4823 
f 4825/4825/4825 4826/4826/4826 4827/4827/4827 
f 4826/4826/4826 4828/4828/4828 4827/4827/4827 
f 4829/4829/4829 4830/4830/4830 4831/4831/4831 
f 4830/4830/4830 4832/4832/4832 4831/4831/4831 
f 4833/4833/4833 4834/4834/4834 4835/4835/4835 
f 4834/4834/4834 4836/4836/4836 4835/4835/4835 
f 4837/4837/4837 4838/4838/4838 4839/4839/4839 
f 4838/4838/4838 4840/4840/4840 4839/4839/4839 
f 4841/4841/4841 4842/4842/4842 4843/4843/4843 
f 4842/4842/4842 4844/4844/4844 4843/4843/4843 
f 4845/4845/4845 4846/4846/4846 4847/4847/4847 
f 4846/4846/4846 4848/4848/4848 4847/4847/4847 
f 4849/4849/4849 4850/4850/4850 4851/4851/4851 
f 4850/4850/4850 4852/4852/4852 4851/4851/4851 
f 4853/4853/4853 4854/4854/4854 4855/4855/4855 
f 4854/4854/4854 4856/4856/4856 4855/4855/4855 
f 4857/4857/4857 4858/4858/4858 4859/4859/4859 
f 4858/4858/4858 4860/4860/4860 4859/4859/4859 
f 4861/4861/4861 4862/4862/4862 4863/4863/4863 
f 4862/4862/4862 4864/4864/4864 4863/4863/4863 
f 4865/4865/4865 4866/4866/4866 4867/4867/4867 
f 4866/4866/4866 4770/4770/4770 4867/4867/4867 
f 4770/4770/4770 4753/4753/4753 4867/4867/4867 
f 4868/4868/4868 4869/4869/4869 4777/4777/4777 
f 4870/4870/4870 4869/4869/4869 4868/4868/4868 
f 4808/4808/4808 4871/4871/4871 4872/4872/4872 
f 4873/4873/4873 4872/4872/4872 4871/4871/4871 
f 4874/4874/4874 4875/4875/4875 4815/4815/4815 
f 4876/4876/4876 4875/4875/4875 4874/4874/4874 
f 4877/4877/4877 4878/4878/4878 4781/4781/4781 
f 4879/4879/4879 4880/4880/4880 4881/4881/4881 
f 4880/4880/4880 4882/4882/4882 4881/4881/4881 
f 4883/4883/4883 4884/4884/4884 4885/4885/4885 
f 4884/4884/4884 4886/4886/4886 4885/4885/4885 
f 4887/4887/4887 4888/4888/4888 4889/4889/4889 
f 4888/4888/4888 4890/4890/4890 4889/4889/4889 
f 4890/4890/4890 4891/4891/4891 4889/4889/4889 
f 4892/4892/4892 4893/4893/4893 4894/4894/4894 
f 4893/4893/4893 4895/4895/4895 4894/4894/4894 
f 4895/4895/4895 4896/4896/4896 4894/4894/4894 
f 4897/4897/4897 4898/4898/4898 4866/4866/4866 
f 4868/4868/4868 4777/4777/4777 4899/4899/4899 
f 4777/4777/4777 4900/4900/4900 4899/4899/4899 
f 4901/4901/4901 4902/4902/4902 4872/4872/4872 
f 4874/4874/4874 4815/4815/4815 4903/4903/4903 
f 4815/4815/4815 4904/4904/4904 4903/4903/4903 
f 4905/4905/4905 4906/4906/4906 4869/4869/4869 
f 4906/4906/4906 4742/4742/4742 4869/4869/4869 
f 4742/4742/4742 4777/4777/4777 4869/4869/4869 
f 4907/4907/4907 4871/4871/4871 4791/4791/4791 
f 4871/4871/4871 4808/4808/4808 4791/4791/4791 
f 4753/4753/4753 4908/4908/4908 4867/4867/4867 
f 4907/4907/4907 4791/4791/4791 4909/4909/4909 
f 4791/4791/4791 4910/4910/4910 4909/4909/4909 
f 4911/4911/4911 4743/4743/4743 4906/4906/4906 
f 4743/4743/4743 4742/4742/4742 4906/4906/4906 
f 4908/4908/4908 4753/4753/4753 4912/4912/4912 
f 4753/4753/4753 4913/4913/4913 4912/4912/4912 
f 4780/4780/4780 4815/4815/4815 4781/4781/4781 
f 4815/4815/4815 4875/4875/4875 4781/4781/4781 
f 4875/4875/4875 4914/4914/4914 4781/4781/4781 
f 4914/4914/4914 4877/4877/4877 4781/4781/4781 
f 4866/4866/4866 4898/4898/4898 4770/4770/4770 
f 4898/4898/4898 4915/4915/4915 4770/4770/4770 
f 4777/4777/4777 4776/4776/4776 4900/4900/4900 
f 4872/4872/4872 4902/4902/4902 4808/4808/4808 
f 4902/4902/4902 4916/4916/4916 4808/4808/4808 
f 4815/4815/4815 4814/4814/4814 4904/4904/4904 

g Part76

v -19 12.0142 -4.98706 
v -19 10.9535 -6.04772 
v -19 12.7723 -5.74517 
v -19 11.7116 -6.80583 
v -24 10.9535 -6.04772 
v -19 10.9535 -6.04772 
v -24 12.0142 -4.98706 
v -19 12.0142 -4.98706 
v -19 10.9535 -6.04772 
v -24 10.9535 -6.04772 
v -19 11.7116 -6.80583 
v -24 11.7116 -6.80583 
v -24 10.9535 -6.04772 
v -24 12.0142 -4.98706 
v -24 11.7116 -6.80583 
v -24 12.7723 -5.74517 
v -24 12.7723 -5.74517 
v -19 12.7723 -5.74517 
v -24 11.7116 -6.80583 
v -19 11.7116 -6.80583 
v -24 12.0142 -4.98706 
v -19 12.0142 -4.98706 
v -24 12.7723 -5.74517 
v -19 12.7723 -5.74517 

vn 1 0 0 
vn 1 0 0 
vn 1 0 0 
vn 1 0 0 
vn 0 -0.708661 0.708661 
vn 0 -0.708661 0.708661 
vn 0 -0.708661 0.708661 
vn 0 -0.708661 0.708661 
vn 0 -0.708661 -0.708661 
vn 0 -0.708661 -0.708661 
vn 0 -0.708661 -0.708661 
vn 0 -0.708661 -0.708661 
vn -1 0 0 
vn -1 0 0 
vn -1 0 0 
vn -1 0 0 
vn 0 0.708661 -0.708661 
vn 0 0.708661 -0.708661 
vn 0 0.708661 -0.708661 
vn 0 0.708661 -0.708661 
vn 0 0.708661 0.708661 
vn 0 0.708661 0.708661 
vn 0 0.708661 0.708661 
vn 0 0.708661 0.708661 

vt 0.369408 0.664255 
vt 0.181908 0.664255 
vt 0.369408 0.530239 
vt 0.181908 0.530239 
vt 0.806908 0.664255 
vt 0.181908 0.664255 
vt 0.806908 0.476755 
vt 0.181908 0.476755 
vt 0.806908 0.664255 
vt 0.181908 0.664255 
vt 0.806908 0.530239 
vt 0.181908 0.530239 
vt 0.369408 0.664255 
vt 0.181908 0.664255 
vt 0.369408 0.530239 
vt 0.181908 0.530239 
vt 0.806908 0.664255 
vt 0.181908 0.664255 
vt 0.806908 0.476755 
vt 0.181908 0.476755 
vt 0.806908 0.664255 
vt 0.181908 0.664255 
vt 0.806908 0.530239 
vt 0.181908 0.530239 

usemtl Part1Mtl

f 4917/4917/4917 4918/4918/4918 4919/4919/4919 
f 4919/4919/4919 4918/4918/4918 4920/4920/4920 
f 4921/4921/4921 4922/4922/4922 4923/4923/4923 
f 4923/4923/4923 4922/4922/4922 4924/4924/4924 
f 4925/4925/4925 4926/4926/4926 4927/4927/4927 
f 4927/4927/4927 4926/4926/4926 4928/4928/4928 
f 4929/4929/4929 4930/4930/4930 4931/4931/4931 
f 4931/4931/4931 4930/4930/4930 4932/4932/4932 
f 4933/4933/4933 4934/4934/4934 4935/4935/4935 
f 4935/4935/4935 4934/4934/4934 4936/4936/4936 
f 4937/4937/4937 4938/4938/4938 4939/4939/4939 
f 4939/4939/4939 4938/4938/4938 4940/4940/4940 

g Part77

v -18.5 12.4188 -4.68451 
v -18.5 10.651 -6.45228 
v -18.5 13.1259 -5.39162 
v -18.5 11.3581 -7.15939 
v -24.5 10.651 -6.45228 
v -18.5 10.651 -6.45228 
v -24.5 12.4188 -4.68451 
v -18.5 12.4188 -4.68451 
v -18.5 10.651 -6.45228 
v -24.5 10.651 -6.45228 
v -18.5 11.3581 -7.15939 
v -24.5 11.3581 -7.15939 
v -24.5 10.651 -6.45228 
v -24.5 12.4188 -4.68451 
v -24.5 11.3581 -7.15939 
v -24.5 13.1259 -5.39162 
v -24.5 13.1259 -5.39162 
v -18.5 13.1259 -5.39162 
v -24.5 11.3581 -7.15939 
v -18.5 11.3581 -7.15939 
v -24.5 12.4188 -4.68451 
v -18.5 12.4188 -4.68451 
v -24.5 13.1259 -5.39162 
v -18.5 13.1259 -5.39162 

vn 1 0 0 
vn 1 0 0 
vn 1 0 0 
vn 1 0 0 
vn 0 -0.708661 0.708661 
vn 0 -0.708661 0.708661 
vn 0 -0.708661 0.708661 
vn 0 -0.708661 0.708661 
vn 0 -0.708661 -0.708661 
vn 0 -0.708661 -0.708661 
vn 0 -0.708661 -0.708661 
vn 0 -0.708661 -0.708661 
vn -1 0 0 
vn -1 0 0 
vn -1 0 0 
vn -1 0 0 
vn 0 0.708661 -0.708661 
vn 0 0.708661 -0.708661 
vn 0 0.708661 -0.708661 
vn 0 0.708661 -0.708661 
vn 0 0.708661 0.708661 
vn 0 0.708661 0.708661 
vn 0 0.708661 0.708661 
vn 0 0.708661 0.708661 

vt 6.0625 -4.25 
vt 5.75 -4.25 
vt 6.0625 -4.375 
vt 5.75 -4.375 
vt 6.5 -4.25 
vt 5.75 -4.25 
vt 6.5 -4.5625 
vt 5.75 -4.5625 
vt 6.5 -4.25 
vt 5.75 -4.25 
vt 6.5 -4.375 
vt 5.75 -4.375 
vt 6.0625 -4.25 
vt 5.75 -4.25 
vt 6.0625 -4.375 
vt 5.75 -4.375 
vt 6.5 -4.25 
vt 5.75 -4.25 
vt 6.5 -4.5625 
vt 5.75 -4.5625 
vt 6.5 -4.25 
vt 5.75 -4.25 
vt 6.5 -4.375 
vt 5.75 -4.375 

usemtl Union1Mtl

f 4941/4941/4941 4942/4942/4942 4943/4943/4943 
f 4943/4943/4943 4942/4942/4942 4944/4944/4944 
f 4945/4945/4945 4946/4946/4946 4947/4947/4947 
f 4947/4947/4947 4946/4946/4946 4948/4948/4948 
f 4949/4949/4949 4950/4950/4950 4951/4951/4951 
f 4951/4951/4951 4950/4950/4950 4952/4952/4952 
f 4953/4953/4953 4954/4954/4954 4955/4955/4955 
f 4955/4955/4955 4954/4954/4954 4956/4956/4956 
f 4957/4957/4957 4958/4958/4958 4959/4959/4959 
f 4959/4959/4959 4958/4958/4958 4960/4960/4960 
f 4961/4961/4961 4962/4962/4962 4963/4963/4963 
f 4963/4963/4963 4962/4962/4962 4964/4964/4964 

g Part78

v -18 13.1259 -4.68451 
v -18 10.651 -7.15939 
v -18 14.1865 -5.74517 
v -18 11.7116 -8.22005 
v -25 10.651 -7.15939 
v -18 10.651 -7.15939 
v -25 13.1259 -4.68451 
v -18 13.1259 -4.68451 
v -18 10.651 -7.15939 
v -25 10.651 -7.15939 
v -18 11.7116 -8.22005 
v -25 11.7116 -8.22005 
v -25 10.651 -7.15939 
v -25 13.1259 -4.68451 
v -25 11.7116 -8.22005 
v -25 14.1865 -5.74517 
v -25 14.1865 -5.74517 
v -18 14.1865 -5.74517 
v -25 11.7116 -8.22005 
v -18 11.7116 -8.22005 
v -25 13.1259 -4.68451 
v -18 13.1259 -4.68451 
v -25 14.1865 -5.74517 
v -18 14.1865 -5.74517 

vn 1 0 0 
vn 1 0 0 
vn 1 0 0 
vn 1 0 0 
vn 0 -0.708661 0.708661 
vn 0 -0.708661 0.708661 
vn 0 -0.708661 0.708661 
vn 0 -0.708661 0.708661 
vn 0 -0.708661 -0.708661 
vn 0 -0.708661 -0.708661 
vn 0 -0.708661 -0.708661 
vn 0 -0.708661 -0.708661 
vn -1 0 0 
vn -1 0 0 
vn -1 0 0 
vn -1 0 0 
vn 0 0.708661 -0.708661 
vn 0 0.708661 -0.708661 
vn 0 0.708661 -0.708661 
vn 0 0.708661 -0.708661 
vn 0 0.708661 0.708661 
vn 0 0.708661 0.708661 
vn 0 0.708661 0.708661 
vn 0 0.708661 0.708661 

vt 5.1875 -6.25 
vt 4.75 -6.25 
vt 5.1875 -6.4375 
vt 4.75 -6.4375 
vt 5.625 -6.25 
vt 4.75 -6.25 
vt 5.625 -6.6875 
vt 4.75 -6.6875 
vt 5.625 -6.25 
vt 4.75 -6.25 
vt 5.625 -6.4375 
vt 4.75 -6.4375 
vt 5.1875 -6.25 
vt 4.75 -6.25 
vt 5.1875 -6.4375 
vt 4.75 -6.4375 
vt 5.625 -6.25 
vt 4.75 -6.25 
vt 5.625 -6.6875 
vt 4.75 -6.6875 
vt 5.625 -6.25 
vt 4.75 -6.25 
vt 5.625 -6.4375 
vt 4.75 -6.4375 

usemtl Part3Mtl

f 4965/4965/4965 4966/4966/4966 4967/4967/4967 
f 4967/4967/4967 4966/4966/4966 4968/4968/4968 
f 4969/4969/4969 4970/4970/4970 4971/4971/4971 
f 4971/4971/4971 4970/4970/4970 4972/4972/4972 
f 4973/4973/4973 4974/4974/4974 4975/4975/4975 
f 4975/4975/4975 4974/4974/4974 4976/4976/4976 
f 4977/4977/4977 4978/4978/4978 4979/4979/4979 
f 4979/4979/4979 4978/4978/4978 4980/4980/4980 
f 4981/4981/4981 4982/4982/4982 4983/4983/4983 
f 4983/4983/4983 4982/4982/4982 4984/4984/4984 
f 4985/4985/4985 4986/4986/4986 4987/4987/4987 
f 4987/4987/4987 4986/4986/4986 4988/4988/4988 

g Part79

v -7 1.93664 -10 
v -7 1.93664 -5 
v -7 0.936643 -10 
v -7 0.936643 -5 
v -41.5 1.93664 -5 
v -7 1.93664 -5 
v -41.5 1.93664 -10 
v -7 1.93664 -10 
v -7 1.93664 -5 
v -41.5 1.93664 -5 
v -7 0.936643 -5 
v -41.5 0.936643 -5 
v -41.5 1.93664 -5 
v -41.5 1.93664 -10 
v -41.5 0.936643 -5 
v -41.5 0.936643 -10 
v -41.5 0.936643 -10 
v -7 0.936643 -10 
v -41.5 0.936643 -5 
v -7 0.936643 -5 
v -41.5 1.93664 -10 
v -7 1.93664 -10 
v -41.5 0.936643 -10 
v -7 0.936643 -10 

vn 1 0 0 
vn 1 0 0 
vn 1 0 0 
vn 1 0 0 
vn 0 1 0 
vn 0 1 0 
vn 0 1 0 
vn 0 1 0 
vn 0 0 1 
vn 0 0 1 
vn 0 0 1 
vn 0 0 1 
vn -1 0 0 
vn -1 0 0 
vn -1 0 0 
vn -1 0 0 
vn 0 -1 0 
vn 0 -1 0 
vn 0 -1 0 
vn 0 -1 0 
vn 0 0 -1 
vn 0 0 -1 
vn 0 0 -1 
vn 0 0 -1 

vt 6.125 0 
vt 5.5 0 
vt 6.125 -0.125 
vt 5.5 -0.125 
vt 9.8125 0 
vt 5.5 0 
vt 9.8125 -0.625 
vt 5.5 -0.625 
vt 9.8125 0 
vt 5.5 0 
vt 9.8125 -0.125 
vt 5.5 -0.125 
vt 6.125 0 
vt 5.5 0 
vt 6.125 -0.125 
vt 5.5 -0.125 
vt 9.8125 0 
vt 5.5 0 
vt 9.8125 -0.625 
vt 5.5 -0.625 
vt 9.8125 0 
vt 5.5 0 
vt 9.8125 -0.125 
vt 5.5 -0.125 

usemtl Part3Mtl

f 4989/4989/4989 4990/4990/4990 4991/4991/4991 
f 4991/4991/4991 4990/4990/4990 4992/4992/4992 
f 4993/4993/4993 4994/4994/4994 4995/4995/4995 
f 4995/4995/4995 4994/4994/4994 4996/4996/4996 
f 4997/4997/4997 4998/4998/4998 4999/4999/4999 
f 4999/4999/4999 4998/4998/4998 5000/5000/5000 
f 5001/5001/5001 5002/5002/5002 5003/5003/5003 
f 5003/5003/5003 5002/5002/5002 5004/5004/5004 
f 5005/5005/5005 5006/5006/5006 5007/5007/5007 
f 5007/5007/5007 5006/5006/5006 5008/5008/5008 
f 5009/5009/5009 5010/5010/5010 5011/5011/5011 
f 5011/5011/5011 5010/5010/5010 5012/5012/5012 

g Part80

v -7 0.936643 -7 
v -7 0.936643 15.5 
v -7 1.23978e-05 -7 
v -7 1.23978e-05 15.5 
v -39.805 0.936643 15.5 
v -7 0.936643 15.5 
v -39.805 0.936643 -7 
v -7 0.936643 -7 
v -7 0.936643 15.5 
v -39.805 0.936643 15.5 
v -7 1.23978e-05 15.5 
v -39.805 1.23978e-05 15.5 
v -39.805 0.936643 15.5 
v -39.805 0.936643 -7 
v -39.805 1.23978e-05 15.5 
v -39.805 1.23978e-05 -7 
v -39.805 1.23978e-05 -7 
v -7 1.23978e-05 -7 
v -39.805 1.23978e-05 15.5 
v -7 1.23978e-05 15.5 
v -39.805 0.936643 -7 
v -7 0.936643 -7 
v -39.805 1.23978e-05 -7 
v -7 1.23978e-05 -7 

vn 1 0 0 
vn 1 0 0 
vn 1 0 0 
vn 1 0 0 
vn 0 1 0 
vn 0 1 0 
vn 0 1 0 
vn 0 1 0 
vn 0 0 1 
vn 0 0 1 
vn 0 0 1 
vn 0 0 1 
vn -1 0 0 
vn -1 0 0 
vn -1 0 0 
vn -1 0 0 
vn 0 -1 0 
vn 0 -1 0 
vn 0 -1 0 
vn 0 -1 0 
vn 0 0 -1 
vn 0 0 -1 
vn 0 0 -1 
vn 0 0 -1 

vt 9.8125 -6.25 
vt 7 -6.25 
vt 9.8125 -6.36708 
vt 7 -6.36708 
vt 11.1006 -6.25 
vt 7 -6.25 
vt 11.1006 -9.0625 
vt 7 -9.0625 
vt 11.1006 -6.25 
vt 7 -6.25 
vt 11.1006 -6.36708 
vt 7 -6.36708 
vt 9.8125 -6.25 
vt 7 -6.25 
vt 9.8125 -6.36708 
vt 7 -6.36708 
vt 11.1006 -6.25 
vt 7 -6.25 
vt 11.1006 -9.0625 
vt 7 -9.0625 
vt 11.1006 -6.25 
vt 7 -6.25 
vt 11.1006 -6.36708 
vt 7 -6.36708 

usemtl Union3Mtl

f 5013/5013/5013 5014/5014/5014 5015/5015/5015 
f 5015/5015/5015 5014/5014/5014 5016/5016/5016 
f 5017/5017/5017 5018/5018/5018 5019/5019/5019 
f 5019/5019/5019 5018/5018/5018 5020/5020/5020 
f 5021/5021/5021 5022/5022/5022 5023/5023/5023 
f 5023/5023/5023 5022/5022/5022 5024/5024/5024 
f 5025/5025/5025 5026/5026/5026 5027/5027/5027 
f 5027/5027/5027 5026/5026/5026 5028/5028/5028 
f 5029/5029/5029 5030/5030/5030 5031/5031/5031 
f 5031/5031/5031 5030/5030/5030 5032/5032/5032 
f 5033/5033/5033 5034/5034/5034 5035/5035/5035 
f 5035/5035/5035 5034/5034/5034 5036/5036/5036 

g Part81

v -7.00039 0.953315 11.5534 
v -7.00039 0.953315 11.9674 
v -7.00039 0.0166845 11.5534 
v -7.00039 0.0166845 11.9674 
v -58.4304 0.953315 11.9674 
v -7.00039 0.953315 11.9674 
v -58.4304 0.953315 11.5534 
v -7.00039 0.953315 11.5534 
v -7.00039 0.953315 11.9674 
v -58.4304 0.953315 11.9674 
v -7.00039 0.0166845 11.9674 
v -58.4304 0.0166845 11.9674 
v -58.4304 0.953315 11.9674 
v -58.4304 0.953315 11.5534 
v -58.4304 0.0166845 11.9674 
v -58.4304 0.0166845 11.5534 
v -58.4304 0.0166845 11.5534 
v -7.00039 0.0166845 11.5534 
v -58.4304 0.0166845 11.9674 
v -7.00039 0.0166845 11.9674 
v -58.4304 0.953315 11.5534 
v -7.00039 0.953315 11.5534 
v -58.4304 0.0166845 11.5534 
v -7.00039 0.0166845 11.5534 

vn 1 0 0 
vn 1 0 0 
vn 1 0 0 
vn 1 0 0 
vn 0 1 0 
vn 0 1 0 
vn 0 1 0 
vn 0 1 0 
vn 0 0 1 
vn 0 0 1 
vn 0 0 1 
vn 0 0 1 
vn -1 0 0 
vn -1 0 0 
vn -1 0 0 
vn -1 0 0 
vn 0 -1 0 
vn 0 -1 0 
vn 0 -1 0 
vn 0 -1 0 
vn 0 0 -1 
vn 0 0 -1 
vn 0 0 -1 
vn 0 0 -1 

vt 3.80174 -6.75 
vt 3.75 -6.75 
vt 3.80174 -6.86708 
vt 3.75 -6.86708 
vt 10.1787 -6.75 
vt 3.75 -6.75 
vt 10.1787 -6.80174 
vt 3.75 -6.80174 
vt 10.1787 -6.75 
vt 3.75 -6.75 
vt 10.1787 -6.86708 
vt 3.75 -6.86708 
vt 3.80174 -6.75 
vt 3.75 -6.75 
vt 3.80174 -6.86708 
vt 3.75 -6.86708 
vt 10.1787 -6.75 
vt 3.75 -6.75 
vt 10.1787 -6.80174 
vt 3.75 -6.80174 
vt 10.1787 -6.75 
vt 3.75 -6.75 
vt 10.1787 -6.86708 
vt 3.75 -6.86708 

usemtl Part3Mtl

f 5037/5037/5037 5038/5038/5038 5039/5039/5039 
f 5039/5039/5039 5038/5038/5038 5040/5040/5040 
f 5041/5041/5041 5042/5042/5042 5043/5043/5043 
f 5043/5043/5043 5042/5042/5042 5044/5044/5044 
f 5045/5045/5045 5046/5046/5046 5047/5047/5047 
f 5047/5047/5047 5046/5046/5046 5048/5048/5048 
f 5049/5049/5049 5050/5050/5050 5051/5051/5051 
f 5051/5051/5051 5050/5050/5050 5052/5052/5052 
f 5053/5053/5053 5054/5054/5054 5055/5055/5055 
f 5055/5055/5055 5054/5054/5054 5056/5056/5056 
f 5057/5057/5057 5058/5058/5058 5059/5059/5059 
f 5059/5059/5059 5058/5058/5058 5060/5060/5060 

g Part82

v -7 0.953189 -3 
v -7 0.953189 -2.58608 
v -7 0.0165586 -3 
v -7 0.0165586 -2.58608 
v -43.8929 0.953189 -2.58608 
v -7 0.953189 -2.58608 
v -43.8929 0.953189 -3 
v -7 0.953189 -3 
v -7 0.953189 -2.58608 
v -43.8929 0.953189 -2.58608 
v -7 0.0165586 -2.58608 
v -43.8929 0.0165586 -2.58608 
v -43.8929 0.953189 -2.58608 
v -43.8929 0.953189 -3 
v -43.8929 0.0165586 -2.58608 
v -43.8929 0.0165586 -3 
v -43.8929 0.0165586 -3 
v -7 0.0165586 -3 
v -43.8929 0.0165586 -2.58608 
v -7 0.0165586 -2.58608 
v -43.8929 0.953189 -3 
v -7 0.953189 -3 
v -43.8929 0.0165586 -3 
v -7 0.0165586 -3 

vn 1 0 0 
vn 1 0 0 
vn 1 0 0 
vn 1 0 0 
vn 0 1 0 
vn 0 1 0 
vn 0 1 0 
vn 0 1 0 
vn 0 0 1 
vn 0 0 1 
vn 0 0 1 
vn 0 0 1 
vn -1 0 0 
vn -1 0 0 
vn -1 0 0 
vn -1 0 0 
vn 0 -1 0 
vn 0 -1 0 
vn 0 -1 0 
vn 0 -1 0 
vn 0 0 -1 
vn 0 0 -1 
vn 0 0 -1 
vn 0 0 -1 

vt 7.80174 -2 
vt 7.75 -2 
vt 7.80174 -2.11708 
vt 7.75 -2.11708 
vt 12.3616 -2 
vt 7.75 -2 
vt 12.3616 -2.05174 
vt 7.75 -2.05174 
vt 12.3616 -2 
vt 7.75 -2 
vt 12.3616 -2.11708 
vt 7.75 -2.11708 
vt 7.80174 -2 
vt 7.75 -2 
vt 7.80174 -2.11708 
vt 7.75 -2.11708 
vt 12.3616 -2 
vt 7.75 -2 
vt 12.3616 -2.05174 
vt 7.75 -2.05174 
vt 12.3616 -2 
vt 7.75 -2 
vt 12.3616 -2.11708 
vt 7.75 -2.11708 

usemtl Part3Mtl

f 5061/5061/5061 5062/5062/5062 5063/5063/5063 
f 5063/5063/5063 5062/5062/5062 5064/5064/5064 
f 5065/5065/5065 5066/5066/5066 5067/5067/5067 
f 5067/5067/5067 5066/5066/5066 5068/5068/5068 
f 5069/5069/5069 5070/5070/5070 5071/5071/5071 
f 5071/5071/5071 5070/5070/5070 5072/5072/5072 
f 5073/5073/5073 5074/5074/5074 5075/5075/5075 
f 5075/5075/5075 5074/5074/5074 5076/5076/5076 
f 5077/5077/5077 5078/5078/5078 5079/5079/5079 
f 5079/5079/5079 5078/5078/5078 5080/5080/5080 
f 5081/5081/5081 5082/5082/5082 5083/5083/5083 
f 5083/5083/5083 5082/5082/5082 5084/5084/5084 

g Part83

v -7.00042 1 -2 
v -7.00042 1 11 
v -7.00042 0 -2 
v -7.00042 0 11 
v -44.7904 1 11 
v -7.00042 1 11 
v -44.7904 1 -2 
v -7.00042 1 -2 
v -7.00042 1 11 
v -44.7904 1 11 
v -7.00042 0 11 
v -44.7904 0 11 
v -44.7904 1 11 
v -44.7904 1 -2 
v -44.7904 0 11 
v -44.7904 0 -2 
v -44.7904 0 -2 
v -7.00042 0 -2 
v -44.7904 0 11 
v -7.00042 0 11 
v -44.7904 1 -2 
v -7.00042 1 -2 
v -44.7904 0 -2 
v -7.00042 0 -2 

vn 1 0 0 
vn 1 0 0 
vn 1 0 0 
vn 1 0 0 
vn 0 1 0 
vn 0 1 0 
vn 0 1 0 
vn 0 1 0 
vn 0 0 1 
vn 0 0 1 
vn 0 0 1 
vn 0 0 1 
vn -1 0 0 
vn -1 0 0 
vn -1 0 0 
vn -1 0 0 
vn 0 -1 0 
vn 0 -1 0 
vn 0 -1 0 
vn 0 -1 0 
vn 0 0 -1 
vn 0 0 -1 
vn 0 0 -1 
vn 0 0 -1 

vt -0.910444 2.4522 
vt -2.53544 2.4522 
vt -0.910444 2.3272 
vt -2.53544 2.3272 
vt 2.18831 2.4522 
vt -2.53544 2.4522 
vt 2.18831 0.827204 
vt -2.53544 0.827204 
vt 2.18831 2.4522 
vt -2.53544 2.4522 
vt 2.18831 2.3272 
vt -2.53544 2.3272 
vt -0.910444 2.4522 
vt -2.53544 2.4522 
vt -0.910444 2.3272 
vt -2.53544 2.3272 
vt 2.18831 2.4522 
vt -2.53544 2.4522 
vt 2.18831 0.827204 
vt -2.53544 0.827204 
vt 2.18831 2.4522 
vt -2.53544 2.4522 
vt 2.18831 2.3272 
vt -2.53544 2.3272 

usemtl Part16Mtl

f 5085/5085/5085 5086/5086/5086 5087/5087/5087 
f 5087/5087/5087 5086/5086/5086 5088/5088/5088 
f 5089/5089/5089 5090/5090/5090 5091/5091/5091 
f 5091/5091/5091 5090/5090/5090 5092/5092/5092 
f 5093/5093/5093 5094/5094/5094 5095/5095/5095 
f 5095/5095/5095 5094/5094/5094 5096/5096/5096 
f 5097/5097/5097 5098/5098/5098 5099/5099/5099 
f 5099/5099/5099 5098/5098/5098 5100/5100/5100 
f 5101/5101/5101 5102/5102/5102 5103/5103/5103 
f 5103/5103/5103 5102/5102/5102 5104/5104/5104 
f 5105/5105/5105 5106/5106/5106 5107/5107/5107 
f 5107/5107/5107 5106/5106/5106 5108/5108/5108 

g Part84

v -19 10.9535 15.0477 
v -19 12.0142 13.9871 
v -19 11.7116 15.8058 
v -19 12.7723 14.7452 
v -24 12.0142 13.9871 
v -19 12.0142 13.9871 
v -24 10.9535 15.0477 
v -19 10.9535 15.0477 
v -19 12.0142 13.9871 
v -24 12.0142 13.9871 
v -19 12.7723 14.7452 
v -24 12.7723 14.7452 
v -24 12.0142 13.9871 
v -24 10.9535 15.0477 
v -24 12.7723 14.7452 
v -24 11.7116 15.8058 
v -24 11.7116 15.8058 
v -19 11.7116 15.8058 
v -24 12.7723 14.7452 
v -19 12.7723 14.7452 
v -24 10.9535 15.0477 
v -19 10.9535 15.0477 
v -24 11.7116 15.8058 
v -19 11.7116 15.8058 

vn 1 0 0 
vn 1 0 0 
vn 1 0 0 
vn 1 0 0 
vn 0 -0.708661 -0.708661 
vn 0 -0.708661 -0.708661 
vn 0 -0.708661 -0.708661 
vn 0 -0.708661 -0.708661 
vn 0 0.708661 -0.708661 
vn 0 0.708661 -0.708661 
vn 0 0.708661 -0.708661 
vn 0 0.708661 -0.708661 
vn -1 0 0 
vn -1 0 0 
vn -1 0 0 
vn -1 0 0 
vn 0 0.708661 0.708661 
vn 0 0.708661 0.708661 
vn 0 0.708661 0.708661 
vn 0 0.708661 0.708661 
vn 0 -0.708661 0.708661 
vn 0 -0.708661 0.708661 
vn 0 -0.708661 0.708661 
vn 0 -0.708661 0.708661 

vt -0.0676117 0.803968 
vt -0.255112 0.803968 
vt -0.0676117 0.669952 
vt -0.255112 0.669952 
vt 0.369888 0.803968 
vt -0.255112 0.803968 
vt 0.369888 0.616468 
vt -0.255112 0.616468 
vt 0.369888 0.803968 
vt -0.255112 0.803968 
vt 0.369888 0.669952 
vt -0.255112 0.669952 
vt -0.0676117 0.803968 
vt -0.255112 0.803968 
vt -0.0676117 0.669952 
vt -0.255112 0.669952 
vt 0.369888 0.803968 
vt -0.255112 0.803968 
vt 0.369888 0.616468 
vt -0.255112 0.616468 
vt 0.369888 0.803968 
vt -0.255112 0.803968 
vt 0.369888 0.669952 
vt -0.255112 0.669952 

usemtl Part1Mtl

f 5109/5109/5109 5110/5110/5110 5111/5111/5111 
f 5111/5111/5111 5110/5110/5110 5112/5112/5112 
f 5113/5113/5113 5114/5114/5114 5115/5115/5115 
f 5115/5115/5115 5114/5114/5114 5116/5116/5116 
f 5117/5117/5117 5118/5118/5118 5119/5119/5119 
f 5119/5119/5119 5118/5118/5118 5120/5120/5120 
f 5121/5121/5121 5122/5122/5122 5123/5123/5123 
f 5123/5123/5123 5122/5122/5122 5124/5124/5124 
f 5125/5125/5125 5126/5126/5126 5127/5127/5127 
f 5127/5127/5127 5126/5126/5126 5128/5128/5128 
f 5129/5129/5129 5130/5130/5130 5131/5131/5131 
f 5131/5131/5131 5130/5130/5130 5132/5132/5132 

g Part85

v -18.5 10.651 15.4523 
v -18.5 12.4188 13.6845 
v -18.5 11.3581 16.1594 
v -18.5 13.1259 14.3916 
v -24.5 12.4188 13.6845 
v -18.5 12.4188 13.6845 
v -24.5 10.651 15.4523 
v -18.5 10.651 15.4523 
v -18.5 12.4188 13.6845 
v -24.5 12.4188 13.6845 
v -18.5 13.1259 14.3916 
v -24.5 13.1259 14.3916 
v -24.5 12.4188 13.6845 
v -24.5 10.651 15.4523 
v -24.5 13.1259 14.3916 
v -24.5 11.3581 16.1594 
v -24.5 11.3581 16.1594 
v -18.5 11.3581 16.1594 
v -24.5 13.1259 14.3916 
v -18.5 13.1259 14.3916 
v -24.5 10.651 15.4523 
v -18.5 10.651 15.4523 
v -24.5 11.3581 16.1594 
v -18.5 11.3581 16.1594 

vn 1 0 0 
vn 1 0 0 
vn 1 0 0 
vn 1 0 0 
vn 0 -0.708661 -0.708661 
vn 0 -0.708661 -0.708661 
vn 0 -0.708661 -0.708661 
vn 0 -0.708661 -0.708661 
vn 0 0.708661 -0.708661 
vn 0 0.708661 -0.708661 
vn 0 0.708661 -0.708661 
vn 0 0.708661 -0.708661 
vn -1 0 0 
vn -1 0 0 
vn -1 0 0 
vn -1 0 0 
vn 0 0.708661 0.708661 
vn 0 0.708661 0.708661 
vn 0 0.708661 0.708661 
vn 0 0.708661 0.708661 
vn 0 -0.708661 0.708661 
vn 0 -0.708661 0.708661 
vn 0 -0.708661 0.708661 
vn 0 -0.708661 0.708661 

vt 2.0625 -2.25 
vt 1.75 -2.25 
vt 2.0625 -2.375 
vt 1.75 -2.375 
vt 2.5 -2.25 
vt 1.75 -2.25 
vt 2.5 -2.5625 
vt 1.75 -2.5625 
vt 2.5 -2.25 
vt 1.75 -2.25 
vt 2.5 -2.375 
vt 1.75 -2.375 
vt 2.0625 -2.25 
vt 1.75 -2.25 
vt 2.0625 -2.375 
vt 1.75 -2.375 
vt 2.5 -2.25 
vt 1.75 -2.25 
vt 2.5 -2.5625 
vt 1.75 -2.5625 
vt 2.5 -2.25 
vt 1.75 -2.25 
vt 2.5 -2.375 
vt 1.75 -2.375 

usemtl Union1Mtl

f 5133/5133/5133 5134/5134/5134 5135/5135/5135 
f 5135/5135/5135 5134/5134/5134 5136/5136/5136 
f 5137/5137/5137 5138/5138/5138 5139/5139/5139 
f 5139/5139/5139 5138/5138/5138 5140/5140/5140 
f 5141/5141/5141 5142/5142/5142 5143/5143/5143 
f 5143/5143/5143 5142/5142/5142 5144/5144/5144 
f 5145/5145/5145 5146/5146/5146 5147/5147/5147 
f 5147/5147/5147 5146/5146/5146 5148/5148/5148 
f 5149/5149/5149 5150/5150/5150 5151/5151/5151 
f 5151/5151/5151 5150/5150/5150 5152/5152/5152 
f 5153/5153/5153 5154/5154/5154 5155/5155/5155 
f 5155/5155/5155 5154/5154/5154 5156/5156/5156 

g Part86

v -18 10.651 16.1594 
v -18 13.1259 13.6845 
v -18 11.7116 17.22 
v -18 14.1865 14.7452 
v -25 13.1259 13.6845 
v -18 13.1259 13.6845 
v -25 10.651 16.1594 
v -18 10.651 16.1594 
v -18 13.1259 13.6845 
v -25 13.1259 13.6845 
v -18 14.1865 14.7452 
v -25 14.1865 14.7452 
v -25 13.1259 13.6845 
v -25 10.651 16.1594 
v -25 14.1865 14.7452 
v -25 11.7116 17.22 
v -25 11.7116 17.22 
v -18 11.7116 17.22 
v -25 14.1865 14.7452 
v -18 14.1865 14.7452 
v -25 10.651 16.1594 
v -18 10.651 16.1594 
v -25 11.7116 17.22 
v -18 11.7116 17.22 

vn 1 0 0 
vn 1 0 0 
vn 1 0 0 
vn 1 0 0 
vn 0 -0.708661 -0.708661 
vn 0 -0.708661 -0.708661 
vn 0 -0.708661 -0.708661 
vn 0 -0.708661 -0.708661 
vn 0 0.708661 -0.708661 
vn 0 0.708661 -0.708661 
vn 0 0.708661 -0.708661 
vn 0 0.708661 -0.708661 
vn -1 0 0 
vn -1 0 0 
vn -1 0 0 
vn -1 0 0 
vn 0 0.708661 0.708661 
vn 0 0.708661 0.708661 
vn 0 0.708661 0.708661 
vn 0 0.708661 0.708661 
vn 0 -0.708661 0.708661 
vn 0 -0.708661 0.708661 
vn 0 -0.708661 0.708661 
vn 0 -0.708661 0.708661 

vt 3.9375 -6.25 
vt 3.5 -6.25 
vt 3.9375 -6.4375 
vt 3.5 -6.4375 
vt 4.375 -6.25 
vt 3.5 -6.25 
vt 4.375 -6.6875 
vt 3.5 -6.6875 
vt 4.375 -6.25 
vt 3.5 -6.25 
vt 4.375 -6.4375 
vt 3.5 -6.4375 
vt 3.9375 -6.25 
vt 3.5 -6.25 
vt 3.9375 -6.4375 
vt 3.5 -6.4375 
vt 4.375 -6.25 
vt 3.5 -6.25 
vt 4.375 -6.6875 
vt 3.5 -6.6875 
vt 4.375 -6.25 
vt 3.5 -6.25 
vt 4.375 -6.4375 
vt 3.5 -6.4375 

usemtl Part3Mtl

f 5157/5157/5157 5158/5158/5158 5159/5159/5159 
f 5159/5159/5159 5158/5158/5158 5160/5160/5160 
f 5161/5161/5161 5162/5162/5162 5163/5163/5163 
f 5163/5163/5163 5162/5162/5162 5164/5164/5164 
f 5165/5165/5165 5166/5166/5166 5167/5167/5167 
f 5167/5167/5167 5166/5166/5166 5168/5168/5168 
f 5169/5169/5169 5170/5170/5170 5171/5171/5171 
f 5171/5171/5171 5170/5170/5170 5172/5172/5172 
f 5173/5173/5173 5174/5174/5174 5175/5175/5175 
f 5175/5175/5175 5174/5174/5174 5176/5176/5176 
f 5177/5177/5177 5178/5178/5178 5179/5179/5179 
f 5179/5179/5179 5178/5178/5178 5180/5180/5180 

g Part87

v -36.5 1.93664 19 
v -36.5 1.93664 14 
v -36.5 0.936643 19 
v -36.5 0.936643 14 
v -7 1.93664 14 
v -36.5 1.93664 14 
v -7 1.93664 19 
v -36.5 1.93664 19 
v -36.5 1.93664 14 
v -7 1.93664 14 
v -36.5 0.936643 14 
v -7 0.936643 14 
v -7 1.93664 14 
v -7 1.93664 19 
v -7 0.936643 14 
v -7 0.936643 19 
v -7 0.936643 19 
v -36.5 0.936643 19 
v -7 0.936643 14 
v -36.5 0.936643 14 
v -7 1.93664 19 
v -36.5 1.93664 19 
v -7 0.936643 19 
v -36.5 0.936643 19 

vn -1 0 0 
vn -1 0 0 
vn -1 0 0 
vn -1 0 0 
vn 0 1 0 
vn 0 1 0 
vn 0 1 0 
vn 0 1 0 
vn 0 0 -1 
vn 0 0 -1 
vn 0 0 -1 
vn 0 0 -1 
vn 1 0 0 
vn 1 0 0 
vn 1 0 0 
vn 1 0 0 
vn 0 -1 0 
vn 0 -1 0 
vn 0 -1 0 
vn 0 -1 0 
vn 0 0 1 
vn 0 0 1 
vn 0 0 1 
vn 0 0 1 

vt 1.375 -0.25 
vt 0.75 -0.25 
vt 1.375 -0.375 
vt 0.75 -0.375 
vt 4.4375 -0.25 
vt 0.75 -0.25 
vt 4.4375 -0.875 
vt 0.75 -0.875 
vt 4.4375 -0.25 
vt 0.75 -0.25 
vt 4.4375 -0.375 
vt 0.75 -0.375 
vt 1.375 -0.25 
vt 0.75 -0.25 
vt 1.375 -0.375 
vt 0.75 -0.375 
vt 4.4375 -0.25 
vt 0.75 -0.25 
vt 4.4375 -0.875 
vt 0.75 -0.875 
vt 4.4375 -0.25 
vt 0.75 -0.25 
vt 4.4375 -0.375 
vt 0.75 -0.375 

usemtl Part3Mtl

f 5181/5181/5181 5182/5182/5182 5183/5183/5183 
f 5183/5183/5183 5182/5182/5182 5184/5184/5184 
f 5185/5185/5185 5186/5186/5186 5187/5187/5187 
f 5187/5187/5187 5186/5186/5186 5188/5188/5188 
f 5189/5189/5189 5190/5190/5190 5191/5191/5191 
f 5191/5191/5191 5190/5190/5190 5192/5192/5192 
f 5193/5193/5193 5194/5194/5194 5195/5195/5195 
f 5195/5195/5195 5194/5194/5194 5196/5196/5196 
f 5197/5197/5197 5198/5198/5198 5199/5199/5199 
f 5199/5199/5199 5198/5198/5198 5200/5200/5200 
f 5201/5201/5201 5202/5202/5202 5203/5203/5203 
f 5203/5203/5203 5202/5202/5202 5204/5204/5204 

g Part88

v -36.5 16.4367 19 
v -36.5 16.4367 14 
v -36.5 15.4367 19 
v -36.5 15.4367 14 
v -7 16.4367 14 
v -36.5 16.4367 14 
v -7 16.4367 19 
v -36.5 16.4367 19 
v -36.5 16.4367 14 
v -7 16.4367 14 
v -36.5 15.4367 14 
v -7 15.4367 14 
v -7 16.4367 14 
v -7 16.4367 19 
v -7 15.4367 14 
v -7 15.4367 19 
v -7 15.4367 19 
v -36.5 15.4367 19 
v -7 15.4367 14 
v -36.5 15.4367 14 
v -7 16.4367 19 
v -36.5 16.4367 19 
v -7 15.4367 19 
v -36.5 15.4367 19 

vn -1 0 0 
vn -1 0 0 
vn -1 0 0 
vn -1 0 0 
vn 0 1 0 
vn 0 1 0 
vn 0 1 0 
vn 0 1 0 
vn 0 0 -1 
vn 0 0 -1 
vn 0 0 -1 
vn 0 0 -1 
vn 1 0 0 
vn 1 0 0 
vn 1 0 0 
vn 1 0 0 
vn 0 -1 0 
vn 0 -1 0 
vn 0 -1 0 
vn 0 -1 0 
vn 0 0 1 
vn 0 0 1 
vn 0 0 1 
vn 0 0 1 

vt 3.625 -6.75 
vt 3 -6.75 
vt 3.625 -6.875 
vt 3 -6.875 
vt 6.6875 -6.75 
vt 3 -6.75 
vt 6.6875 -7.375 
vt 3 -7.375 
vt 6.6875 -6.75 
vt 3 -6.75 
vt 6.6875 -6.875 
vt 3 -6.875 
vt 3.625 -6.75 
vt 3 -6.75 
vt 3.625 -6.875 
vt 3 -6.875 
vt 6.6875 -6.75 
vt 3 -6.75 
vt 6.6875 -7.375 
vt 3 -7.375 
vt 6.6875 -6.75 
vt 3 -6.75 
vt 6.6875 -6.875 
vt 3 -6.875 

usemtl Part3Mtl

f 5205/5205/5205 5206/5206/5206 5207/5207/5207 
f 5207/5207/5207 5206/5206/5206 5208/5208/5208 
f 5209/5209/5209 5210/5210/5210 5211/5211/5211 
f 5211/5211/5211 5210/5210/5210 5212/5212/5212 
f 5213/5213/5213 5214/5214/5214 5215/5215/5215 
f 5215/5215/5215 5214/5214/5214 5216/5216/5216 
f 5217/5217/5217 5218/5218/5218 5219/5219/5219 
f 5219/5219/5219 5218/5218/5218 5220/5220/5220 
f 5221/5221/5221 5222/5222/5222 5223/5223/5223 
f 5223/5223/5223 5222/5222/5222 5224/5224/5224 
f 5225/5225/5225 5226/5226/5226 5227/5227/5227 
f 5227/5227/5227 5226/5226/5226 5228/5228/5228 

g Union25

v -27.0002 13.4316 13.5003 
v -27.0002 16.4369 19.0003 
v -27.0002 11.9424 15.5022 
v -27.0002 11.9424 15.5022 
v -31.5002 11.9424 15.5022 
v -27.0002 13.4316 13.5003 
v -31.5002 13.4316 13.5003 
v -27.0002 13.4316 13.5003 
v -31.5002 13.4316 13.5003 
v -27.0002 16.4369 13.5003 
v -31.5002 16.4369 13.5003 
v -31.5002 13.4316 13.5003 
v -31.5002 11.9424 15.5022 
v -31.5002 16.4369 13.5003 
v -31.5002 16.4369 19.0003 
v -27.0002 16.4369 19.0003 
v -27.0002 16.4369 13.5003 
v -31.5002 16.4369 19.0003 
v -31.5002 16.4369 13.5003 
v -27.0002 16.4369 13.5003 
v -31.5002 0.436849 19.0003 
v -31.5002 0.436849 13.5003 
v -27.0002 0.436849 19.0003 
v -27.0002 0.436849 13.5003 
v -27.0002 0.436849 19.0003 
v -27.0002 9.44347 19.0003 
v -31.5002 0.436849 19.0003 
v -27.0002 16.4369 19.0003 
v -31.5002 16.4369 19.0003 
v -31.5002 0.436849 19.0003 
v -27.0002 0.436849 13.5003 
v -31.5002 0.436849 13.5003 
v -27.0002 3.88454 13.5003 
v -31.5002 3.88454 13.5003 
v -27.0002 0.436849 13.5003 
v -27.0002 3.88454 13.5003 
v -27.0002 0.436849 19.0003 
v -27.0002 9.44347 19.0003 
v -12.0002 13.4316 13.5003 
v -12.0002 16.4365 19.0003 
v -12.0002 11.9424 15.5022 
v -12.0002 11.9424 15.5022 
v -16.5002 11.9424 15.5022 
v -12.0002 13.4316 13.5003 
v -16.5002 13.4316 13.5003 
v -16.5002 13.4316 13.5003 
v -16.5002 16.4365 13.5003 
v -12.0002 13.4316 13.5003 
v -12.0002 16.4365 13.5003 
v -16.5002 13.4316 13.5003 
v -16.5002 11.9424 15.5022 
v -16.5002 16.4365 13.5003 
v -16.5002 16.4365 19.0003 
v -12.0002 16.4365 19.0003 
v -12.0002 16.4365 13.5003 
v -16.5002 16.4365 19.0003 
v -16.5002 16.4365 13.5003 
v -12.0002 16.4365 13.5003 
v -16.5002 0.436543 19.0003 
v -16.5002 0.436543 13.5003 
v -12.0002 0.436543 19.0003 
v -12.0002 0.436543 13.5003 
v -12.0002 0.436543 19.0003 
v -12.0002 9.44347 19.0003 
v -16.5002 0.436543 19.0003 
v -12.0002 16.4365 19.0003 
v -16.5002 16.4365 19.0003 
v -16.5002 0.436543 19.0003 
v -16.5002 3.88454 13.5003 
v -12.0002 3.88454 13.5003 
v -16.5002 0.436543 13.5003 
v -12.0002 0.436543 13.5003 
v -12.0002 0.436543 13.5003 
v -12.0002 3.88454 13.5003 
v -12.0002 0.436543 19.0003 
v -12.0002 9.44347 19.0003 
v -12.0002 11.9365 15.5003 
v -16.5002 11.9365 15.5003 
v -12.0002 11.9365 15.4978 
v -16.5002 11.9365 15.4978 
v -16.5002 11.9365 15.5003 
v -12.0002 11.9365 15.5003 
v -16.5002 5.974 15.5003 
v -12.0002 5.974 15.5003 
v -31.5002 11.9365 15.5003 
v -27.0002 11.9365 15.5003 
v -31.5002 5.974 15.5003 
v -27.0002 5.974 15.5003 
v -27.0002 11.9365 15.5003 
v -31.5002 11.9365 15.5003 
v -27.0002 11.9365 15.4978 
v -31.5002 11.9365 15.4978 
v -27.0002 5.93653 15.5003 
v -31.5002 5.93653 15.5003 
v -27.0002 5.95271 15.5003 
v -31.5002 5.95271 15.5003 
v -31.5002 5.93653 15.5003 
v -27.0002 5.93653 15.5003 
v -31.5002 5.93653 15.4846 
v -27.0002 5.93653 15.4846 
v -12.0002 5.93653 15.5003 
v -16.5002 5.93653 15.5003 
v -12.0002 5.95271 15.5003 
v -16.5002 5.95271 15.5003 
v -16.5002 5.93653 15.5003 
v -12.0002 5.93653 15.5003 
v -16.5002 5.93653 15.4846 
v -12.0002 5.93653 15.4846 
v -12.0002 5.974 15.5003 
v -12.0002 5.96372 15.5109 
v -16.5002 5.974 15.5003 
v -16.5002 5.96372 15.5109 
v -16.5002 5.96372 15.5109 
v -12.0002 5.96372 15.5109 
v -16.5002 5.95271 15.5003 
v -12.0002 5.95271 15.5003 
v -31.5002 5.96372 15.5109 
v -27.0002 5.96372 15.5109 
v -31.5002 5.95271 15.5003 
v -27.0002 5.95271 15.5003 
v -27.0002 5.974 15.5003 
v -27.0002 5.96372 15.5109 
v -31.5002 5.974 15.5003 
v -31.5002 5.96372 15.5109 
v -31.5002 5.95271 15.5003 
v -31.5002 5.93653 15.5003 
v -31.5002 5.96372 15.5109 
v -27.0002 5.93653 15.5003 
v -27.0002 5.96372 15.5109 
v -27.0002 5.95271 15.5003 
v -16.5002 5.96372 15.5109 
v -16.5002 5.93653 15.5003 
v -16.5002 5.95271 15.5003 
v -12.0002 5.93653 15.5003 
v -12.0002 5.96372 15.5109 
v -12.0002 5.95271 15.5003 
v -12.0002 11.9365 15.5003 
v -12.0002 11.9365 15.4978 
v -12.0002 11.9365 15.4978 
v -16.5002 11.9365 15.4978 
v -12.0002 11.9424 15.5022 
v -16.5002 11.9424 15.5022 
v -27.0002 11.9424 15.5022 
v -27.0002 11.9365 15.4978 
v -31.5002 11.9424 15.5022 
v -31.5002 11.9365 15.4978 
v -16.5002 5.93653 15.4846 
v -12.0002 5.93653 15.4846 
v -16.5002 3.88454 13.5003 
v -12.0002 5.93257 15.4808 
v -12.0002 3.88454 13.5003 
v -31.5002 5.93653 15.4846 
v -27.0002 5.93653 15.4846 
v -31.5002 3.88454 13.5003 
v -27.0002 5.93257 15.4808 
v -27.0002 3.88454 13.5003 
v -31.5002 5.93653 15.4846 
v -31.5002 3.88454 13.5003 
v -27.0002 5.93653 15.4846 
v -27.0002 5.93257 15.4808 
v -16.5002 5.93653 15.4846 
v -16.5002 3.88454 13.5003 
v -12.0002 5.93653 15.4846 
v -12.0002 5.93257 15.4808 
v -27.0002 5.974 15.5003 
v -27.0002 11.9365 15.5003 
v -16.5002 5.974 15.5003 
v -31.5002 5.974 15.5003 
v -16.5002 11.9365 15.5003 
v -16.5002 11.9365 15.4978 
v -27.0002 11.9365 15.4978 
v -31.5002 11.9365 15.5003 
v -31.5002 11.9365 15.4978 
v -12.0002 5.974 15.5003 
v -31.5002 0.436849 13.5003 
v -16.5002 0.436543 13.5003 

vn 1 0 0 
vn 1 0 0 
vn 1 0 0 
vn 0 -0.80315 -0.598425 
vn 0 -0.80315 -0.598425 
vn 0 -0.80315 -0.598425 
vn 0 -0.80315 -0.598425 
vn 0 0 -1 
vn 0 0 -1 
vn 0 0 -1 
vn 0 0 -1 
vn -1 0 0 
vn -1 0 0 
vn -1 0 0 
vn -1 0 0 
vn 0 1 0 
vn 0 1 0 
vn 0 1 0 
vn 0 1 0 
vn 1 0 0 
vn 0 -1 0 
vn 0 -1 0 
vn 0 -1 0 
vn 0 -1 0 
vn 0 0 1 
vn 0 0 1 
vn 0 0 1 
vn 0 0 1 
vn 0 0 1 
vn -1 0 0 
vn 0 0 -1 
vn 0 0 -1 
vn 0 0 -1 
vn 0 0 -1 
vn 1 0 0 
vn 1 0 0 
vn 1 0 0 
vn 1 0 0 
vn 1 0 0 
vn 1 0 0 
vn 1 0 0 
vn 0 -0.80315 -0.598425 
vn 0 -0.80315 -0.598425 
vn 0 -0.80315 -0.598425 
vn 0 -0.80315 -0.598425 
vn 0 0 -1 
vn 0 0 -1 
vn 0 0 -1 
vn 0 0 -1 
vn -1 0 0 
vn -1 0 0 
vn -1 0 0 
vn -1 0 0 
vn 0 1 0 
vn 0 1 0 
vn 0 1 0 
vn 0 1 0 
vn 1 0 0 
vn 0 -1 0 
vn 0 -1 0 
vn 0 -1 0 
vn 0 -1 0 
vn 0 0 1 
vn 0 0 1 
vn 0 0 1 
vn 0 0 1 
vn 0 0 1 
vn -1 0 0 
vn 0 0 -1 
vn 0 0 -1 
vn 0 0 -1 
vn 0 0 -1 
vn 1 0 0 
vn 1 0 0 
vn 1 0 0 
vn 1 0 0 
vn 0 -1 0 
vn 0 -1 0 
vn 0 -1 0 
vn 0 -1 0 
vn 0 0 -1 
vn 0 0 -1 
vn 0 0 -1 
vn 0 0 -1 
vn 0 0 -1 
vn 0 0 -1 
vn 0 0 -1 
vn 0 0 -1 
vn 0 -1 0 
vn 0 -1 0 
vn 0 -1 0 
vn 0 -1 0 
vn 0 0 -1 
vn 0 0 -1 
vn 0 0 -1 
vn 0 0 -1 
vn 0 1 0 
vn 0 1 0 
vn 0 1 0 
vn 0 1 0 
vn 0 0 -1 
vn 0 0 -1 
vn 0 0 -1 
vn 0 0 -1 
vn 0 1 0 
vn 0 1 0 
vn 0 1 0 
vn 0 1 0 
vn 0 -0.716535 -0.692913 
vn 0 -0.716535 -0.692913 
vn 0 -0.716535 -0.692913 
vn 0 -0.716535 -0.692913 
vn 0 0.692913 -0.716535 
vn 0 0.692913 -0.716535 
vn 0 0.692913 -0.716535 
vn 0 0.692913 -0.716535 
vn 0 0.692913 -0.716535 
vn 0 0.692913 -0.716535 
vn 0 0.692913 -0.716535 
vn 0 0.692913 -0.716535 
vn 0 -0.716535 -0.692913 
vn 0 -0.716535 -0.692913 
vn 0 -0.716535 -0.692913 
vn 0 -0.716535 -0.692913 
vn -1 0 0 
vn -1 0 0 
vn -1 0 0 
vn 1 0 0 
vn 1 0 0 
vn 1 0 0 
vn -1 0 0 
vn -1 0 0 
vn -1 0 0 
vn 1 0 0 
vn 1 0 0 
vn 1 0 0 
vn 1 0 0 
vn 1 0 0 
vn 0 0.598425 -0.80315 
vn 0 0.598425 -0.80315 
vn 0 0.598425 -0.80315 
vn 0 0.598425 -0.80315 
vn 0 0.598425 -0.80315 
vn 0 0.598425 -0.80315 
vn 0 0.598425 -0.80315 
vn 0 0.598425 -0.80315 
vn 0 0.692913 -0.716535 
vn 0 0.692913 -0.716535 
vn 0 0.692913 -0.716535 
vn 0 0.692913 -0.716535 
vn 0 0.692913 -0.716535 
vn 0 0.692913 -0.716535 
vn 0 0.692913 -0.716535 
vn 0 0.692913 -0.716535 
vn 0 0.692913 -0.716535 
vn 0 0.692913 -0.716535 
vn -1 0 0 
vn -1 0 0 
vn 1 0 0 
vn 1 0 0 
vn -1 0 0 
vn -1 0 0 
vn 1 0 0 
vn 1 0 0 
vn 1 0 0 
vn 1 0 0 
vn -1 0 0 
vn -1 0 0 
vn -1 0 0 
vn -1 0 0 
vn 1 0 0 
vn -1 0 0 
vn -1 0 0 
vn 1 0 0 
vn -1 0 0 
vn -1 0 0 

vt 54.3438 -0.375631 
vt 53.6562 1.91927e-05 
vt 54.0935 -0.561786 
vt 54.6562 -0.906493 
vt 55.2188 -0.906493 
vt 54.6562 -0.65625 
vt 55.2188 -0.65625 
vt 54.6562 -0.375631 
vt 55.2188 -0.375631 
vt 54.6562 1.91927e-05 
vt 55.2188 1.91927e-05 
vt 53.6562 -0.375631 
vt 53.9065 -0.561786 
vt 53.6562 1.91927e-05 
vt 54.3438 1.91927e-05 
vt 53.3438 -1.34375 
vt 53.3438 -0.65625 
vt 52.7812 -1.34375 
vt 52.7812 -0.65625 
vt 54.3438 1.91927e-05 
vt 55.2188 -1.34375 
vt 55.2188 -0.65625 
vt 54.6562 -1.34375 
vt 54.6562 -0.65625 
vt 53.3438 -1.99998 
vt 53.3438 -0.874153 
vt 52.7812 -1.99998 
vt 53.3438 1.91927e-05 
vt 52.7812 1.91927e-05 
vt 54.3438 -1.99998 
vt 54.6562 -1.99998 
vt 55.2188 -1.99998 
vt 54.6562 -1.56902 
vt 55.2188 -1.56902 
vt 54.3438 -1.99998 
vt 54.3438 -1.56902 
vt 53.6562 -1.99998 
vt 53.6562 -0.874153 
vt 54.3438 -0.375631 
vt 53.6562 -1.89543e-05 
vt 54.0935 -0.561786 
vt 52.7812 -0.906493 
vt 53.3438 -0.906493 
vt 52.7812 -0.65625 
vt 53.3438 -0.65625 
vt 53.3438 -0.375631 
vt 53.3438 -1.89543e-05 
vt 52.7812 -0.375631 
vt 52.7812 -1.89543e-05 
vt 53.6562 -0.375631 
vt 53.9065 -0.561786 
vt 53.6562 -1.89543e-05 
vt 54.3438 -1.89543e-05 
vt 55.2188 -1.34375 
vt 55.2188 -0.65625 
vt 54.6562 -1.34375 
vt 54.6562 -0.65625 
vt 54.3438 -1.89543e-05 
vt 53.3438 -1.34375 
vt 53.3438 -0.65625 
vt 52.7812 -1.34375 
vt 52.7812 -0.65625 
vt 55.2188 -2.00002 
vt 55.2188 -0.874153 
vt 54.6562 -2.00002 
vt 55.2188 -1.89543e-05 
vt 54.6562 -1.89543e-05 
vt 54.3438 -2.00002 
vt 53.3438 -1.56902 
vt 52.7812 -1.56902 
vt 53.3438 -2.00002 
vt 52.7812 -2.00002 
vt 54.3438 -2.00002 
vt 54.3438 -1.56902 
vt 53.6562 -2.00002 
vt 53.6562 -0.874153 
vt 52.7812 -0.90625 
vt 53.3438 -0.90625 
vt 52.7812 -0.905947 
vt 53.3438 -0.905947 
vt 53.3438 -0.562521 
vt 52.7812 -0.562521 
vt 53.3438 -1.30784 
vt 52.7812 -1.30784 
vt 55.2188 -0.562521 
vt 54.6562 -0.562521 
vt 55.2188 -1.30784 
vt 54.6562 -1.30784 
vt 54.6562 -0.90625 
vt 55.2188 -0.90625 
vt 54.6562 -0.905947 
vt 55.2188 -0.905947 
vt 54.6562 -1.31252 
vt 55.2188 -1.31252 
vt 54.6562 -1.3105 
vt 55.2188 -1.3105 
vt 52.7812 -0.90625 
vt 53.3438 -0.90625 
vt 52.7812 -0.904293 
vt 53.3438 -0.904293 
vt 52.7812 -1.31252 
vt 53.3438 -1.31252 
vt 52.7812 -1.3105 
vt 53.3438 -1.3105 
vt 54.6562 -0.90625 
vt 55.2188 -0.90625 
vt 54.6562 -0.904293 
vt 55.2188 -0.904293 
vt 52.7812 -0.90625 
vt 52.7812 -0.90758 
vt 53.3438 -0.90625 
vt 53.3438 -0.90758 
vt 53.3438 -1.30912 
vt 52.7812 -1.30912 
vt 53.3438 -1.3105 
vt 52.7812 -1.3105 
vt 55.2188 -1.30912 
vt 54.6562 -1.30912 
vt 55.2188 -1.3105 
vt 54.6562 -1.3105 
vt 54.6562 -0.90625 
vt 54.6562 -0.90758 
vt 55.2188 -0.90625 
vt 55.2188 -0.90758 
vt 53.9062 -1.3105 
vt 53.9062 -1.31252 
vt 53.9076 -1.30912 
vt 54.0938 -1.31252 
vt 54.0924 -1.30912 
vt 54.0938 -1.3105 
vt 53.9076 -1.30912 
vt 53.9062 -1.31252 
vt 53.9062 -1.3105 
vt 54.0938 -1.31252 
vt 54.0924 -1.30912 
vt 54.0938 -1.3105 
vt 54.0938 -0.562521 
vt 54.0941 -0.562521 
vt 52.7812 -0.562521 
vt 53.3438 -0.562521 
vt 52.7812 -0.561786 
vt 53.3438 -0.561786 
vt 54.6562 -0.561786 
vt 54.6562 -0.562521 
vt 55.2188 -0.561786 
vt 55.2188 -0.562521 
vt 53.3438 -1.31252 
vt 52.7812 -1.31252 
vt 53.3438 -1.56902 
vt 52.7812 -1.31302 
vt 52.7812 -1.56902 
vt 55.2188 -1.31252 
vt 54.6562 -1.31252 
vt 55.2188 -1.56902 
vt 54.6562 -1.31302 
vt 54.6562 -1.56902 
vt 53.9043 -1.31252 
vt 53.6562 -1.56902 
vt 54.0957 -1.31252 
vt 54.0962 -1.31302 
vt 53.9043 -1.31252 
vt 53.6562 -1.56902 
vt 54.0957 -1.31252 
vt 54.0962 -1.31302 
vt 54.0938 -1.30784 
vt 54.0938 -0.562521 
vt 53.9062 -1.30784 
vt 53.9062 -1.30784 
vt 53.9062 -0.562521 
vt 53.9059 -0.562521 
vt 54.0941 -0.562521 
vt 53.9062 -0.562521 
vt 53.9059 -0.562521 
vt 54.0938 -1.30784 
vt 53.6562 -1.99998 
vt 53.6562 -2.00002 

usemtl Part3Mtl

f 5229/5229/5229 5230/5230/5230 5231/5231/5231 
f 5232/5232/5232 5233/5233/5233 5234/5234/5234 
f 5233/5233/5233 5235/5235/5235 5234/5234/5234 
f 5236/5236/5236 5237/5237/5237 5238/5238/5238 
f 5237/5237/5237 5239/5239/5239 5238/5238/5238 
f 5240/5240/5240 5241/5241/5241 5242/5242/5242 
f 5241/5241/5241 5243/5243/5243 5242/5242/5242 
f 5244/5244/5244 5245/5245/5245 5246/5246/5246 
f 5245/5245/5245 5247/5247/5247 5246/5246/5246 
f 5229/5229/5229 5248/5248/5248 5230/5230/5230 
f 5249/5249/5249 5250/5250/5250 5251/5251/5251 
f 5250/5250/5250 5252/5252/5252 5251/5251/5251 
f 5253/5253/5253 5254/5254/5254 5255/5255/5255 
f 5254/5254/5254 5256/5256/5256 5255/5255/5255 
f 5257/5257/5257 5255/5255/5255 5256/5256/5256 
f 5241/5241/5241 5258/5258/5258 5243/5243/5243 
f 5259/5259/5259 5260/5260/5260 5261/5261/5261 
f 5260/5260/5260 5262/5262/5262 5261/5261/5261 
f 5263/5263/5263 5264/5264/5264 5265/5265/5265 
f 5230/5230/5230 5266/5266/5266 5265/5265/5265 
f 5267/5267/5267 5268/5268/5268 5269/5269/5269 
f 5270/5270/5270 5271/5271/5271 5272/5272/5272 
f 5271/5271/5271 5273/5273/5273 5272/5272/5272 
f 5274/5274/5274 5275/5275/5275 5276/5276/5276 
f 5277/5277/5277 5276/5276/5276 5275/5275/5275 
f 5278/5278/5278 5279/5279/5279 5280/5280/5280 
f 5279/5279/5279 5281/5281/5281 5280/5280/5280 
f 5282/5282/5282 5283/5283/5283 5284/5284/5284 
f 5283/5283/5283 5285/5285/5285 5284/5284/5284 
f 5267/5267/5267 5286/5286/5286 5268/5268/5268 
f 5287/5287/5287 5288/5288/5288 5289/5289/5289 
f 5288/5288/5288 5290/5290/5290 5289/5289/5289 
f 5291/5291/5291 5292/5292/5292 5293/5293/5293 
f 5292/5292/5292 5294/5294/5294 5293/5293/5293 
f 5295/5295/5295 5293/5293/5293 5294/5294/5294 
f 5279/5279/5279 5296/5296/5296 5281/5281/5281 
f 5297/5297/5297 5298/5298/5298 5299/5299/5299 
f 5298/5298/5298 5300/5300/5300 5299/5299/5299 
f 5301/5301/5301 5302/5302/5302 5303/5303/5303 
f 5268/5268/5268 5304/5304/5304 5303/5303/5303 
f 5305/5305/5305 5306/5306/5306 5307/5307/5307 
f 5306/5306/5306 5308/5308/5308 5307/5307/5307 
f 5309/5309/5309 5310/5310/5310 5311/5311/5311 
f 5310/5310/5310 5312/5312/5312 5311/5311/5311 
f 5313/5313/5313 5314/5314/5314 5315/5315/5315 
f 5314/5314/5314 5316/5316/5316 5315/5315/5315 
f 5317/5317/5317 5318/5318/5318 5319/5319/5319 
f 5318/5318/5318 5320/5320/5320 5319/5319/5319 
f 5321/5321/5321 5322/5322/5322 5323/5323/5323 
f 5322/5322/5322 5324/5324/5324 5323/5323/5323 
f 5325/5325/5325 5326/5326/5326 5327/5327/5327 
f 5326/5326/5326 5328/5328/5328 5327/5327/5327 
f 5329/5329/5329 5330/5330/5330 5331/5331/5331 
f 5330/5330/5330 5332/5332/5332 5331/5331/5331 
f 5333/5333/5333 5334/5334/5334 5335/5335/5335 
f 5334/5334/5334 5336/5336/5336 5335/5335/5335 
f 5337/5337/5337 5338/5338/5338 5339/5339/5339 
f 5338/5338/5338 5340/5340/5340 5339/5339/5339 
f 5341/5341/5341 5342/5342/5342 5343/5343/5343 
f 5342/5342/5342 5344/5344/5344 5343/5343/5343 
f 5345/5345/5345 5346/5346/5346 5347/5347/5347 
f 5346/5346/5346 5348/5348/5348 5347/5347/5347 
f 5349/5349/5349 5350/5350/5350 5351/5351/5351 
f 5350/5350/5350 5352/5352/5352 5351/5351/5351 
f 5353/5353/5353 5354/5354/5354 5355/5355/5355 
f 5354/5354/5354 5258/5258/5258 5355/5355/5355 
f 5258/5258/5258 5241/5241/5241 5355/5355/5355 
f 5356/5356/5356 5357/5357/5357 5265/5265/5265 
f 5358/5358/5358 5357/5357/5357 5356/5356/5356 
f 5296/5296/5296 5359/5359/5359 5360/5360/5360 
f 5361/5361/5361 5360/5360/5360 5359/5359/5359 
f 5362/5362/5362 5363/5363/5363 5303/5303/5303 
f 5364/5364/5364 5363/5363/5363 5362/5362/5362 
f 5365/5365/5365 5366/5366/5366 5269/5269/5269 
f 5367/5367/5367 5368/5368/5368 5369/5369/5369 
f 5368/5368/5368 5370/5370/5370 5369/5369/5369 
f 5371/5371/5371 5372/5372/5372 5373/5373/5373 
f 5372/5372/5372 5374/5374/5374 5373/5373/5373 
f 5375/5375/5375 5376/5376/5376 5377/5377/5377 
f 5376/5376/5376 5378/5378/5378 5377/5377/5377 
f 5378/5378/5378 5379/5379/5379 5377/5377/5377 
f 5380/5380/5380 5381/5381/5381 5382/5382/5382 
f 5381/5381/5381 5383/5383/5383 5382/5382/5382 
f 5383/5383/5383 5384/5384/5384 5382/5382/5382 
f 5385/5385/5385 5386/5386/5386 5354/5354/5354 
f 5356/5356/5356 5265/5265/5265 5387/5387/5387 
f 5265/5265/5265 5388/5388/5388 5387/5387/5387 
f 5389/5389/5389 5390/5390/5390 5360/5360/5360 
f 5362/5362/5362 5303/5303/5303 5391/5391/5391 
f 5303/5303/5303 5392/5392/5392 5391/5391/5391 
f 5393/5393/5393 5394/5394/5394 5357/5357/5357 
f 5394/5394/5394 5230/5230/5230 5357/5357/5357 
f 5230/5230/5230 5265/5265/5265 5357/5357/5357 
f 5395/5395/5395 5359/5359/5359 5279/5279/5279 
f 5359/5359/5359 5296/5296/5296 5279/5279/5279 
f 5241/5241/5241 5396/5396/5396 5355/5355/5355 
f 5395/5395/5395 5279/5279/5279 5397/5397/5397 
f 5279/5279/5279 5398/5398/5398 5397/5397/5397 
f 5399/5399/5399 5231/5231/5231 5394/5394/5394 
f 5231/5231/5231 5230/5230/5230 5394/5394/5394 
f 5396/5396/5396 5241/5241/5241 5400/5400/5400 
f 5241/5241/5241 5401/5401/5401 5400/5400/5400 
f 5268/5268/5268 5303/5303/5303 5269/5269/5269 
f 5303/5303/5303 5363/5363/5363 5269/5269/5269 
f 5363/5363/5363 5402/5402/5402 5269/5269/5269 
f 5402/5402/5402 5365/5365/5365 5269/5269/5269 
f 5354/5354/5354 5386/5386/5386 5258/5258/5258 
f 5386/5386/5386 5403/5403/5403 5258/5258/5258 
f 5265/5265/5265 5264/5264/5264 5388/5388/5388 
f 5360/5360/5360 5390/5390/5390 5296/5296/5296 
f 5390/5390/5390 5404/5404/5404 5296/5296/5296 
f 5303/5303/5303 5302/5302/5302 5392/5392/5392 

g Union26

v -36.5 5.96417 16.0106 
v -7 5.96417 16.0106 
v -36.5 5.95316 16 
v -7 5.95316 16 
v -36.5 5.93698 16 
v -36.5 5.95316 16 
v -7 5.93698 16 
v -7 5.95316 16 
v -7 5.93698 16 
v -7 5.93698 15.9843 
v -36.5 5.93698 16 
v -36.5 5.93698 15.9843 
v -7 3.88501 14 
v -7 5.93698 15.9843 
v -7 5.93698 16 
v -7 1.93668 14 
v -7 1.93668 19 
v -36.5 1.93668 19 
v -36.5 1.93668 14 
v -7 1.93668 19 
v -7 1.93668 14 
v -7 3.88501 14 
v -7 1.93668 14 
v -36.5 3.88501 14 
v -36.5 1.93668 14 
v -7 5.93698 15.9843 
v -7 3.88501 14 
v -36.5 5.93698 15.9843 
v -36.5 3.88501 14 
v -36.5 5.93698 15.9843 
v -36.5 3.88501 14 
v -36.5 5.93698 16 
v -36.5 1.93668 19 
v -36.5 1.93668 14 
v -7 15.4367 19 
v -7 15.4367 14 
v -36.5 15.4367 19 
v -36.5 15.4367 14 
v -36.5 5.93302 19 
v -36.5 5.96417 16.0106 
v -36.5 5.95316 16 
v -36.5 5.97445 16 
v -36.5 5.97445 16 
v -36.5 11.937 16 
v -7 5.97445 16 
v -7 11.937 16 
v -7 5.96417 16.0106 
v -36.5 5.96417 16.0106 
v -7 5.97445 16 
v -36.5 5.97445 16 
v -7 5.96417 16.0106 
v -7 5.95316 16 
v -7 15.4367 19 
v -7 5.97445 16 
v -7 1.93668 19 
v -7 15.4367 19 
v -36.5 1.93668 19 
v -36.5 15.4367 19 
v -36.5 5.93302 19 
v -36.5 9.44392 19 
v -7 11.9429 16.0019 
v -36.5 11.9429 16.0019 
v -7 13.4321 14 
v -36.5 13.4321 14 
v -36.5 11.9429 16.0019 
v -7 11.9429 16.0019 
v -36.5 11.937 15.9976 
v -7 11.937 15.9976 
v -7 11.937 16 
v -7 11.9429 16.0019 
v -36.5 11.937 16 
v -36.5 11.9429 16.0019 
v -36.5 11.937 15.9976 
v -36.5 11.937 16 
v -36.5 11.937 15.9976 
v -7 11.937 16 
v -7 11.937 15.9976 
v -7 11.937 15.9976 
v -36.5 15.4367 14 
v -7 15.4367 14 
v -36.5 13.4321 14 
v -7 13.4321 14 
v -7 13.4321 14 
v -7 15.4367 14 
v -36.5 13.4321 14 
v -36.5 15.4367 14 
v -36.5 15.4367 19 
v -36.5 9.44392 19 

vn 0 0.692913 -0.716535 
vn 0 0.692913 -0.716535 
vn 0 0.692913 -0.716535 
vn 0 0.692913 -0.716535 
vn 0 0 -1 
vn 0 0 -1 
vn 0 0 -1 
vn 0 0 -1 
vn 0 1 0 
vn 0 1 0 
vn 0 1 0 
vn 0 1 0 
vn 1 0 0 
vn 1 0 0 
vn 1 0 0 
vn 1 0 0 
vn 1 0 0 
vn 0 -1 0 
vn 0 -1 0 
vn 0 -1 0 
vn 0 -1 0 
vn 0 0 -1 
vn 0 0 -1 
vn 0 0 -1 
vn 0 0 -1 
vn 0 0.692913 -0.716535 
vn 0 0.692913 -0.716535 
vn 0 0.692913 -0.716535 
vn 0 0.692913 -0.716535 
vn -1 0 0 
vn -1 0 0 
vn -1 0 0 
vn -1 0 0 
vn -1 0 0 
vn 0 1 0 
vn 0 1 0 
vn 0 1 0 
vn 0 1 0 
vn -1 0 0 
vn -1 0 0 
vn -1 0 0 
vn -1 0 0 
vn 0 0 -1 
vn 0 0 -1 
vn 0 0 -1 
vn 0 0 -1 
vn 0 -0.716535 -0.692913 
vn 0 -0.716535 -0.692913 
vn 0 -0.716535 -0.692913 
vn 0 -0.716535 -0.692913 
vn 1 0 0 
vn 1 0 0 
vn 1 0 0 
vn 1 0 0 
vn 0 0 1 
vn 0 0 1 
vn 0 0 1 
vn 0 0 1 
vn 0 0 1 
vn 0 0 1 
vn 0 -0.80315 -0.598425 
vn 0 -0.80315 -0.598425 
vn 0 -0.80315 -0.598425 
vn 0 -0.80315 -0.598425 
vn 0 0.598425 -0.80315 
vn 0 0.598425 -0.80315 
vn 0 0.598425 -0.80315 
vn 0 0.598425 -0.80315 
vn 1 0 0 
vn 1 0 0 
vn -1 0 0 
vn -1 0 0 
vn -1 0 0 
vn 0 -1 0 
vn 0 -1 0 
vn 0 -1 0 
vn 0 -1 0 
vn 1 0 0 
vn 0 0 -1 
vn 0 0 -1 
vn 0 0 -1 
vn 0 0 -1 
vn 1 0 0 
vn 1 0 0 
vn -1 0 0 
vn -1 0 0 
vn -1 0 0 
vn -1 0 0 

vt 37.8438 -15.3096 
vt 34.1562 -15.3096 
vt 37.8438 -15.3115 
vt 34.1562 -15.3115 
vt 37.8438 -15.3131 
vt 37.8438 -15.3115 
vt 34.1562 -15.3131 
vt 34.1562 -15.3115 
vt 37.8438 -15.155 
vt 37.8438 -15.1534 
vt 34.1562 -15.155 
vt 34.1562 -15.1534 
vt 35.8925 -15.6681 
vt 35.8466 -15.3142 
vt 35.845 -15.3131 
vt 35.7471 -15.8635 
vt 35.2457 -15.4905 
vt 37.8438 -15.7543 
vt 37.8438 -15.2529 
vt 34.1562 -15.7543 
vt 34.1562 -15.2529 
vt 34.1562 -15.6681 
vt 34.1562 -15.8635 
vt 37.8438 -15.6681 
vt 37.8438 -15.8635 
vt 34.1562 -15.3142 
vt 34.1562 -15.6681 
vt 37.8438 -15.3142 
vt 37.8438 -15.6681 
vt 36.1534 -15.3142 
vt 36.1075 -15.6681 
vt 36.155 -15.3131 
vt 36.7543 -15.4905 
vt 36.2529 -15.8635 
vt 37.8438 -14.7471 
vt 37.8438 -14.2457 
vt 34.1562 -14.7471 
vt 34.1562 -14.2457 
vt 36.4562 -15.0897 
vt 36.154 -15.3096 
vt 36.1538 -15.3115 
vt 36.1522 -15.3093 
vt 37.8438 -15.3093 
vt 37.8438 -14.7113 
vt 34.1562 -15.3093 
vt 34.1562 -14.7113 
vt 34.1562 -15.154 
vt 37.8438 -15.154 
vt 34.1562 -15.1522 
vt 37.8438 -15.1522 
vt 35.846 -15.3096 
vt 35.8462 -15.3115 
vt 36.2529 -14.1365 
vt 35.8478 -15.3093 
vt 37.8438 -15.4905 
vt 37.8438 -14.1365 
vt 34.1562 -15.4905 
vt 34.1562 -14.1365 
vt 34.1562 -15.0897 
vt 34.1562 -14.7375 
vt 34.1562 -14.7071 
vt 37.8438 -14.7071 
vt 34.1562 -14.3952 
vt 37.8438 -14.3952 
vt 37.8438 -14.7106 
vt 34.1562 -14.7106 
vt 37.8438 -14.7115 
vt 34.1562 -14.7115 
vt 36.2926 -14.7113 
vt 36.2929 -14.7106 
vt 35.7074 -14.7113 
vt 35.7071 -14.7106 
vt 35.7071 -14.7115 
vt 37.8438 -14.7074 
vt 37.8438 -14.7071 
vt 34.1562 -14.7074 
vt 34.1562 -14.7071 
vt 36.2929 -14.7115 
vt 37.8438 -14.5095 
vt 34.1562 -14.5095 
vt 37.8438 -14.7106 
vt 34.1562 -14.7106 
vt 36.6048 -14.7106 
vt 36.7543 -14.5095 
vt 35.3952 -14.7106 
vt 35.2457 -14.5095 
vt 35.7471 -14.1365 
vt 36.1942 -14.7375 

usemtl Union3Mtl

f 5405/5405/5405 5406/5406/5406 5407/5407/5407 
f 5406/5406/5406 5408/5408/5408 5407/5407/5407 
f 5409/5409/5409 5410/5410/5410 5411/5411/5411 
f 5410/5410/5410 5412/5412/5412 5411/5411/5411 
f 5413/5413/5413 5414/5414/5414 5415/5415/5415 
f 5414/5414/5414 5416/5416/5416 5415/5415/5415 
f 5417/5417/5417 5418/5418/5418 5419/5419/5419 
f 5420/5420/5420 5417/5417/5417 5421/5421/5421 
f 5417/5417/5417 5419/5419/5419 5421/5421/5421 
f 5422/5422/5422 5423/5423/5423 5424/5424/5424 
f 5423/5423/5423 5425/5425/5425 5424/5424/5424 
f 5426/5426/5426 5427/5427/5427 5428/5428/5428 
f 5427/5427/5427 5429/5429/5429 5428/5428/5428 
f 5430/5430/5430 5431/5431/5431 5432/5432/5432 
f 5431/5431/5431 5433/5433/5433 5432/5432/5432 
f 5434/5434/5434 5435/5435/5435 5436/5436/5436 
f 5435/5435/5435 5437/5437/5437 5436/5436/5436 
f 5435/5435/5435 5438/5438/5438 5437/5437/5437 
f 5439/5439/5439 5440/5440/5440 5441/5441/5441 
f 5440/5440/5440 5442/5442/5442 5441/5441/5441 
f 5443/5443/5443 5444/5444/5444 5437/5437/5437 
f 5444/5444/5444 5436/5436/5436 5437/5437/5437 
f 5445/5445/5445 5436/5436/5436 5444/5444/5444 
f 5444/5444/5444 5443/5443/5443 5446/5446/5446 
f 5447/5447/5447 5448/5448/5448 5449/5449/5449 
f 5448/5448/5448 5450/5450/5450 5449/5449/5449 
f 5451/5451/5451 5452/5452/5452 5453/5453/5453 
f 5452/5452/5452 5454/5454/5454 5453/5453/5453 
f 5455/5455/5455 5421/5421/5421 5456/5456/5456 
f 5421/5421/5421 5419/5419/5419 5456/5456/5456 
f 5455/5455/5455 5457/5457/5457 5421/5421/5421 
f 5458/5458/5458 5457/5457/5457 5455/5455/5455 
f 5459/5459/5459 5460/5460/5460 5461/5461/5461 
f 5462/5462/5462 5461/5461/5461 5460/5460/5460 
f 5462/5462/5462 5463/5463/5463 5461/5461/5461 
f 5464/5464/5464 5463/5463/5463 5462/5462/5462 
f 5465/5465/5465 5466/5466/5466 5467/5467/5467 
f 5466/5466/5466 5468/5468/5468 5467/5467/5467 
f 5469/5469/5469 5470/5470/5470 5471/5471/5471 
f 5470/5470/5470 5472/5472/5472 5471/5471/5471 
f 5458/5458/5458 5473/5473/5473 5474/5474/5474 
f 5446/5446/5446 5443/5443/5443 5475/5475/5475 
f 5443/5443/5443 5476/5476/5476 5475/5475/5475 
f 5476/5476/5476 5477/5477/5477 5475/5475/5475 
f 5478/5478/5478 5479/5479/5479 5480/5480/5480 
f 5479/5479/5479 5481/5481/5481 5480/5480/5480 
f 5482/5482/5482 5474/5474/5474 5473/5473/5473 
f 5483/5483/5483 5484/5484/5484 5485/5485/5485 
f 5484/5484/5484 5486/5486/5486 5485/5485/5485 
f 5487/5487/5487 5488/5488/5488 5474/5474/5474 
f 5489/5489/5489 5476/5476/5476 5490/5490/5490 
f 5476/5476/5476 5491/5491/5491 5490/5490/5490 
f 5488/5488/5488 5457/5457/5457 5474/5474/5474 
f 5457/5457/5457 5458/5458/5458 5474/5474/5474 
f 5443/5443/5443 5492/5492/5492 5476/5476/5476 
f 5492/5492/5492 5491/5491/5491 5476/5476/5476 

g Ceiling5

v -36.4828 17.9367 -39.25 
v -65.4828 17.9367 -39.25 
v -36.4828 16.4367 -39.25 
v -65.4828 16.4367 -39.25 
v -65.4828 17.9367 -68.75 
v -65.4828 17.9367 -39.25 
v -36.4828 17.9367 -68.75 
v -36.4828 17.9367 -39.25 
v -65.4828 17.9367 -39.25 
v -65.4828 17.9367 -68.75 
v -65.4828 16.4367 -39.25 
v -65.4828 16.4367 -68.75 
v -65.4828 17.9367 -68.75 
v -36.4828 17.9367 -68.75 
v -65.4828 16.4367 -68.75 
v -36.4828 16.4367 -68.75 
v -36.4828 16.4367 -68.75 
v -36.4828 16.4367 -39.25 
v -65.4828 16.4367 -68.75 
v -65.4828 16.4367 -39.25 
v -36.4828 17.9367 -68.75 
v -36.4828 17.9367 -39.25 
v -36.4828 16.4367 -68.75 
v -36.4828 16.4367 -39.25 

vn 0 0 1 
vn 0 0 1 
vn 0 0 1 
vn 0 0 1 
vn 0 1 0 
vn 0 1 0 
vn 0 1 0 
vn 0 1 0 
vn -1 0 0 
vn -1 0 0 
vn -1 0 0 
vn -1 0 0 
vn 0 0 -1 
vn 0 0 -1 
vn 0 0 -1 
vn 0 0 -1 
vn 0 -1 0 
vn 0 -1 0 
vn 0 -1 0 
vn 0 -1 0 
vn 1 0 0 
vn 1 0 0 
vn 1 0 0 
vn 1 0 0 

vt 7.3531 1.99357 
vt 3.7281 1.99357 
vt 7.3531 1.80607 
vt 3.7281 1.80607 
vt 7.4156 1.99357 
vt 3.7281 1.99357 
vt 7.4156 -1.63143 
vt 3.7281 -1.63143 
vt 7.4156 1.99357 
vt 3.7281 1.99357 
vt 7.4156 1.80607 
vt 3.7281 1.80607 
vt 7.3531 1.99357 
vt 3.7281 1.99357 
vt 7.3531 1.80607 
vt 3.7281 1.80607 
vt 7.4156 1.99357 
vt 3.7281 1.99357 
vt 7.4156 -1.63143 
vt 3.7281 -1.63143 
vt 7.4156 1.99357 
vt 3.7281 1.99357 
vt 7.4156 1.80607 
vt 3.7281 1.80607 

usemtl Ceiling1Mtl

f 5493/5493/5493 5494/5494/5494 5495/5495/5495 
f 5495/5495/5495 5494/5494/5494 5496/5496/5496 
f 5497/5497/5497 5498/5498/5498 5499/5499/5499 
f 5499/5499/5499 5498/5498/5498 5500/5500/5500 
f 5501/5501/5501 5502/5502/5502 5503/5503/5503 
f 5503/5503/5503 5502/5502/5502 5504/5504/5504 
f 5505/5505/5505 5506/5506/5506 5507/5507/5507 
f 5507/5507/5507 5506/5506/5506 5508/5508/5508 
f 5509/5509/5509 5510/5510/5510 5511/5511/5511 
f 5511/5511/5511 5510/5510/5510 5512/5512/5512 
f 5513/5513/5513 5514/5514/5514 5515/5515/5515 
f 5515/5515/5515 5514/5514/5514 5516/5516/5516 

g Part89

v -51.9828 15.6804 -50.75 
v -49.4828 15.6804 -50.75 
v -51.9828 16.7525 -50.75 
v -49.4828 16.7525 -50.75 
v -49.4828 15.6804 -56.75 
v -49.4828 15.6804 -50.75 
v -51.9828 15.6804 -56.75 
v -51.9828 15.6804 -50.75 
v -49.4828 15.6804 -50.75 
v -49.4828 15.6804 -56.75 
v -49.4828 16.7525 -50.75 
v -49.4828 16.7525 -56.75 
v -49.4828 15.6804 -56.75 
v -51.9828 15.6804 -56.75 
v -49.4828 16.7525 -56.75 
v -51.9828 16.7525 -56.75 
v -51.9828 16.7525 -56.75 
v -51.9828 16.7525 -50.75 
v -49.4828 16.7525 -56.75 
v -49.4828 16.7525 -50.75 
v -51.9828 15.6804 -56.75 
v -51.9828 15.6804 -50.75 
v -51.9828 16.7525 -56.75 
v -51.9828 16.7525 -50.75 

vn 0 0 1 
vn 0 0 1 
vn 0 0 1 
vn 0 0 1 
vn 0 -1 0 
vn 0 -1 0 
vn 0 -1 0 
vn 0 -1 0 
vn 1 0 0 
vn 1 0 0 
vn 1 0 0 
vn 1 0 0 
vn 0 0 -1 
vn 0 0 -1 
vn 0 0 -1 
vn 0 0 -1 
vn 0 1 0 
vn 0 1 0 
vn 0 1 0 
vn 0 1 0 
vn -1 0 0 
vn -1 0 0 
vn -1 0 0 
vn -1 0 0 

vt 0.874555 0.584652 
vt 0.562055 0.584652 
vt 0.874555 0.450636 
vt 0.562055 0.450636 
vt 1.31206 0.584652 
vt 0.562055 0.584652 
vt 1.31206 0.272152 
vt 0.562055 0.272152 
vt 1.31206 0.584652 
vt 0.562055 0.584652 
vt 1.31206 0.450636 
vt 0.562055 0.450636 
vt 0.874555 0.584652 
vt 0.562055 0.584652 
vt 0.874555 0.450636 
vt 0.562055 0.450636 
vt 1.31206 0.584652 
vt 0.562055 0.584652 
vt 1.31206 0.272152 
vt 0.562055 0.272152 
vt 1.31206 0.584652 
vt 0.562055 0.584652 
vt 1.31206 0.450636 
vt 0.562055 0.450636 

usemtl Part1Mtl

f 5517/5517/5517 5518/5518/5518 5519/5519/5519 
f 5519/5519/5519 5518/5518/5518 5520/5520/5520 
f 5521/5521/5521 5522/5522/5522 5523/5523/5523 
f 5523/5523/5523 5522/5522/5522 5524/5524/5524 
f 5525/5525/5525 5526/5526/5526 5527/5527/5527 
f 5527/5527/5527 5526/5526/5526 5528/5528/5528 
f 5529/5529/5529 5530/5530/5530 5531/5531/5531 
f 5531/5531/5531 5530/5530/5530 5532/5532/5532 
f 5533/5533/5533 5534/5534/5534 5535/5535/5535 
f 5535/5535/5535 5534/5534/5534 5536/5536/5536 
f 5537/5537/5537 5538/5538/5538 5539/5539/5539 
f 5539/5539/5539 5538/5538/5538 5540/5540/5540 

g Part90

v -52.4828 15.7525 -50.25 
v -48.9828 15.7525 -50.25 
v -52.4828 17.2525 -50.25 
v -48.9828 17.2525 -50.25 
v -48.9828 15.7525 -57.25 
v -48.9828 15.7525 -50.25 
v -52.4828 15.7525 -57.25 
v -52.4828 15.7525 -50.25 
v -48.9828 15.7525 -50.25 
v -48.9828 15.7525 -57.25 
v -48.9828 17.2525 -50.25 
v -48.9828 17.2525 -57.25 
v -48.9828 15.7525 -57.25 
v -52.4828 15.7525 -57.25 
v -48.9828 17.2525 -57.25 
v -52.4828 17.2525 -57.25 
v -52.4828 17.2525 -57.25 
v -52.4828 17.2525 -50.25 
v -48.9828 17.2525 -57.25 
v -48.9828 17.2525 -50.25 
v -52.4828 15.7525 -57.25 
v -52.4828 15.7525 -50.25 
v -52.4828 17.2525 -57.25 
v -52.4828 17.2525 -50.25 

vn 0 0 1 
vn 0 0 1 
vn 0 0 1 
vn 0 0 1 
vn 0 -1 0 
vn 0 -1 0 
vn 0 -1 0 
vn 0 -1 0 
vn 1 0 0 
vn 1 0 0 
vn 1 0 0 
vn 1 0 0 
vn 0 0 -1 
vn 0 0 -1 
vn 0 0 -1 
vn 0 0 -1 
vn 0 1 0 
vn 0 1 0 
vn 0 1 0 
vn 0 1 0 
vn -1 0 0 
vn -1 0 0 
vn -1 0 0 
vn -1 0 0 

vt 5.1875 -1.25 
vt 4.75 -1.25 
vt 5.1875 -1.4375 
vt 4.75 -1.4375 
vt 5.625 -1.25 
vt 4.75 -1.25 
vt 5.625 -1.6875 
vt 4.75 -1.6875 
vt 5.625 -1.25 
vt 4.75 -1.25 
vt 5.625 -1.4375 
vt 4.75 -1.4375 
vt 5.1875 -1.25 
vt 4.75 -1.25 
vt 5.1875 -1.4375 
vt 4.75 -1.4375 
vt 5.625 -1.25 
vt 4.75 -1.25 
vt 5.625 -1.6875 
vt 4.75 -1.6875 
vt 5.625 -1.25 
vt 4.75 -1.25 
vt 5.625 -1.4375 
vt 4.75 -1.4375 

usemtl Part3Mtl

f 5541/5541/5541 5542/5542/5542 5543/5543/5543 
f 5543/5543/5543 5542/5542/5542 5544/5544/5544 
f 5545/5545/5545 5546/5546/5546 5547/5547/5547 
f 5547/5547/5547 5546/5546/5546 5548/5548/5548 
f 5549/5549/5549 5550/5550/5550 5551/5551/5551 
f 5551/5551/5551 5550/5550/5550 5552/5552/5552 
f 5553/5553/5553 5554/5554/5554 5555/5555/5555 
f 5555/5555/5555 5554/5554/5554 5556/5556/5556 
f 5557/5557/5557 5558/5558/5558 5559/5559/5559 
f 5559/5559/5559 5558/5558/5558 5560/5560/5560 
f 5561/5561/5561 5562/5562/5562 5563/5563/5563 
f 5563/5563/5563 5562/5562/5562 5564/5564/5564 

g Part91

v -41.4957 12.0142 -51.25 
v -40.4351 10.9535 -51.25 
v -40.7376 12.7723 -51.25 
v -39.677 11.7116 -51.25 
v -40.4351 10.9535 -56.25 
v -40.4351 10.9535 -51.25 
v -41.4957 12.0142 -56.25 
v -41.4957 12.0142 -51.25 
v -40.4351 10.9535 -51.25 
v -40.4351 10.9535 -56.25 
v -39.677 11.7116 -51.25 
v -39.677 11.7116 -56.25 
v -40.4351 10.9535 -56.25 
v -41.4957 12.0142 -56.25 
v -39.677 11.7116 -56.25 
v -40.7376 12.7723 -56.25 
v -40.7376 12.7723 -56.25 
v -40.7376 12.7723 -51.25 
v -39.677 11.7116 -56.25 
v -39.677 11.7116 -51.25 
v -41.4957 12.0142 -56.25 
v -41.4957 12.0142 -51.25 
v -40.7376 12.7723 -56.25 
v -40.7376 12.7723 -51.25 

vn 0 0 1 
vn 0 0 1 
vn 0 0 1 
vn 0 0 1 
vn -0.708661 -0.708661 0 
vn -0.708661 -0.708661 0 
vn -0.708661 -0.708661 0 
vn -0.708661 -0.708661 0 
vn 0.708661 -0.708661 0 
vn 0.708661 -0.708661 0 
vn 0.708661 -0.708661 0 
vn 0.708661 -0.708661 0 
vn 0 0 -1 
vn 0 0 -1 
vn 0 0 -1 
vn 0 0 -1 
vn 0.708661 0.708661 0 
vn 0.708661 0.708661 0 
vn 0.708661 0.708661 0 
vn 0.708661 0.708661 0 
vn -0.708661 0.708661 0 
vn -0.708661 0.708661 0 
vn -0.708661 0.708661 0 
vn -0.708661 0.708661 0 

vt 0.46435 0.606009 
vt 0.27685 0.606009 
vt 0.46435 0.471992 
vt 0.27685 0.471992 
vt 0.90185 0.606009 
vt 0.27685 0.606009 
vt 0.90185 0.418509 
vt 0.27685 0.418509 
vt 0.90185 0.606009 
vt 0.27685 0.606009 
vt 0.90185 0.471992 
vt 0.27685 0.471992 
vt 0.46435 0.606009 
vt 0.27685 0.606009 
vt 0.46435 0.471992 
vt 0.27685 0.471992 
vt 0.90185 0.606009 
vt 0.27685 0.606009 
vt 0.90185 0.418509 
vt 0.27685 0.418509 
vt 0.90185 0.606009 
vt 0.27685 0.606009 
vt 0.90185 0.471992 
vt 0.27685 0.471992 

usemtl Part1Mtl

f 5565/5565/5565 5566/5566/5566 5567/5567/5567 
f 5567/5567/5567 5566/5566/5566 5568/5568/5568 
f 5569/5569/5569 5570/5570/5570 5571/5571/5571 
f 5571/5571/5571 5570/5570/5570 5572/5572/5572 
f 5573/5573/5573 5574/5574/5574 5575/5575/5575 
f 5575/5575/5575 5574/5574/5574 5576/5576/5576 
f 5577/5577/5577 5578/5578/5578 5579/5579/5579 
f 5579/5579/5579 5578/5578/5578 5580/5580/5580 
f 5581/5581/5581 5582/5582/5582 5583/5583/5583 
f 5583/5583/5583 5582/5582/5582 5584/5584/5584 
f 5585/5585/5585 5586/5586/5586 5587/5587/5587 
f 5587/5587/5587 5586/5586/5586 5588/5588/5588 

g Part92

v -41.7983 12.4188 -50.75 
v -40.0305 10.651 -50.75 
v -41.0912 13.1259 -50.75 
v -39.3234 11.3581 -50.75 
v -40.0305 10.651 -56.75 
v -40.0305 10.651 -50.75 
v -41.7983 12.4188 -56.75 
v -41.7983 12.4188 -50.75 
v -40.0305 10.651 -50.75 
v -40.0305 10.651 -56.75 
v -39.3234 11.3581 -50.75 
v -39.3234 11.3581 -56.75 
v -40.0305 10.651 -56.75 
v -41.7983 12.4188 -56.75 
v -39.3234 11.3581 -56.75 
v -41.0912 13.1259 -56.75 
v -41.0912 13.1259 -56.75 
v -41.0912 13.1259 -50.75 
v -39.3234 11.3581 -56.75 
v -39.3234 11.3581 -50.75 
v -41.7983 12.4188 -56.75 
v -41.7983 12.4188 -50.75 
v -41.0912 13.1259 -56.75 
v -41.0912 13.1259 -50.75 

vn 0 0 1 
vn 0 0 1 
vn 0 0 1 
vn 0 0 1 
vn -0.708661 -0.708661 0 
vn -0.708661 -0.708661 0 
vn -0.708661 -0.708661 0 
vn -0.708661 -0.708661 0 
vn 0.708661 -0.708661 0 
vn 0.708661 -0.708661 0 
vn 0.708661 -0.708661 0 
vn 0.708661 -0.708661 0 
vn 0 0 -1 
vn 0 0 -1 
vn 0 0 -1 
vn 0 0 -1 
vn 0.708661 0.708661 0 
vn 0.708661 0.708661 0 
vn 0.708661 0.708661 0 
vn 0.708661 0.708661 0 
vn -0.708661 0.708661 0 
vn -0.708661 0.708661 0 
vn -0.708661 0.708661 0 
vn -0.708661 0.708661 0 

vt 2.3125 -5.75 
vt 2 -5.75 
vt 2.3125 -5.875 
vt 2 -5.875 
vt 2.75 -5.75 
vt 2 -5.75 
vt 2.75 -6.0625 
vt 2 -6.0625 
vt 2.75 -5.75 
vt 2 -5.75 
vt 2.75 -5.875 
vt 2 -5.875 
vt 2.3125 -5.75 
vt 2 -5.75 
vt 2.3125 -5.875 
vt 2 -5.875 
vt 2.75 -5.75 
vt 2 -5.75 
vt 2.75 -6.0625 
vt 2 -6.0625 
vt 2.75 -5.75 
vt 2 -5.75 
vt 2.75 -5.875 
vt 2 -5.875 

usemtl Union1Mtl

f 5589/5589/5589 5590/5590/5590 5591/5591/5591 
f 5591/5591/5591 5590/5590/5590 5592/5592/5592 
f 5593/5593/5593 5594/5594/5594 5595/5595/5595 
f 5595/5595/5595 5594/5594/5594 5596/5596/5596 
f 5597/5597/5597 5598/5598/5598 5599/5599/5599 
f 5599/5599/5599 5598/5598/5598 5600/5600/5600 
f 5601/5601/5601 5602/5602/5602 5603/5603/5603 
f 5603/5603/5603 5602/5602/5602 5604/5604/5604 
f 5605/5605/5605 5606/5606/5606 5607/5607/5607 
f 5607/5607/5607 5606/5606/5606 5608/5608/5608 
f 5609/5609/5609 5610/5610/5610 5611/5611/5611 
f 5611/5611/5611 5610/5610/5610 5612/5612/5612 

g Part93

v -41.7983 13.1259 -50.25 
v -39.3234 10.651 -50.25 
v -40.7376 14.1865 -50.25 
v -38.2628 11.7116 -50.25 
v -39.3234 10.651 -57.25 
v -39.3234 10.651 -50.25 
v -41.7983 13.1259 -57.25 
v -41.7983 13.1259 -50.25 
v -39.3234 10.651 -50.25 
v -39.3234 10.651 -57.25 
v -38.2628 11.7116 -50.25 
v -38.2628 11.7116 -57.25 
v -39.3234 10.651 -57.25 
v -41.7983 13.1259 -57.25 
v -38.2628 11.7116 -57.25 
v -40.7376 14.1865 -57.25 
v -40.7376 14.1865 -57.25 
v -40.7376 14.1865 -50.25 
v -38.2628 11.7116 -57.25 
v -38.2628 11.7116 -50.25 
v -41.7983 13.1259 -57.25 
v -41.7983 13.1259 -50.25 
v -40.7376 14.1865 -57.25 
v -40.7376 14.1865 -50.25 

vn 0 0 1 
vn 0 0 1 
vn 0 0 1 
vn 0 0 1 
vn -0.708661 -0.708661 0 
vn -0.708661 -0.708661 0 
vn -0.708661 -0.708661 0 
vn -0.708661 -0.708661 0 
vn 0.708661 -0.708661 0 
vn 0.708661 -0.708661 0 
vn 0.708661 -0.708661 0 
vn 0.708661 -0.708661 0 
vn 0 0 -1 
vn 0 0 -1 
vn 0 0 -1 
vn 0 0 -1 
vn 0.708661 0.708661 0 
vn 0.708661 0.708661 0 
vn 0.708661 0.708661 0 
vn 0.708661 0.708661 0 
vn -0.708661 0.708661 0 
vn -0.708661 0.708661 0 
vn -0.708661 0.708661 0 
vn -0.708661 0.708661 0 

vt 6.9375 -3.25 
vt 6.5 -3.25 
vt 6.9375 -3.4375 
vt 6.5 -3.4375 
vt 7.375 -3.25 
vt 6.5 -3.25 
vt 7.375 -3.6875 
vt 6.5 -3.6875 
vt 7.375 -3.25 
vt 6.5 -3.25 
vt 7.375 -3.4375 
vt 6.5 -3.4375 
vt 6.9375 -3.25 
vt 6.5 -3.25 
vt 6.9375 -3.4375 
vt 6.5 -3.4375 
vt 7.375 -3.25 
vt 6.5 -3.25 
vt 7.375 -3.6875 
vt 6.5 -3.6875 
vt 7.375 -3.25 
vt 6.5 -3.25 
vt 7.375 -3.4375 
vt 6.5 -3.4375 

usemtl Part3Mtl

f 5613/5613/5613 5614/5614/5614 5615/5615/5615 
f 5615/5615/5615 5614/5614/5614 5616/5616/5616 
f 5617/5617/5617 5618/5618/5618 5619/5619/5619 
f 5619/5619/5619 5618/5618/5618 5620/5620/5620 
f 5621/5621/5621 5622/5622/5622 5623/5623/5623 
f 5623/5623/5623 5622/5622/5622 5624/5624/5624 
f 5625/5625/5625 5626/5626/5626 5627/5627/5627 
f 5627/5627/5627 5626/5626/5626 5628/5628/5628 
f 5629/5629/5629 5630/5630/5630 5631/5631/5631 
f 5631/5631/5631 5630/5630/5630 5632/5632/5632 
f 5633/5633/5633 5634/5634/5634 5635/5635/5635 
f 5635/5635/5635 5634/5634/5634 5636/5636/5636 

g Part94

v -36.4828 1.93664 -39.25 
v -41.4828 1.93664 -39.25 
v -36.4828 0.936643 -39.25 
v -41.4828 0.936643 -39.25 
v -41.4828 1.93664 -68.75 
v -41.4828 1.93664 -39.25 
v -36.4828 1.93664 -68.75 
v -36.4828 1.93664 -39.25 
v -41.4828 1.93664 -39.25 
v -41.4828 1.93664 -68.75 
v -41.4828 0.936643 -39.25 
v -41.4828 0.936643 -68.75 
v -41.4828 1.93664 -68.75 
v -36.4828 1.93664 -68.75 
v -41.4828 0.936643 -68.75 
v -36.4828 0.936643 -68.75 
v -36.4828 0.936643 -68.75 
v -36.4828 0.936643 -39.25 
v -41.4828 0.936643 -68.75 
v -41.4828 0.936643 -39.25 
v -36.4828 1.93664 -68.75 
v -36.4828 1.93664 -39.25 
v -36.4828 0.936643 -68.75 
v -36.4828 0.936643 -39.25 

vn 0 0 1 
vn 0 0 1 
vn 0 0 1 
vn 0 0 1 
vn 0 1 0 
vn 0 1 0 
vn 0 1 0 
vn 0 1 0 
vn -1 0 0 
vn -1 0 0 
vn -1 0 0 
vn -1 0 0 
vn 0 0 -1 
vn 0 0 -1 
vn 0 0 -1 
vn 0 0 -1 
vn 0 -1 0 
vn 0 -1 0 
vn 0 -1 0 
vn 0 -1 0 
vn 1 0 0 
vn 1 0 0 
vn 1 0 0 
vn 1 0 0 

vt 6.625 1 
vt 6 1 
vt 6.625 0.875 
vt 6 0.875 
vt 9.6875 1 
vt 6 1 
vt 9.6875 0.375 
vt 6 0.375 
vt 9.6875 1 
vt 6 1 
vt 9.6875 0.875 
vt 6 0.875 
vt 6.625 1 
vt 6 1 
vt 6.625 0.875 
vt 6 0.875 
vt 9.6875 1 
vt 6 1 
vt 9.6875 0.375 
vt 6 0.375 
vt 9.6875 1 
vt 6 1 
vt 9.6875 0.875 
vt 6 0.875 

usemtl Part3Mtl

f 5637/5637/5637 5638/5638/5638 5639/5639/5639 
f 5639/5639/5639 5638/5638/5638 5640/5640/5640 
f 5641/5641/5641 5642/5642/5642 5643/5643/5643 
f 5643/5643/5643 5642/5642/5642 5644/5644/5644 
f 5645/5645/5645 5646/5646/5646 5647/5647/5647 
f 5647/5647/5647 5646/5646/5646 5648/5648/5648 
f 5649/5649/5649 5650/5650/5650 5651/5651/5651 
f 5651/5651/5651 5650/5650/5650 5652/5652/5652 
f 5653/5653/5653 5654/5654/5654 5655/5655/5655 
f 5655/5655/5655 5654/5654/5654 5656/5656/5656 
f 5657/5657/5657 5658/5658/5658 5659/5659/5659 
f 5659/5659/5659 5658/5658/5658 5660/5660/5660 

g Part95

v -36.4828 16.4367 -39.25 
v -41.4828 16.4367 -39.25 
v -36.4828 15.4367 -39.25 
v -41.4828 15.4367 -39.25 
v -41.4828 16.4367 -68.75 
v -41.4828 16.4367 -39.25 
v -36.4828 16.4367 -68.75 
v -36.4828 16.4367 -39.25 
v -41.4828 16.4367 -39.25 
v -41.4828 16.4367 -68.75 
v -41.4828 15.4367 -39.25 
v -41.4828 15.4367 -68.75 
v -41.4828 16.4367 -68.75 
v -36.4828 16.4367 -68.75 
v -41.4828 15.4367 -68.75 
v -36.4828 15.4367 -68.75 
v -36.4828 15.4367 -68.75 
v -36.4828 15.4367 -39.25 
v -41.4828 15.4367 -68.75 
v -41.4828 15.4367 -39.25 
v -36.4828 16.4367 -68.75 
v -36.4828 16.4367 -39.25 
v -36.4828 15.4367 -68.75 
v -36.4828 15.4367 -39.25 

vn 0 0 1 
vn 0 0 1 
vn 0 0 1 
vn 0 0 1 
vn 0 1 0 
vn 0 1 0 
vn 0 1 0 
vn 0 1 0 
vn -1 0 0 
vn -1 0 0 
vn -1 0 0 
vn -1 0 0 
vn 0 0 -1 
vn 0 0 -1 
vn 0 0 -1 
vn 0 0 -1 
vn 0 -1 0 
vn 0 -1 0 
vn 0 -1 0 
vn 0 -1 0 
vn 1 0 0 
vn 1 0 0 
vn 1 0 0 
vn 1 0 0 

vt 4.625 -5 
vt 4 -5 
vt 4.625 -5.125 
vt 4 -5.125 
vt 7.6875 -5 
vt 4 -5 
vt 7.6875 -5.625 
vt 4 -5.625 
vt 7.6875 -5 
vt 4 -5 
vt 7.6875 -5.125 
vt 4 -5.125 
vt 4.625 -5 
vt 4 -5 
vt 4.625 -5.125 
vt 4 -5.125 
vt 7.6875 -5 
vt 4 -5 
vt 7.6875 -5.625 
vt 4 -5.625 
vt 7.6875 -5 
vt 4 -5 
vt 7.6875 -5.125 
vt 4 -5.125 

usemtl Part3Mtl

f 5661/5661/5661 5662/5662/5662 5663/5663/5663 
f 5663/5663/5663 5662/5662/5662 5664/5664/5664 
f 5665/5665/5665 5666/5666/5666 5667/5667/5667 
f 5667/5667/5667 5666/5666/5666 5668/5668/5668 
f 5669/5669/5669 5670/5670/5670 5671/5671/5671 
f 5671/5671/5671 5670/5670/5670 5672/5672/5672 
f 5673/5673/5673 5674/5674/5674 5675/5675/5675 
f 5675/5675/5675 5674/5674/5674 5676/5676/5676 
f 5677/5677/5677 5678/5678/5678 5679/5679/5679 
f 5679/5679/5679 5678/5678/5678 5680/5680/5680 
f 5681/5681/5681 5682/5682/5682 5683/5683/5683 
f 5683/5683/5683 5682/5682/5682 5684/5684/5684 

g Union27

v -39.4722 5.96417 -39.25 
v -39.4722 5.96417 -68.75 
v -39.4828 5.95316 -39.25 
v -39.4828 5.95316 -68.75 
v -39.4828 5.93698 -39.25 
v -39.4828 5.95316 -39.25 
v -39.4828 5.93698 -68.75 
v -39.4828 5.95316 -68.75 
v -39.4828 5.93698 -68.75 
v -39.4985 5.93698 -68.75 
v -39.4828 5.93698 -39.25 
v -39.4985 5.93698 -39.25 
v -41.4828 3.88501 -68.75 
v -39.4985 5.93698 -68.75 
v -39.4828 5.93698 -68.75 
v -41.4828 1.93668 -68.75 
v -36.4828 1.93668 -68.75 
v -36.4828 1.93668 -39.25 
v -41.4828 1.93668 -39.25 
v -36.4828 1.93668 -68.75 
v -41.4828 1.93668 -68.75 
v -41.4828 3.88501 -68.75 
v -41.4828 1.93668 -68.75 
v -41.4828 3.88501 -39.25 
v -41.4828 1.93668 -39.25 
v -39.4985 5.93698 -68.75 
v -41.4828 3.88501 -68.75 
v -39.4985 5.93698 -39.25 
v -41.4828 3.88501 -39.25 
v -39.4985 5.93698 -39.25 
v -41.4828 3.88501 -39.25 
v -39.4828 5.93698 -39.25 
v -36.4828 1.93668 -39.25 
v -41.4828 1.93668 -39.25 
v -36.4828 15.4367 -68.75 
v -41.4828 15.4367 -68.75 
v -36.4828 15.4367 -39.25 
v -41.4828 15.4367 -39.25 
v -36.4828 5.93302 -39.25 
v -39.4722 5.96417 -39.25 
v -39.4828 5.95316 -39.25 
v -39.4828 5.97445 -39.25 
v -39.4828 5.97445 -39.25 
v -39.4828 11.937 -39.25 
v -39.4828 5.97445 -68.75 
v -39.4828 11.937 -68.75 
v -39.4722 5.96417 -68.75 
v -39.4722 5.96417 -39.25 
v -39.4828 5.97445 -68.75 
v -39.4828 5.97445 -39.25 
v -39.4722 5.96417 -68.75 
v -39.4828 5.95316 -68.75 
v -36.4828 15.4367 -68.75 
v -39.4828 5.97445 -68.75 
v -36.4828 1.93668 -68.75 
v -36.4828 15.4367 -68.75 
v -36.4828 1.93668 -39.25 
v -36.4828 15.4367 -39.25 
v -36.4828 5.93302 -39.25 
v -36.4828 9.44392 -39.25 
v -39.4809 11.9429 -68.75 
v -39.4809 11.9429 -39.25 
v -41.4828 13.4321 -68.75 
v -41.4828 13.4321 -39.25 
v -39.4809 11.9429 -39.25 
v -39.4809 11.9429 -68.75 
v -39.4852 11.937 -39.25 
v -39.4852 11.937 -68.75 
v -39.4828 11.937 -68.75 
v -39.4809 11.9429 -68.75 
v -39.4828 11.937 -39.25 
v -39.4809 11.9429 -39.25 
v -39.4852 11.937 -39.25 
v -39.4828 11.937 -39.25 
v -39.4852 11.937 -39.25 
v -39.4828 11.937 -68.75 
v -39.4852 11.937 -68.75 
v -39.4852 11.937 -68.75 
v -41.4828 15.4367 -39.25 
v -41.4828 15.4367 -68.75 
v -41.4828 13.4321 -39.25 
v -41.4828 13.4321 -68.75 
v -41.4828 13.4321 -68.75 
v -41.4828 15.4367 -68.75 
v -41.4828 13.4321 -39.25 
v -41.4828 15.4367 -39.25 
v -36.4828 15.4367 -39.25 
v -36.4828 9.44392 -39.25 

vn -0.716535 0.692913 0 
vn -0.716535 0.692913 0 
vn -0.716535 0.692913 0 
vn -0.716535 0.692913 0 
vn -1 0 0 
vn -1 0 0 
vn -1 0 0 
vn -1 0 0 
vn 0 1 0 
vn 0 1 0 
vn 0 1 0 
vn 0 1 0 
vn 0 0 -1 
vn 0 0 -1 
vn 0 0 -1 
vn 0 0 -1 
vn 0 0 -1 
vn 0 -1 0 
vn 0 -1 0 
vn 0 -1 0 
vn 0 -1 0 
vn -1 0 0 
vn -1 0 0 
vn -1 0 0 
vn -1 0 0 
vn -0.716535 0.692913 0 
vn -0.716535 0.692913 0 
vn -0.716535 0.692913 0 
vn -0.716535 0.692913 0 
vn 0 0 1 
vn 0 0 1 
vn 0 0 1 
vn 0 0 1 
vn 0 0 1 
vn 0 1 0 
vn 0 1 0 
vn 0 1 0 
vn 0 1 0 
vn 0 0 1 
vn 0 0 1 
vn 0 0 1 
vn 0 0 1 
vn -1 0 0 
vn -1 0 0 
vn -1 0 0 
vn -1 0 0 
vn -0.692913 -0.716535 0 
vn -0.692913 -0.716535 0 
vn -0.692913 -0.716535 0 
vn -0.692913 -0.716535 0 
vn 0 0 -1 
vn 0 0 -1 
vn 0 0 -1 
vn 0 0 -1 
vn 1 0 0 
vn 1 0 0 
vn 1 0 0 
vn 1 0 0 
vn 1 0 0 
vn 1 0 0 
vn -0.598425 -0.80315 0 
vn -0.598425 -0.80315 0 
vn -0.598425 -0.80315 0 
vn -0.598425 -0.80315 0 
vn -0.80315 0.598425 0 
vn -0.80315 0.598425 0 
vn -0.80315 0.598425 0 
vn -0.80315 0.598425 0 
vn 0 0 -1 
vn 0 0 -1 
vn 0 0 1 
vn 0 0 1 
vn 0 0 1 
vn 0 -1 0 
vn 0 -1 0 
vn 0 -1 0 
vn 0 -1 0 
vn 0 0 -1 
vn -1 0 0 
vn -1 0 0 
vn -1 0 0 
vn -1 0 0 
vn 0 0 -1 
vn 0 0 -1 
vn 0 0 1 
vn 0 0 1 
vn 0 0 1 
vn 0 0 1 

vt 27.8438 -33.3096 
vt 24.1562 -33.3096 
vt 27.8438 -33.3115 
vt 24.1562 -33.3115 
vt 27.8438 -33.3131 
vt 27.8438 -33.3115 
vt 24.1562 -33.3131 
vt 24.1562 -33.3115 
vt 27.8438 -33.155 
vt 27.8438 -33.1534 
vt 24.1562 -33.155 
vt 24.1562 -33.1534 
vt 25.8925 -33.6681 
vt 25.8466 -33.3142 
vt 25.845 -33.3131 
vt 25.7471 -33.8635 
vt 25.2457 -33.4905 
vt 27.8438 -33.7543 
vt 27.8438 -33.2529 
vt 24.1562 -33.7543 
vt 24.1562 -33.2529 
vt 24.1562 -33.6681 
vt 24.1562 -33.8635 
vt 27.8438 -33.6681 
vt 27.8438 -33.8635 
vt 24.1562 -33.3142 
vt 24.1562 -33.6681 
vt 27.8438 -33.3142 
vt 27.8438 -33.6681 
vt 26.1534 -33.3142 
vt 26.1075 -33.6681 
vt 26.155 -33.3131 
vt 26.7543 -33.4905 
vt 26.2529 -33.8635 
vt 27.8438 -32.7471 
vt 27.8438 -32.2457 
vt 24.1562 -32.7471 
vt 24.1562 -32.2457 
vt 26.4562 -33.0897 
vt 26.154 -33.3096 
vt 26.1538 -33.3115 
vt 26.1522 -33.3093 
vt 27.8438 -33.3093 
vt 27.8438 -32.7113 
vt 24.1562 -33.3093 
vt 24.1562 -32.7113 
vt 24.1562 -33.154 
vt 27.8438 -33.154 
vt 24.1562 -33.1522 
vt 27.8438 -33.1522 
vt 25.846 -33.3096 
vt 25.8462 -33.3115 
vt 26.2529 -32.1365 
vt 25.8478 -33.3093 
vt 27.8438 -33.4905 
vt 27.8438 -32.1365 
vt 24.1562 -33.4905 
vt 24.1562 -32.1365 
vt 24.1562 -33.0897 
vt 24.1562 -32.7375 
vt 24.1562 -32.7071 
vt 27.8438 -32.7071 
vt 24.1562 -32.3952 
vt 27.8438 -32.3952 
vt 27.8438 -32.7106 
vt 24.1562 -32.7106 
vt 27.8438 -32.7115 
vt 24.1562 -32.7115 
vt 26.2926 -32.7113 
vt 26.2929 -32.7106 
vt 25.7074 -32.7113 
vt 25.7071 -32.7106 
vt 25.7071 -32.7115 
vt 27.8438 -32.7074 
vt 27.8438 -32.7071 
vt 24.1562 -32.7074 
vt 24.1562 -32.7071 
vt 26.2929 -32.7115 
vt 27.8438 -32.5095 
vt 24.1562 -32.5095 
vt 27.8438 -32.7106 
vt 24.1562 -32.7106 
vt 26.6048 -32.7106 
vt 26.7543 -32.5095 
vt 25.3952 -32.7106 
vt 25.2457 -32.5095 
vt 25.7471 -32.1365 
vt 26.1942 -32.7375 

usemtl Union3Mtl

f 5685/5685/5685 5686/5686/5686 5687/5687/5687 
f 5686/5686/5686 5688/5688/5688 5687/5687/5687 
f 5689/5689/5689 5690/5690/5690 5691/5691/5691 
f 5690/5690/5690 5692/5692/5692 5691/5691/5691 
f 5693/5693/5693 5694/5694/5694 5695/5695/5695 
f 5694/5694/5694 5696/5696/5696 5695/5695/5695 
f 5697/5697/5697 5698/5698/5698 5699/5699/5699 
f 5700/5700/5700 5697/5697/5697 5701/5701/5701 
f 5697/5697/5697 5699/5699/5699 5701/5701/5701 
f 5702/5702/5702 5703/5703/5703 5704/5704/5704 
f 5703/5703/5703 5705/5705/5705 5704/5704/5704 
f 5706/5706/5706 5707/5707/5707 5708/5708/5708 
f 5707/5707/5707 5709/5709/5709 5708/5708/5708 
f 5710/5710/5710 5711/5711/5711 5712/5712/5712 
f 5711/5711/5711 5713/5713/5713 5712/5712/5712 
f 5714/5714/5714 5715/5715/5715 5716/5716/5716 
f 5715/5715/5715 5717/5717/5717 5716/5716/5716 
f 5715/5715/5715 5718/5718/5718 5717/5717/5717 
f 5719/5719/5719 5720/5720/5720 5721/5721/5721 
f 5720/5720/5720 5722/5722/5722 5721/5721/5721 
f 5723/5723/5723 5724/5724/5724 5717/5717/5717 
f 5724/5724/5724 5716/5716/5716 5717/5717/5717 
f 5725/5725/5725 5716/5716/5716 5724/5724/5724 
f 5724/5724/5724 5723/5723/5723 5726/5726/5726 
f 5727/5727/5727 5728/5728/5728 5729/5729/5729 
f 5728/5728/5728 5730/5730/5730 5729/5729/5729 
f 5731/5731/5731 5732/5732/5732 5733/5733/5733 
f 5732/5732/5732 5734/5734/5734 5733/5733/5733 
f 5735/5735/5735 5701/5701/5701 5736/5736/5736 
f 5701/5701/5701 5699/5699/5699 5736/5736/5736 
f 5735/5735/5735 5737/5737/5737 5701/5701/5701 
f 5738/5738/5738 5737/5737/5737 5735/5735/5735 
f 5739/5739/5739 5740/5740/5740 5741/5741/5741 
f 5742/5742/5742 5741/5741/5741 5740/5740/5740 
f 5742/5742/5742 5743/5743/5743 5741/5741/5741 
f 5744/5744/5744 5743/5743/5743 5742/5742/5742 
f 5745/5745/5745 5746/5746/5746 5747/5747/5747 
f 5746/5746/5746 5748/5748/5748 5747/5747/5747 
f 5749/5749/5749 5750/5750/5750 5751/5751/5751 
f 5750/5750/5750 5752/5752/5752 5751/5751/5751 
f 5738/5738/5738 5753/5753/5753 5754/5754/5754 
f 5726/5726/5726 5723/5723/5723 5755/5755/5755 
f 5723/5723/5723 5756/5756/5756 5755/5755/5755 
f 5756/5756/5756 5757/5757/5757 5755/5755/5755 
f 5758/5758/5758 5759/5759/5759 5760/5760/5760 
f 5759/5759/5759 5761/5761/5761 5760/5760/5760 
f 5762/5762/5762 5754/5754/5754 5753/5753/5753 
f 5763/5763/5763 5764/5764/5764 5765/5765/5765 
f 5764/5764/5764 5766/5766/5766 5765/5765/5765 
f 5767/5767/5767 5768/5768/5768 5754/5754/5754 
f 5769/5769/5769 5756/5756/5756 5770/5770/5770 
f 5756/5756/5756 5771/5771/5771 5770/5770/5770 
f 5768/5768/5768 5737/5737/5737 5754/5754/5754 
f 5737/5737/5737 5738/5738/5738 5754/5754/5754 
f 5723/5723/5723 5772/5772/5772 5756/5756/5756 
f 5772/5772/5772 5771/5771/5771 5756/5756/5756 

g Union28

v -41.9825 13.4316 -48.7498 
v -36.4825 16.4368 -48.7498 
v -39.9806 11.9424 -48.7498 
v -39.9806 11.9424 -48.7498 
v -39.9806 11.9424 -44.2498 
v -41.9825 13.4316 -48.7498 
v -41.9825 13.4316 -44.2498 
v -41.9825 13.4316 -48.7498 
v -41.9825 13.4316 -44.2498 
v -41.9825 16.4368 -48.7498 
v -41.9825 16.4368 -44.2498 
v -41.9825 13.4316 -44.2498 
v -39.9806 11.9424 -44.2498 
v -41.9825 16.4368 -44.2498 
v -36.4825 16.4368 -44.2498 
v -36.4825 16.4368 -48.7498 
v -41.9825 16.4368 -48.7498 
v -36.4825 16.4368 -44.2498 
v -41.9825 16.4368 -44.2498 
v -41.9825 16.4368 -48.7498 
v -36.4825 0.436848 -44.2498 
v -41.9825 0.436848 -44.2498 
v -36.4825 0.436848 -48.7498 
v -41.9825 0.436848 -48.7498 
v -36.4825 0.436848 -48.7498 
v -36.4825 9.44347 -48.7498 
v -36.4825 0.436848 -44.2498 
v -36.4825 16.4368 -48.7498 
v -36.4825 16.4368 -44.2498 
v -36.4825 0.436848 -44.2498 
v -41.9825 0.436848 -48.7498 
v -41.9825 0.436848 -44.2498 
v -41.9825 3.88454 -48.7498 
v -41.9825 3.88454 -44.2498 
v -41.9825 0.436848 -48.7498 
v -41.9825 3.88454 -48.7498 
v -36.4825 0.436848 -48.7498 
v -36.4825 9.44347 -48.7498 
v -41.9825 13.4316 -63.7498 
v -36.4825 16.4365 -63.7498 
v -39.9806 11.9424 -63.7498 
v -39.9806 11.9424 -63.7498 
v -39.9806 11.9424 -59.2498 
v -41.9825 13.4316 -63.7498 
v -41.9825 13.4316 -59.2498 
v -41.9825 13.4316 -59.2498 
v -41.9825 16.4365 -59.2498 
v -41.9825 13.4316 -63.7498 
v -41.9825 16.4365 -63.7498 
v -41.9825 13.4316 -59.2498 
v -39.9806 11.9424 -59.2498 
v -41.9825 16.4365 -59.2498 
v -36.4825 16.4365 -59.2498 
v -36.4825 16.4365 -63.7498 
v -41.9825 16.4365 -63.7498 
v -36.4825 16.4365 -59.2498 
v -41.9825 16.4365 -59.2498 
v -41.9825 16.4365 -63.7498 
v -36.4825 0.436543 -59.2498 
v -41.9825 0.436543 -59.2498 
v -36.4825 0.436543 -63.7498 
v -41.9825 0.436543 -63.7498 
v -36.4825 0.436543 -63.7498 
v -36.4825 9.44347 -63.7498 
v -36.4825 0.436543 -59.2498 
v -36.4825 16.4365 -63.7498 
v -36.4825 16.4365 -59.2498 
v -36.4825 0.436543 -59.2498 
v -41.9825 3.88454 -59.2498 
v -41.9825 3.88454 -63.7498 
v -41.9825 0.436543 -59.2498 
v -41.9825 0.436543 -63.7498 
v -41.9825 0.436543 -63.7498 
v -41.9825 3.88454 -63.7498 
v -36.4825 0.436543 -63.7498 
v -36.4825 9.44347 -63.7498 
v -39.9825 11.9365 -63.7498 
v -39.9825 11.9365 -59.2498 
v -39.985 11.9365 -63.7498 
v -39.985 11.9365 -59.2498 
v -39.9825 11.9365 -59.2498 
v -39.9825 11.9365 -63.7498 
v -39.9825 5.974 -59.2498 
v -39.9825 5.974 -63.7498 
v -39.9825 11.9365 -44.2498 
v -39.9825 11.9365 -48.7498 
v -39.9825 5.974 -44.2498 
v -39.9825 5.974 -48.7498 
v -39.9825 11.9365 -48.7498 
v -39.9825 11.9365 -44.2498 
v -39.985 11.9365 -48.7498 
v -39.985 11.9365 -44.2498 
v -39.9825 5.93653 -48.7498 
v -39.9825 5.93653 -44.2498 
v -39.9825 5.95271 -48.7498 
v -39.9825 5.95271 -44.2498 
v -39.9825 5.93653 -44.2498 
v -39.9825 5.93653 -48.7498 
v -39.9982 5.93652 -44.2498 
v -39.9982 5.93652 -48.7498 
v -39.9825 5.93653 -63.7498 
v -39.9825 5.93653 -59.2498 
v -39.9825 5.95271 -63.7498 
v -39.9825 5.95271 -59.2498 
v -39.9825 5.93653 -59.2498 
v -39.9825 5.93653 -63.7498 
v -39.9982 5.93652 -59.2498 
v -39.9982 5.93652 -63.7498 
v -39.9825 5.974 -63.7498 
v -39.9719 5.96371 -63.7498 
v -39.9825 5.974 -59.2498 
v -39.9719 5.96371 -59.2498 
v -39.9719 5.96371 -59.2498 
v -39.9719 5.96371 -63.7498 
v -39.9825 5.95271 -59.2498 
v -39.9825 5.95271 -63.7498 
v -39.9719 5.96371 -44.2498 
v -39.9719 5.96371 -48.7498 
v -39.9825 5.95271 -44.2498 
v -39.9825 5.95271 -48.7498 
v -39.9825 5.974 -48.7498 
v -39.9719 5.96371 -48.7498 
v -39.9825 5.974 -44.2498 
v -39.9719 5.96371 -44.2498 
v -39.9825 5.95271 -44.2498 
v -39.9825 5.93653 -44.2498 
v -39.9719 5.96371 -44.2498 
v -39.9825 5.93653 -48.7498 
v -39.9719 5.96371 -48.7498 
v -39.9825 5.95271 -48.7498 
v -39.9719 5.96371 -59.2498 
v -39.9825 5.93653 -59.2498 
v -39.9825 5.95271 -59.2498 
v -39.9825 5.93653 -63.7498 
v -39.9719 5.96371 -63.7498 
v -39.9825 5.95271 -63.7498 
v -39.9825 11.9365 -63.7498 
v -39.985 11.9365 -63.7498 
v -39.985 11.9365 -63.7498 
v -39.985 11.9365 -59.2498 
v -39.9806 11.9424 -63.7498 
v -39.9806 11.9424 -59.2498 
v -39.9806 11.9424 -48.7498 
v -39.985 11.9365 -48.7498 
v -39.9806 11.9424 -44.2498 
v -39.985 11.9365 -44.2498 
v -39.9982 5.93652 -59.2498 
v -39.9982 5.93652 -63.7498 
v -41.9825 3.88454 -59.2498 
v -40.002 5.93257 -63.7498 
v -41.9825 3.88454 -63.7498 
v -39.9982 5.93652 -44.2498 
v -39.9982 5.93652 -48.7498 
v -41.9825 3.88454 -44.2498 
v -40.002 5.93257 -48.7498 
v -41.9825 3.88454 -48.7498 
v -39.9982 5.93652 -44.2498 
v -41.9825 3.88454 -44.2498 
v -39.9982 5.93652 -48.7498 
v -40.002 5.93257 -48.7498 
v -39.9982 5.93652 -59.2498 
v -41.9825 3.88454 -59.2498 
v -39.9982 5.93652 -63.7498 
v -40.002 5.93257 -63.7498 
v -39.9825 5.974 -48.7498 
v -39.9825 11.9365 -48.7498 
v -39.9825 5.974 -59.2498 
v -39.9825 5.974 -44.2498 
v -39.9825 11.9365 -59.2498 
v -39.985 11.9365 -59.2498 
v -39.985 11.9365 -48.7498 
v -39.9825 11.9365 -44.2498 
v -39.985 11.9365 -44.2498 
v -39.9825 5.974 -63.7498 
v -41.9825 0.436848 -44.2498 
v -41.9825 0.436543 -59.2498 

vn 0 0 -1 
vn 0 0 -1 
vn 0 0 -1 
vn -0.598425 -0.80315 0 
vn -0.598425 -0.80315 0 
vn -0.598425 -0.80315 0 
vn -0.598425 -0.80315 0 
vn -1 0 0 
vn -1 0 0 
vn -1 0 0 
vn -1 0 0 
vn 0 0 1 
vn 0 0 1 
vn 0 0 1 
vn 0 0 1 
vn 0 1 0 
vn 0 1 0 
vn 0 1 0 
vn 0 1 0 
vn 0 0 -1 
vn 0 -1 0 
vn 0 -1 0 
vn 0 -1 0 
vn 0 -1 0 
vn 1 0 0 
vn 1 0 0 
vn 1 0 0 
vn 1 0 0 
vn 1 0 0 
vn 0 0 1 
vn -1 0 0 
vn -1 0 0 
vn -1 0 0 
vn -1 0 0 
vn 0 0 -1 
vn 0 0 -1 
vn 0 0 -1 
vn 0 0 -1 
vn 0 0 -1 
vn 0 0 -1 
vn 0 0 -1 
vn -0.598425 -0.80315 0 
vn -0.598425 -0.80315 0 
vn -0.598425 -0.80315 0 
vn -0.598425 -0.80315 0 
vn -1 0 0 
vn -1 0 0 
vn -1 0 0 
vn -1 0 0 
vn 0 0 1 
vn 0 0 1 
vn 0 0 1 
vn 0 0 1 
vn 0 1 0 
vn 0 1 0 
vn 0 1 0 
vn 0 1 0 
vn 0 0 -1 
vn 0 -1 0 
vn 0 -1 0 
vn 0 -1 0 
vn 0 -1 0 
vn 1 0 0 
vn 1 0 0 
vn 1 0 0 
vn 1 0 0 
vn 1 0 0 
vn 0 0 1 
vn -1 0 0 
vn -1 0 0 
vn -1 0 0 
vn -1 0 0 
vn 0 0 -1 
vn 0 0 -1 
vn 0 0 -1 
vn 0 0 -1 
vn 0 -1 0 
vn 0 -1 0 
vn 0 -1 0 
vn 0 -1 0 
vn -1 0 0 
vn -1 0 0 
vn -1 0 0 
vn -1 0 0 
vn -1 0 0 
vn -1 0 0 
vn -1 0 0 
vn -1 0 0 
vn 0 -1 0 
vn 0 -1 0 
vn 0 -1 0 
vn 0 -1 0 
vn -1 0 0 
vn -1 0 0 
vn -1 0 0 
vn -1 0 0 
vn 0 1 0 
vn 0 1 0 
vn 0 1 0 
vn 0 1 0 
vn -1 0 0 
vn -1 0 0 
vn -1 0 0 
vn -1 0 0 
vn 0 1 0 
vn 0 1 0 
vn 0 1 0 
vn 0 1 0 
vn -0.692913 -0.716535 0 
vn -0.692913 -0.716535 0 
vn -0.692913 -0.716535 0 
vn -0.692913 -0.716535 0 
vn -0.716535 0.692913 0 
vn -0.716535 0.692913 0 
vn -0.716535 0.692913 0 
vn -0.716535 0.692913 0 
vn -0.716535 0.692913 0 
vn -0.716535 0.692913 0 
vn -0.716535 0.692913 0 
vn -0.716535 0.692913 0 
vn -0.692913 -0.716535 0 
vn -0.692913 -0.716535 0 
vn -0.692913 -0.716535 0 
vn -0.692913 -0.716535 0 
vn 0 0 1 
vn 0 0 1 
vn 0 0 1 
vn 0 0 -1 
vn 0 0 -1 
vn 0 0 -1 
vn 0 0 1 
vn 0 0 1 
vn 0 0 1 
vn 0 0 -1 
vn 0 0 -1 
vn 0 0 -1 
vn 0 0 -1 
vn 0 0 -1 
vn -0.80315 0.598425 0 
vn -0.80315 0.598425 0 
vn -0.80315 0.598425 0 
vn -0.80315 0.598425 0 
vn -0.80315 0.598425 0 
vn -0.80315 0.598425 0 
vn -0.80315 0.598425 0 
vn -0.80315 0.598425 0 
vn -0.716535 0.692913 0 
vn -0.716535 0.692913 0 
vn -0.716535 0.692913 0 
vn -0.716535 0.692913 0 
vn -0.716535 0.692913 0 
vn -0.716535 0.692913 0 
vn -0.716535 0.692913 0 
vn -0.716535 0.692913 0 
vn -0.716535 0.692913 0 
vn -0.716535 0.692913 0 
vn 0 0 1 
vn 0 0 1 
vn 0 0 -1 
vn 0 0 -1 
vn 0 0 1 
vn 0 0 1 
vn 0 0 -1 
vn 0 0 -1 
vn 0 0 -1 
vn 0 0 -1 
vn 0 0 1 
vn 0 0 1 
vn 0 0 1 
vn 0 0 1 
vn 0 0 -1 
vn 0 0 1 
vn 0 0 1 
vn 0 0 -1 
vn 0 0 1 
vn 0 0 1 

vt 18.3438 -48.3756 
vt 17.6562 -48 
vt 18.0935 -48.5618 
vt 18.6562 -48.9065 
vt 19.2188 -48.9065 
vt 18.6562 -48.6562 
vt 19.2188 -48.6562 
vt 18.6562 -48.3756 
vt 19.2188 -48.3756 
vt 18.6562 -48 
vt 19.2188 -48 
vt 17.6562 -48.3756 
vt 17.9065 -48.5618 
vt 17.6562 -48 
vt 18.3438 -48 
vt 17.3438 -49.3438 
vt 17.3438 -48.6562 
vt 16.7812 -49.3438 
vt 16.7812 -48.6562 
vt 18.3438 -48 
vt 19.2188 -49.3438 
vt 19.2188 -48.6562 
vt 18.6562 -49.3438 
vt 18.6562 -48.6562 
vt 17.3438 -50 
vt 17.3438 -48.8742 
vt 16.7812 -50 
vt 17.3438 -48 
vt 16.7812 -48 
vt 18.3438 -50 
vt 18.6562 -50 
vt 19.2188 -50 
vt 18.6562 -49.569 
vt 19.2188 -49.569 
vt 18.3438 -50 
vt 18.3438 -49.569 
vt 17.6562 -50 
vt 17.6562 -48.8742 
vt 18.3438 -48.3756 
vt 17.6562 -48 
vt 18.0935 -48.5618 
vt 16.7812 -48.9065 
vt 17.3438 -48.9065 
vt 16.7812 -48.6562 
vt 17.3438 -48.6562 
vt 17.3438 -48.3756 
vt 17.3438 -48 
vt 16.7812 -48.3756 
vt 16.7812 -48 
vt 17.6562 -48.3756 
vt 17.9065 -48.5618 
vt 17.6562 -48 
vt 18.3438 -48 
vt 19.2188 -49.3438 
vt 19.2188 -48.6562 
vt 18.6562 -49.3438 
vt 18.6562 -48.6562 
vt 18.3438 -48 
vt 17.3438 -49.3438 
vt 17.3438 -48.6562 
vt 16.7812 -49.3438 
vt 16.7812 -48.6562 
vt 19.2188 -50 
vt 19.2188 -48.8742 
vt 18.6562 -50 
vt 19.2188 -48 
vt 18.6562 -48 
vt 18.3438 -50 
vt 17.3438 -49.569 
vt 16.7812 -49.569 
vt 17.3438 -50 
vt 16.7812 -50 
vt 18.3438 -50 
vt 18.3438 -49.569 
vt 17.6562 -50 
vt 17.6562 -48.8742 
vt 16.7812 -48.9062 
vt 17.3438 -48.9062 
vt 16.7812 -48.9059 
vt 17.3438 -48.9059 
vt 17.3438 -48.5625 
vt 16.7812 -48.5625 
vt 17.3438 -49.3078 
vt 16.7812 -49.3078 
vt 19.2188 -48.5625 
vt 18.6562 -48.5625 
vt 19.2188 -49.3078 
vt 18.6562 -49.3078 
vt 18.6562 -48.9062 
vt 19.2188 -48.9062 
vt 18.6562 -48.9059 
vt 19.2188 -48.9059 
vt 18.6562 -49.3125 
vt 19.2188 -49.3125 
vt 18.6562 -49.3105 
vt 19.2188 -49.3105 
vt 16.7812 -48.9062 
vt 17.3438 -48.9062 
vt 16.7812 -48.9043 
vt 17.3438 -48.9043 
vt 16.7812 -49.3125 
vt 17.3438 -49.3125 
vt 16.7812 -49.3105 
vt 17.3438 -49.3105 
vt 18.6562 -48.9062 
vt 19.2188 -48.9062 
vt 18.6562 -48.9043 
vt 19.2188 -48.9043 
vt 16.7812 -48.9062 
vt 16.7812 -48.9076 
vt 17.3438 -48.9062 
vt 17.3438 -48.9076 
vt 17.3438 -49.3091 
vt 16.7812 -49.3091 
vt 17.3438 -49.3105 
vt 16.7812 -49.3105 
vt 19.2188 -49.3091 
vt 18.6562 -49.3091 
vt 19.2188 -49.3105 
vt 18.6562 -49.3105 
vt 18.6562 -48.9062 
vt 18.6562 -48.9076 
vt 19.2188 -48.9062 
vt 19.2188 -48.9076 
vt 17.9062 -49.3105 
vt 17.9062 -49.3125 
vt 17.9076 -49.3091 
vt 18.0938 -49.3125 
vt 18.0924 -49.3091 
vt 18.0938 -49.3105 
vt 17.9076 -49.3091 
vt 17.9062 -49.3125 
vt 17.9062 -49.3105 
vt 18.0938 -49.3125 
vt 18.0924 -49.3091 
vt 18.0938 -49.3105 
vt 18.0938 -48.5625 
vt 18.0941 -48.5625 
vt 16.7812 -48.5625 
vt 17.3438 -48.5625 
vt 16.7812 -48.5618 
vt 17.3438 -48.5618 
vt 18.6562 -48.5618 
vt 18.6562 -48.5625 
vt 19.2188 -48.5618 
vt 19.2188 -48.5625 
vt 17.3438 -49.3125 
vt 16.7812 -49.3125 
vt 17.3438 -49.569 
vt 16.7812 -49.313 
vt 16.7812 -49.569 
vt 19.2188 -49.3125 
vt 18.6562 -49.3125 
vt 19.2188 -49.569 
vt 18.6562 -49.313 
vt 18.6562 -49.569 
vt 17.9043 -49.3125 
vt 17.6562 -49.569 
vt 18.0957 -49.3125 
vt 18.0962 -49.313 
vt 17.9043 -49.3125 
vt 17.6562 -49.569 
vt 18.0957 -49.3125 
vt 18.0962 -49.313 
vt 18.0938 -49.3078 
vt 18.0938 -48.5625 
vt 17.9062 -49.3078 
vt 17.9062 -49.3078 
vt 17.9062 -48.5625 
vt 17.9059 -48.5625 
vt 18.0941 -48.5625 
vt 17.9062 -48.5625 
vt 17.9059 -48.5625 
vt 18.0938 -49.3078 
vt 17.6562 -50 
vt 17.6562 -50 

usemtl Part3Mtl

f 5773/5773/5773 5774/5774/5774 5775/5775/5775 
f 5776/5776/5776 5777/5777/5777 5778/5778/5778 
f 5777/5777/5777 5779/5779/5779 5778/5778/5778 
f 5780/5780/5780 5781/5781/5781 5782/5782/5782 
f 5781/5781/5781 5783/5783/5783 5782/5782/5782 
f 5784/5784/5784 5785/5785/5785 5786/5786/5786 
f 5785/5785/5785 5787/5787/5787 5786/5786/5786 
f 5788/5788/5788 5789/5789/5789 5790/5790/5790 
f 5789/5789/5789 5791/5791/5791 5790/5790/5790 
f 5773/5773/5773 5792/5792/5792 5774/5774/5774 
f 5793/5793/5793 5794/5794/5794 5795/5795/5795 
f 5794/5794/5794 5796/5796/5796 5795/5795/5795 
f 5797/5797/5797 5798/5798/5798 5799/5799/5799 
f 5798/5798/5798 5800/5800/5800 5799/5799/5799 
f 5801/5801/5801 5799/5799/5799 5800/5800/5800 
f 5785/5785/5785 5802/5802/5802 5787/5787/5787 
f 5803/5803/5803 5804/5804/5804 5805/5805/5805 
f 5804/5804/5804 5806/5806/5806 5805/5805/5805 
f 5807/5807/5807 5808/5808/5808 5809/5809/5809 
f 5774/5774/5774 5810/5810/5810 5809/5809/5809 
f 5811/5811/5811 5812/5812/5812 5813/5813/5813 
f 5814/5814/5814 5815/5815/5815 5816/5816/5816 
f 5815/5815/5815 5817/5817/5817 5816/5816/5816 
f 5818/5818/5818 5819/5819/5819 5820/5820/5820 
f 5821/5821/5821 5820/5820/5820 5819/5819/5819 
f 5822/5822/5822 5823/5823/5823 5824/5824/5824 
f 5823/5823/5823 5825/5825/5825 5824/5824/5824 
f 5826/5826/5826 5827/5827/5827 5828/5828/5828 
f 5827/5827/5827 5829/5829/5829 5828/5828/5828 
f 5811/5811/5811 5830/5830/5830 5812/5812/5812 
f 5831/5831/5831 5832/5832/5832 5833/5833/5833 
f 5832/5832/5832 5834/5834/5834 5833/5833/5833 
f 5835/5835/5835 5836/5836/5836 5837/5837/5837 
f 5836/5836/5836 5838/5838/5838 5837/5837/5837 
f 5839/5839/5839 5837/5837/5837 5838/5838/5838 
f 5823/5823/5823 5840/5840/5840 5825/5825/5825 
f 5841/5841/5841 5842/5842/5842 5843/5843/5843 
f 5842/5842/5842 5844/5844/5844 5843/5843/5843 
f 5845/5845/5845 5846/5846/5846 5847/5847/5847 
f 5812/5812/5812 5848/5848/5848 5847/5847/5847 
f 5849/5849/5849 5850/5850/5850 5851/5851/5851 
f 5850/5850/5850 5852/5852/5852 5851/5851/5851 
f 5853/5853/5853 5854/5854/5854 5855/5855/5855 
f 5854/5854/5854 5856/5856/5856 5855/5855/5855 
f 5857/5857/5857 5858/5858/5858 5859/5859/5859 
f 5858/5858/5858 5860/5860/5860 5859/5859/5859 
f 5861/5861/5861 5862/5862/5862 5863/5863/5863 
f 5862/5862/5862 5864/5864/5864 5863/5863/5863 
f 5865/5865/5865 5866/5866/5866 5867/5867/5867 
f 5866/5866/5866 5868/5868/5868 5867/5867/5867 
f 5869/5869/5869 5870/5870/5870 5871/5871/5871 
f 5870/5870/5870 5872/5872/5872 5871/5871/5871 
f 5873/5873/5873 5874/5874/5874 5875/5875/5875 
f 5874/5874/5874 5876/5876/5876 5875/5875/5875 
f 5877/5877/5877 5878/5878/5878 5879/5879/5879 
f 5878/5878/5878 5880/5880/5880 5879/5879/5879 
f 5881/5881/5881 5882/5882/5882 5883/5883/5883 
f 5882/5882/5882 5884/5884/5884 5883/5883/5883 
f 5885/5885/5885 5886/5886/5886 5887/5887/5887 
f 5886/5886/5886 5888/5888/5888 5887/5887/5887 
f 5889/5889/5889 5890/5890/5890 5891/5891/5891 
f 5890/5890/5890 5892/5892/5892 5891/5891/5891 
f 5893/5893/5893 5894/5894/5894 5895/5895/5895 
f 5894/5894/5894 5896/5896/5896 5895/5895/5895 
f 5897/5897/5897 5898/5898/5898 5899/5899/5899 
f 5898/5898/5898 5802/5802/5802 5899/5899/5899 
f 5802/5802/5802 5785/5785/5785 5899/5899/5899 
f 5900/5900/5900 5901/5901/5901 5809/5809/5809 
f 5902/5902/5902 5901/5901/5901 5900/5900/5900 
f 5840/5840/5840 5903/5903/5903 5904/5904/5904 
f 5905/5905/5905 5904/5904/5904 5903/5903/5903 
f 5906/5906/5906 5907/5907/5907 5847/5847/5847 
f 5908/5908/5908 5907/5907/5907 5906/5906/5906 
f 5909/5909/5909 5910/5910/5910 5813/5813/5813 
f 5911/5911/5911 5912/5912/5912 5913/5913/5913 
f 5912/5912/5912 5914/5914/5914 5913/5913/5913 
f 5915/5915/5915 5916/5916/5916 5917/5917/5917 
f 5916/5916/5916 5918/5918/5918 5917/5917/5917 
f 5919/5919/5919 5920/5920/5920 5921/5921/5921 
f 5920/5920/5920 5922/5922/5922 5921/5921/5921 
f 5922/5922/5922 5923/5923/5923 5921/5921/5921 
f 5924/5924/5924 5925/5925/5925 5926/5926/5926 
f 5925/5925/5925 5927/5927/5927 5926/5926/5926 
f 5927/5927/5927 5928/5928/5928 5926/5926/5926 
f 5929/5929/5929 5930/5930/5930 5898/5898/5898 
f 5900/5900/5900 5809/5809/5809 5931/5931/5931 
f 5809/5809/5809 5932/5932/5932 5931/5931/5931 
f 5933/5933/5933 5934/5934/5934 5904/5904/5904 
f 5906/5906/5906 5847/5847/5847 5935/5935/5935 
f 5847/5847/5847 5936/5936/5936 5935/5935/5935 
f 5937/5937/5937 5938/5938/5938 5901/5901/5901 
f 5938/5938/5938 5774/5774/5774 5901/5901/5901 
f 5774/5774/5774 5809/5809/5809 5901/5901/5901 
f 5939/5939/5939 5903/5903/5903 5823/5823/5823 
f 5903/5903/5903 5840/5840/5840 5823/5823/5823 
f 5785/5785/5785 5940/5940/5940 5899/5899/5899 
f 5939/5939/5939 5823/5823/5823 5941/5941/5941 
f 5823/5823/5823 5942/5942/5942 5941/5941/5941 
f 5943/5943/5943 5775/5775/5775 5938/5938/5938 
f 5775/5775/5775 5774/5774/5774 5938/5938/5938 
f 5940/5940/5940 5785/5785/5785 5944/5944/5944 
f 5785/5785/5785 5945/5945/5945 5944/5944/5944 
f 5812/5812/5812 5847/5847/5847 5813/5813/5813 
f 5847/5847/5847 5907/5907/5907 5813/5813/5813 
f 5907/5907/5907 5946/5946/5946 5813/5813/5813 
f 5946/5946/5946 5909/5909/5909 5813/5813/5813 
f 5898/5898/5898 5930/5930/5930 5802/5802/5802 
f 5930/5930/5930 5947/5947/5947 5802/5802/5802 
f 5809/5809/5809 5808/5808/5808 5932/5932/5932 
f 5904/5904/5904 5934/5934/5934 5840/5840/5840 
f 5934/5934/5934 5948/5948/5948 5840/5840/5840 
f 5847/5847/5847 5846/5846/5846 5936/5936/5936 

g Part96

v -39.4828 0.936643 -39.25 
v -61.9828 0.936643 -39.25 
v -39.4828 1.23978e-05 -39.25 
v -61.9828 1.23978e-05 -39.25 
v -61.9828 0.936643 -68.75 
v -61.9828 0.936643 -39.25 
v -39.4828 0.936643 -68.75 
v -39.4828 0.936643 -39.25 
v -61.9828 0.936643 -39.25 
v -61.9828 0.936643 -68.75 
v -61.9828 1.23978e-05 -39.25 
v -61.9828 1.23978e-05 -68.75 
v -61.9828 0.936643 -68.75 
v -39.4828 0.936643 -68.75 
v -61.9828 1.23978e-05 -68.75 
v -39.4828 1.23978e-05 -68.75 
v -39.4828 1.23978e-05 -68.75 
v -39.4828 1.23978e-05 -39.25 
v -61.9828 1.23978e-05 -68.75 
v -61.9828 1.23978e-05 -39.25 
v -39.4828 0.936643 -68.75 
v -39.4828 0.936643 -39.25 
v -39.4828 1.23978e-05 -68.75 
v -39.4828 1.23978e-05 -39.25 

vn 0 0 1 
vn 0 0 1 
vn 0 0 1 
vn 0 0 1 
vn 0 1 0 
vn 0 1 0 
vn 0 1 0 
vn 0 1 0 
vn -1 0 0 
vn -1 0 0 
vn -1 0 0 
vn -1 0 0 
vn 0 0 -1 
vn 0 0 -1 
vn 0 0 -1 
vn 0 0 -1 
vn 0 -1 0 
vn 0 -1 0 
vn 0 -1 0 
vn 0 -1 0 
vn 1 0 0 
vn 1 0 0 
vn 1 0 0 
vn 1 0 0 

vt 5.5625 -4.75 
vt 2.75 -4.75 
vt 5.5625 -4.86708 
vt 2.75 -4.86708 
vt 6.4375 -4.75 
vt 2.75 -4.75 
vt 6.4375 -7.5625 
vt 2.75 -7.5625 
vt 6.4375 -4.75 
vt 2.75 -4.75 
vt 6.4375 -4.86708 
vt 2.75 -4.86708 
vt 5.5625 -4.75 
vt 2.75 -4.75 
vt 5.5625 -4.86708 
vt 2.75 -4.86708 
vt 6.4375 -4.75 
vt 2.75 -4.75 
vt 6.4375 -7.5625 
vt 2.75 -7.5625 
vt 6.4375 -4.75 
vt 2.75 -4.75 
vt 6.4375 -4.86708 
vt 2.75 -4.86708 

usemtl Union3Mtl

f 5949/5949/5949 5950/5950/5950 5951/5951/5951 
f 5951/5951/5951 5950/5950/5950 5952/5952/5952 
f 5953/5953/5953 5954/5954/5954 5955/5955/5955 
f 5955/5955/5955 5954/5954/5954 5956/5956/5956 
f 5957/5957/5957 5958/5958/5958 5959/5959/5959 
f 5959/5959/5959 5958/5958/5958 5960/5960/5960 
f 5961/5961/5961 5962/5962/5962 5963/5963/5963 
f 5963/5963/5963 5962/5962/5962 5964/5964/5964 
f 5965/5965/5965 5966/5966/5966 5967/5967/5967 
f 5967/5967/5967 5966/5966/5966 5968/5968/5968 
f 5969/5969/5969 5970/5970/5970 5971/5971/5971 
f 5971/5971/5971 5970/5970/5970 5972/5972/5972 

g Part97

v -58.0363 0.953315 -39.25 
v -58.4502 0.953315 -39.25 
v -58.0363 0.0166845 -39.25 
v -58.4502 0.0166845 -39.25 
v -58.4502 0.953315 -68.75 
v -58.4502 0.953315 -39.25 
v -58.0363 0.953315 -68.75 
v -58.0363 0.953315 -39.25 
v -58.4502 0.953315 -39.25 
v -58.4502 0.953315 -68.75 
v -58.4502 0.0166845 -39.25 
v -58.4502 0.0166845 -68.75 
v -58.4502 0.953315 -68.75 
v -58.0363 0.953315 -68.75 
v -58.4502 0.0166845 -68.75 
v -58.0363 0.0166845 -68.75 
v -58.0363 0.0166845 -68.75 
v -58.0363 0.0166845 -39.25 
v -58.4502 0.0166845 -68.75 
v -58.4502 0.0166845 -39.25 
v -58.0363 0.953315 -68.75 
v -58.0363 0.953315 -39.25 
v -58.0363 0.0166845 -68.75 
v -58.0363 0.0166845 -39.25 

vn 0 0 1 
vn 0 0 1 
vn 0 0 1 
vn 0 0 1 
vn 0 1 0 
vn 0 1 0 
vn 0 1 0 
vn 0 1 0 
vn -1 0 0 
vn -1 0 0 
vn -1 0 0 
vn -1 0 0 
vn 0 0 -1 
vn 0 0 -1 
vn 0 0 -1 
vn 0 0 -1 
vn 0 -1 0 
vn 0 -1 0 
vn 0 -1 0 
vn 0 -1 0 
vn 1 0 0 
vn 1 0 0 
vn 1 0 0 
vn 1 0 0 

vt 1.55174 -2.25 
vt 1.5 -2.25 
vt 1.55174 -2.36708 
vt 1.5 -2.36708 
vt 5.1875 -2.25 
vt 1.5 -2.25 
vt 5.1875 -2.30174 
vt 1.5 -2.30174 
vt 5.1875 -2.25 
vt 1.5 -2.25 
vt 5.1875 -2.36708 
vt 1.5 -2.36708 
vt 1.55174 -2.25 
vt 1.5 -2.25 
vt 1.55174 -2.36708 
vt 1.5 -2.36708 
vt 5.1875 -2.25 
vt 1.5 -2.25 
vt 5.1875 -2.30174 
vt 1.5 -2.30174 
vt 5.1875 -2.25 
vt 1.5 -2.25 
vt 5.1875 -2.36708 
vt 1.5 -2.36708 

usemtl Part3Mtl

f 5973/5973/5973 5974/5974/5974 5975/5975/5975 
f 5975/5975/5975 5974/5974/5974 5976/5976/5976 
f 5977/5977/5977 5978/5978/5978 5979/5979/5979 
f 5979/5979/5979 5978/5978/5978 5980/5980/5980 
f 5981/5981/5981 5982/5982/5982 5983/5983/5983 
f 5983/5983/5983 5982/5982/5982 5984/5984/5984 
f 5985/5985/5985 5986/5986/5986 5987/5987/5987 
f 5987/5987/5987 5986/5986/5986 5988/5988/5988 
f 5989/5989/5989 5990/5990/5990 5991/5991/5991 
f 5991/5991/5991 5990/5990/5990 5992/5992/5992 
f 5993/5993/5993 5994/5994/5994 5995/5995/5995 
f 5995/5995/5995 5994/5994/5994 5996/5996/5996 

g Part98

v -43.4828 0.953189 -39.25 
v -43.8967 0.953189 -39.25 
v -43.4828 0.0165586 -39.25 
v -43.8967 0.0165586 -39.25 
v -43.8967 0.953189 -68.75 
v -43.8967 0.953189 -39.25 
v -43.4828 0.953189 -68.75 
v -43.4828 0.953189 -39.25 
v -43.8967 0.953189 -39.25 
v -43.8967 0.953189 -68.75 
v -43.8967 0.0165586 -39.25 
v -43.8967 0.0165586 -68.75 
v -43.8967 0.953189 -68.75 
v -43.4828 0.953189 -68.75 
v -43.8967 0.0165586 -68.75 
v -43.4828 0.0165586 -68.75 
v -43.4828 0.0165586 -68.75 
v -43.4828 0.0165586 -39.25 
v -43.8967 0.0165586 -68.75 
v -43.8967 0.0165586 -39.25 
v -43.4828 0.953189 -68.75 
v -43.4828 0.953189 -39.25 
v -43.4828 0.0165586 -68.75 
v -43.4828 0.0165586 -39.25 

vn 0 0 1 
vn 0 0 1 
vn 0 0 1 
vn 0 0 1 
vn 0 1 0 
vn 0 1 0 
vn 0 1 0 
vn 0 1 0 
vn -1 0 0 
vn -1 0 0 
vn -1 0 0 
vn -1 0 0 
vn 0 0 -1 
vn 0 0 -1 
vn 0 0 -1 
vn 0 0 -1 
vn 0 -1 0 
vn 0 -1 0 
vn 0 -1 0 
vn 0 -1 0 
vn 1 0 0 
vn 1 0 0 
vn 1 0 0 
vn 1 0 0 

vt 0.30174 0 
vt 0.25 0 
vt 0.30174 -0.117079 
vt 0.25 -0.117079 
vt 3.9375 0 
vt 0.25 0 
vt 3.9375 -0.0517396 
vt 0.25 -0.0517396 
vt 3.9375 0 
vt 0.25 0 
vt 3.9375 -0.117079 
vt 0.25 -0.117079 
vt 0.30174 0 
vt 0.25 0 
vt 0.30174 -0.117079 
vt 0.25 -0.117079 
vt 3.9375 0 
vt 0.25 0 
vt 3.9375 -0.0517396 
vt 0.25 -0.0517396 
vt 3.9375 0 
vt 0.25 0 
vt 3.9375 -0.117079 
vt 0.25 -0.117079 

usemtl Part3Mtl

f 5997/5997/5997 5998/5998/5998 5999/5999/5999 
f 5999/5999/5999 5998/5998/5998 6000/6000/6000 
f 6001/6001/6001 6002/6002/6002 6003/6003/6003 
f 6003/6003/6003 6002/6002/6002 6004/6004/6004 
f 6005/6005/6005 6006/6006/6006 6007/6007/6007 
f 6007/6007/6007 6006/6006/6006 6008/6008/6008 
f 6009/6009/6009 6010/6010/6010 6011/6011/6011 
f 6011/6011/6011 6010/6010/6010 6012/6012/6012 
f 6013/6013/6013 6014/6014/6014 6015/6015/6015 
f 6015/6015/6015 6014/6014/6014 6016/6016/6016 
f 6017/6017/6017 6018/6018/6018 6019/6019/6019 
f 6019/6019/6019 6018/6018/6018 6020/6020/6020 

g Part99

v -44.4828 1 -39.25 
v -57.4828 1 -39.25 
v -44.4828 0 -39.25 
v -57.4828 0 -39.25 
v -57.4828 1 -68.75 
v -57.4828 1 -39.25 
v -44.4828 1 -68.75 
v -44.4828 1 -39.25 
v -57.4828 1 -39.25 
v -57.4828 1 -68.75 
v -57.4828 0 -39.25 
v -57.4828 0 -68.75 
v -57.4828 1 -68.75 
v -44.4828 1 -68.75 
v -57.4828 0 -68.75 
v -44.4828 0 -68.75 
v -44.4828 0 -68.75 
v -44.4828 0 -39.25 
v -57.4828 0 -68.75 
v -57.4828 0 -39.25 
v -44.4828 1 -68.75 
v -44.4828 1 -39.25 
v -44.4828 0 -68.75 
v -44.4828 0 -39.25 

vn 0 0 1 
vn 0 0 1 
vn 0 0 1 
vn 0 0 1 
vn 0 1 0 
vn 0 1 0 
vn 0 1 0 
vn 0 1 0 
vn -1 0 0 
vn -1 0 0 
vn -1 0 0 
vn -1 0 0 
vn 0 0 -1 
vn 0 0 -1 
vn 0 0 -1 
vn 0 0 -1 
vn 0 -1 0 
vn 0 -1 0 
vn 0 -1 0 
vn 0 -1 0 
vn 1 0 0 
vn 1 0 0 
vn 1 0 0 
vn 1 0 0 

vt 4.13237 -1.55423 
vt 2.50737 -1.55423 
vt 4.13237 -1.67923 
vt 2.50737 -1.67923 
vt 6.19487 -1.55423 
vt 2.50737 -1.55423 
vt 6.19487 -3.17923 
vt 2.50737 -3.17923 
vt 6.19487 -1.55423 
vt 2.50737 -1.55423 
vt 6.19487 -1.67923 
vt 2.50737 -1.67923 
vt 4.13237 -1.55423 
vt 2.50737 -1.55423 
vt 4.13237 -1.67923 
vt 2.50737 -1.67923 
vt 6.19487 -1.55423 
vt 2.50737 -1.55423 
vt 6.19487 -3.17923 
vt 2.50737 -3.17923 
vt 6.19487 -1.55423 
vt 2.50737 -1.55423 
vt 6.19487 -1.67923 
vt 2.50737 -1.67923 

usemtl Part16Mtl

f 6021/6021/6021 6022/6022/6022 6023/6023/6023 
f 6023/6023/6023 6022/6022/6022 6024/6024/6024 
f 6025/6025/6025 6026/6026/6026 6027/6027/6027 
f 6027/6027/6027 6026/6026/6026 6028/6028/6028 
f 6029/6029/6029 6030/6030/6030 6031/6031/6031 
f 6031/6031/6031 6030/6030/6030 6032/6032/6032 
f 6033/6033/6033 6034/6034/6034 6035/6035/6035 
f 6035/6035/6035 6034/6034/6034 6036/6036/6036 
f 6037/6037/6037 6038/6038/6038 6039/6039/6039 
f 6039/6039/6039 6038/6038/6038 6040/6040/6040 
f 6041/6041/6041 6042/6042/6042 6043/6043/6043 
f 6043/6043/6043 6042/6042/6042 6044/6044/6044 

g Part100

v -61.5305 10.9535 -51.25 
v -60.4699 12.0142 -51.25 
v -62.2886 11.7116 -51.25 
v -61.228 12.7723 -51.25 
v -60.4699 12.0142 -56.25 
v -60.4699 12.0142 -51.25 
v -61.5305 10.9535 -56.25 
v -61.5305 10.9535 -51.25 
v -60.4699 12.0142 -51.25 
v -60.4699 12.0142 -56.25 
v -61.228 12.7723 -51.25 
v -61.228 12.7723 -56.25 
v -60.4699 12.0142 -56.25 
v -61.5305 10.9535 -56.25 
v -61.228 12.7723 -56.25 
v -62.2886 11.7116 -56.25 
v -62.2886 11.7116 -56.25 
v -62.2886 11.7116 -51.25 
v -61.228 12.7723 -56.25 
v -61.228 12.7723 -51.25 
v -61.5305 10.9535 -56.25 
v -61.5305 10.9535 -51.25 
v -62.2886 11.7116 -56.25 
v -62.2886 11.7116 -51.25 

vn 0 0 1 
vn 0 0 1 
vn 0 0 1 
vn 0 0 1 
vn 0.708661 -0.708661 0 
vn 0.708661 -0.708661 0 
vn 0.708661 -0.708661 0 
vn 0.708661 -0.708661 0 
vn 0.708661 0.708661 0 
vn 0.708661 0.708661 0 
vn 0.708661 0.708661 0 
vn 0.708661 0.708661 0 
vn 0 0 -1 
vn 0 0 -1 
vn 0 0 -1 
vn 0 0 -1 
vn -0.708661 0.708661 0 
vn -0.708661 0.708661 0 
vn -0.708661 0.708661 0 
vn -0.708661 0.708661 0 
vn -0.708661 -0.708661 0 
vn -0.708661 -0.708661 0 
vn -0.708661 -0.708661 0 
vn -0.708661 -0.708661 0 

vt 0.476258 1.21232 
vt 0.288758 1.21232 
vt 0.476258 1.07831 
vt 0.288758 1.07831 
vt 0.913758 1.21232 
vt 0.288758 1.21232 
vt 0.913758 1.02482 
vt 0.288758 1.02482 
vt 0.913758 1.21232 
vt 0.288758 1.21232 
vt 0.913758 1.07831 
vt 0.288758 1.07831 
vt 0.476258 1.21232 
vt 0.288758 1.21232 
vt 0.476258 1.07831 
vt 0.288758 1.07831 
vt 0.913758 1.21232 
vt 0.288758 1.21232 
vt 0.913758 1.02482 
vt 0.288758 1.02482 
vt 0.913758 1.21232 
vt 0.288758 1.21232 
vt 0.913758 1.07831 
vt 0.288758 1.07831 

usemtl Part1Mtl

f 6045/6045/6045 6046/6046/6046 6047/6047/6047 
f 6047/6047/6047 6046/6046/6046 6048/6048/6048 
f 6049/6049/6049 6050/6050/6050 6051/6051/6051 
f 6051/6051/6051 6050/6050/6050 6052/6052/6052 
f 6053/6053/6053 6054/6054/6054 6055/6055/6055 
f 6055/6055/6055 6054/6054/6054 6056/6056/6056 
f 6057/6057/6057 6058/6058/6058 6059/6059/6059 
f 6059/6059/6059 6058/6058/6058 6060/6060/6060 
f 6061/6061/6061 6062/6062/6062 6063/6063/6063 
f 6063/6063/6063 6062/6062/6062 6064/6064/6064 
f 6065/6065/6065 6066/6066/6066 6067/6067/6067 
f 6067/6067/6067 6066/6066/6066 6068/6068/6068 

g Part101

v -61.9351 10.651 -50.75 
v -60.1673 12.4188 -50.75 
v -62.6422 11.3581 -50.75 
v -60.8744 13.1259 -50.75 
v -60.1673 12.4188 -56.75 
v -60.1673 12.4188 -50.75 
v -61.9351 10.651 -56.75 
v -61.9351 10.651 -50.75 
v -60.1673 12.4188 -50.75 
v -60.1673 12.4188 -56.75 
v -60.8744 13.1259 -50.75 
v -60.8744 13.1259 -56.75 
v -60.1673 12.4188 -56.75 
v -61.9351 10.651 -56.75 
v -60.8744 13.1259 -56.75 
v -62.6422 11.3581 -56.75 
v -62.6422 11.3581 -56.75 
v -62.6422 11.3581 -50.75 
v -60.8744 13.1259 -56.75 
v -60.8744 13.1259 -50.75 
v -61.9351 10.651 -56.75 
v -61.9351 10.651 -50.75 
v -62.6422 11.3581 -56.75 
v -62.6422 11.3581 -50.75 

vn 0 0 1 
vn 0 0 1 
vn 0 0 1 
vn 0 0 1 
vn 0.708661 -0.708661 0 
vn 0.708661 -0.708661 0 
vn 0.708661 -0.708661 0 
vn 0.708661 -0.708661 0 
vn 0.708661 0.708661 0 
vn 0.708661 0.708661 0 
vn 0.708661 0.708661 0 
vn 0.708661 0.708661 0 
vn 0 0 -1 
vn 0 0 -1 
vn 0 0 -1 
vn 0 0 -1 
vn -0.708661 0.708661 0 
vn -0.708661 0.708661 0 
vn -0.708661 0.708661 0 
vn -0.708661 0.708661 0 
vn -0.708661 -0.708661 0 
vn -0.708661 -0.708661 0 
vn -0.708661 -0.708661 0 
vn -0.708661 -0.708661 0 

vt 6.5625 -4.5 
vt 6.25 -4.5 
vt 6.5625 -4.625 
vt 6.25 -4.625 
vt 7 -4.5 
vt 6.25 -4.5 
vt 7 -4.8125 
vt 6.25 -4.8125 
vt 7 -4.5 
vt 6.25 -4.5 
vt 7 -4.625 
vt 6.25 -4.625 
vt 6.5625 -4.5 
vt 6.25 -4.5 
vt 6.5625 -4.625 
vt 6.25 -4.625 
vt 7 -4.5 
vt 6.25 -4.5 
vt 7 -4.8125 
vt 6.25 -4.8125 
vt 7 -4.5 
vt 6.25 -4.5 
vt 7 -4.625 
vt 6.25 -4.625 

usemtl Union1Mtl

f 6069/6069/6069 6070/6070/6070 6071/6071/6071 
f 6071/6071/6071 6070/6070/6070 6072/6072/6072 
f 6073/6073/6073 6074/6074/6074 6075/6075/6075 
f 6075/6075/6075 6074/6074/6074 6076/6076/6076 
f 6077/6077/6077 6078/6078/6078 6079/6079/6079 
f 6079/6079/6079 6078/6078/6078 6080/6080/6080 
f 6081/6081/6081 6082/6082/6082 6083/6083/6083 
f 6083/6083/6083 6082/6082/6082 6084/6084/6084 
f 6085/6085/6085 6086/6086/6086 6087/6087/6087 
f 6087/6087/6087 6086/6086/6086 6088/6088/6088 
f 6089/6089/6089 6090/6090/6090 6091/6091/6091 
f 6091/6091/6091 6090/6090/6090 6092/6092/6092 

g Part102

v -62.6422 10.651 -50.25 
v -60.1673 13.1259 -50.25 
v -63.7029 11.7116 -50.25 
v -61.228 14.1865 -50.25 
v -60.1673 13.1259 -57.25 
v -60.1673 13.1259 -50.25 
v -62.6422 10.651 -57.25 
v -62.6422 10.651 -50.25 
v -60.1673 13.1259 -50.25 
v -60.1673 13.1259 -57.25 
v -61.228 14.1865 -50.25 
v -61.228 14.1865 -57.25 
v -60.1673 13.1259 -57.25 
v -62.6422 10.651 -57.25 
v -61.228 14.1865 -57.25 
v -63.7029 11.7116 -57.25 
v -63.7029 11.7116 -57.25 
v -63.7029 11.7116 -50.25 
v -61.228 14.1865 -57.25 
v -61.228 14.1865 -50.25 
v -62.6422 10.651 -57.25 
v -62.6422 10.651 -50.25 
v -63.7029 11.7116 -57.25 
v -63.7029 11.7116 -50.25 

vn 0 0 1 
vn 0 0 1 
vn 0 0 1 
vn 0 0 1 
vn 0.708661 -0.708661 0 
vn 0.708661 -0.708661 0 
vn 0.708661 -0.708661 0 
vn 0.708661 -0.708661 0 
vn 0.708661 0.708661 0 
vn 0.708661 0.708661 0 
vn 0.708661 0.708661 0 
vn 0.708661 0.708661 0 
vn 0 0 -1 
vn 0 0 -1 
vn 0 0 -1 
vn 0 0 -1 
vn -0.708661 0.708661 0 
vn -0.708661 0.708661 0 
vn -0.708661 0.708661 0 
vn -0.708661 0.708661 0 
vn -0.708661 -0.708661 0 
vn -0.708661 -0.708661 0 
vn -0.708661 -0.708661 0 
vn -0.708661 -0.708661 0 

vt 4.1875 -6.25 
vt 3.75 -6.25 
vt 4.1875 -6.4375 
vt 3.75 -6.4375 
vt 4.625 -6.25 
vt 3.75 -6.25 
vt 4.625 -6.6875 
vt 3.75 -6.6875 
vt 4.625 -6.25 
vt 3.75 -6.25 
vt 4.625 -6.4375 
vt 3.75 -6.4375 
vt 4.1875 -6.25 
vt 3.75 -6.25 
vt 4.1875 -6.4375 
vt 3.75 -6.4375 
vt 4.625 -6.25 
vt 3.75 -6.25 
vt 4.625 -6.6875 
vt 3.75 -6.6875 
vt 4.625 -6.25 
vt 3.75 -6.25 
vt 4.625 -6.4375 
vt 3.75 -6.4375 

usemtl Part3Mtl

f 6093/6093/6093 6094/6094/6094 6095/6095/6095 
f 6095/6095/6095 6094/6094/6094 6096/6096/6096 
f 6097/6097/6097 6098/6098/6098 6099/6099/6099 
f 6099/6099/6099 6098/6098/6098 6100/6100/6100 
f 6101/6101/6101 6102/6102/6102 6103/6103/6103 
f 6103/6103/6103 6102/6102/6102 6104/6104/6104 
f 6105/6105/6105 6106/6106/6106 6107/6107/6107 
f 6107/6107/6107 6106/6106/6106 6108/6108/6108 
f 6109/6109/6109 6110/6110/6110 6111/6111/6111 
f 6111/6111/6111 6110/6110/6110 6112/6112/6112 
f 6113/6113/6113 6114/6114/6114 6115/6115/6115 
f 6115/6115/6115 6114/6114/6114 6116/6116/6116 

g Part103

v -65.4828 1.93664 -68.75 
v -60.4828 1.93664 -68.75 
v -65.4828 0.936643 -68.75 
v -60.4828 0.936643 -68.75 
v -60.4828 1.93664 -39.25 
v -60.4828 1.93664 -68.75 
v -65.4828 1.93664 -39.25 
v -65.4828 1.93664 -68.75 
v -60.4828 1.93664 -68.75 
v -60.4828 1.93664 -39.25 
v -60.4828 0.936643 -68.75 
v -60.4828 0.936643 -39.25 
v -60.4828 1.93664 -39.25 
v -65.4828 1.93664 -39.25 
v -60.4828 0.936643 -39.25 
v -65.4828 0.936643 -39.25 
v -65.4828 0.936643 -39.25 
v -65.4828 0.936643 -68.75 
v -60.4828 0.936643 -39.25 
v -60.4828 0.936643 -68.75 
v -65.4828 1.93664 -39.25 
v -65.4828 1.93664 -68.75 
v -65.4828 0.936643 -39.25 
v -65.4828 0.936643 -68.75 

vn 0 0 -1 
vn 0 0 -1 
vn 0 0 -1 
vn 0 0 -1 
vn 0 1 0 
vn 0 1 0 
vn 0 1 0 
vn 0 1 0 
vn 1 0 0 
vn 1 0 0 
vn 1 0 0 
vn 1 0 0 
vn 0 0 1 
vn 0 0 1 
vn 0 0 1 
vn 0 0 1 
vn 0 -1 0 
vn 0 -1 0 
vn 0 -1 0 
vn 0 -1 0 
vn -1 0 0 
vn -1 0 0 
vn -1 0 0 
vn -1 0 0 

vt 4.625 -2.75 
vt 4 -2.75 
vt 4.625 -2.875 
vt 4 -2.875 
vt 7.6875 -2.75 
vt 4 -2.75 
vt 7.6875 -3.375 
vt 4 -3.375 
vt 7.6875 -2.75 
vt 4 -2.75 
vt 7.6875 -2.875 
vt 4 -2.875 
vt 4.625 -2.75 
vt 4 -2.75 
vt 4.625 -2.875 
vt 4 -2.875 
vt 7.6875 -2.75 
vt 4 -2.75 
vt 7.6875 -3.375 
vt 4 -3.375 
vt 7.6875 -2.75 
vt 4 -2.75 
vt 7.6875 -2.875 
vt 4 -2.875 

usemtl Part3Mtl

f 6117/6117/6117 6118/6118/6118 6119/6119/6119 
f 6119/6119/6119 6118/6118/6118 6120/6120/6120 
f 6121/6121/6121 6122/6122/6122 6123/6123/6123 
f 6123/6123/6123 6122/6122/6122 6124/6124/6124 
f 6125/6125/6125 6126/6126/6126 6127/6127/6127 
f 6127/6127/6127 6126/6126/6126 6128/6128/6128 
f 6129/6129/6129 6130/6130/6130 6131/6131/6131 
f 6131/6131/6131 6130/6130/6130 6132/6132/6132 
f 6133/6133/6133 6134/6134/6134 6135/6135/6135 
f 6135/6135/6135 6134/6134/6134 6136/6136/6136 
f 6137/6137/6137 6138/6138/6138 6139/6139/6139 
f 6139/6139/6139 6138/6138/6138 6140/6140/6140 

g Part104

v -65.4828 16.4367 -68.75 
v -60.4828 16.4367 -68.75 
v -65.4828 15.4367 -68.75 
v -60.4828 15.4367 -68.75 
v -60.4828 16.4367 -39.25 
v -60.4828 16.4367 -68.75 
v -65.4828 16.4367 -39.25 
v -65.4828 16.4367 -68.75 
v -60.4828 16.4367 -68.75 
v -60.4828 16.4367 -39.25 
v -60.4828 15.4367 -68.75 
v -60.4828 15.4367 -39.25 
v -60.4828 16.4367 -39.25 
v -65.4828 16.4367 -39.25 
v -60.4828 15.4367 -39.25 
v -65.4828 15.4367 -39.25 
v -65.4828 15.4367 -39.25 
v -65.4828 15.4367 -68.75 
v -60.4828 15.4367 -39.25 
v -60.4828 15.4367 -68.75 
v -65.4828 16.4367 -39.25 
v -65.4828 16.4367 -68.75 
v -65.4828 15.4367 -39.25 
v -65.4828 15.4367 -68.75 

vn 0 0 -1 
vn 0 0 -1 
vn 0 0 -1 
vn 0 0 -1 
vn 0 1 0 
vn 0 1 0 
vn 0 1 0 
vn 0 1 0 
vn 1 0 0 
vn 1 0 0 
vn 1 0 0 
vn 1 0 0 
vn 0 0 1 
vn 0 0 1 
vn 0 0 1 
vn 0 0 1 
vn 0 -1 0 
vn 0 -1 0 
vn 0 -1 0 
vn 0 -1 0 
vn -1 0 0 
vn -1 0 0 
vn -1 0 0 
vn -1 0 0 

vt 6.875 -0.5 
vt 6.25 -0.5 
vt 6.875 -0.625 
vt 6.25 -0.625 
vt 9.9375 -0.5 
vt 6.25 -0.5 
vt 9.9375 -1.125 
vt 6.25 -1.125 
vt 9.9375 -0.5 
vt 6.25 -0.5 
vt 9.9375 -0.625 
vt 6.25 -0.625 
vt 6.875 -0.5 
vt 6.25 -0.5 
vt 6.875 -0.625 
vt 6.25 -0.625 
vt 9.9375 -0.5 
vt 6.25 -0.5 
vt 9.9375 -1.125 
vt 6.25 -1.125 
vt 9.9375 -0.5 
vt 6.25 -0.5 
vt 9.9375 -0.625 
vt 6.25 -0.625 

usemtl Part3Mtl

f 6141/6141/6141 6142/6142/6142 6143/6143/6143 
f 6143/6143/6143 6142/6142/6142 6144/6144/6144 
f 6145/6145/6145 6146/6146/6146 6147/6147/6147 
f 6147/6147/6147 6146/6146/6146 6148/6148/6148 
f 6149/6149/6149 6150/6150/6150 6151/6151/6151 
f 6151/6151/6151 6150/6150/6150 6152/6152/6152 
f 6153/6153/6153 6154/6154/6154 6155/6155/6155 
f 6155/6155/6155 6154/6154/6154 6156/6156/6156 
f 6157/6157/6157 6158/6158/6158 6159/6159/6159 
f 6159/6159/6159 6158/6158/6158 6160/6160/6160 
f 6161/6161/6161 6162/6162/6162 6163/6163/6163 
f 6163/6163/6163 6162/6162/6162 6164/6164/6164 

g Union29

v -59.9831 13.4316 -59.2502 
v -65.4831 16.4369 -59.2502 
v -61.985 11.9424 -59.2502 
v -61.985 11.9424 -59.2502 
v -61.985 11.9424 -63.7502 
v -59.9831 13.4316 -59.2502 
v -59.9831 13.4316 -63.7502 
v -59.9831 13.4316 -59.2502 
v -59.9831 13.4316 -63.7502 
v -59.9831 16.4369 -59.2502 
v -59.9831 16.4369 -63.7502 
v -59.9831 13.4316 -63.7502 
v -61.985 11.9424 -63.7502 
v -59.9831 16.4369 -63.7502 
v -65.4831 16.4369 -63.7502 
v -65.4831 16.4369 -59.2502 
v -59.9831 16.4369 -59.2502 
v -65.4831 16.4369 -63.7502 
v -59.9831 16.4369 -63.7502 
v -59.9831 16.4369 -59.2502 
v -65.4831 0.436849 -63.7502 
v -59.9831 0.436849 -63.7502 
v -65.4831 0.436849 -59.2502 
v -59.9831 0.436849 -59.2502 
v -65.4831 0.436849 -59.2502 
v -65.4831 9.44347 -59.2502 
v -65.4831 0.436849 -63.7502 
v -65.4831 16.4369 -59.2502 
v -65.4831 16.4369 -63.7502 
v -65.4831 0.436849 -63.7502 
v -59.9831 0.436849 -59.2502 
v -59.9831 0.436849 -63.7502 
v -59.9831 3.88454 -59.2502 
v -59.9831 3.88454 -63.7502 
v -59.9831 0.436849 -59.2502 
v -59.9831 3.88454 -59.2502 
v -65.4831 0.436849 -59.2502 
v -65.4831 9.44347 -59.2502 
v -59.9831 13.4316 -44.2502 
v -65.4831 16.4365 -44.2502 
v -61.985 11.9424 -44.2502 
v -61.985 11.9424 -44.2502 
v -61.985 11.9424 -48.7502 
v -59.9831 13.4316 -44.2502 
v -59.9831 13.4316 -48.7502 
v -59.9831 13.4316 -48.7502 
v -59.9831 16.4365 -48.7502 
v -59.9831 13.4316 -44.2502 
v -59.9831 16.4365 -44.2502 
v -59.9831 13.4316 -48.7502 
v -61.985 11.9424 -48.7502 
v -59.9831 16.4365 -48.7502 
v -65.4831 16.4365 -48.7502 
v -65.4831 16.4365 -44.2502 
v -59.9831 16.4365 -44.2502 
v -65.4831 16.4365 -48.7502 
v -59.9831 16.4365 -48.7502 
v -59.9831 16.4365 -44.2502 
v -65.4831 0.436543 -48.7502 
v -59.9831 0.436543 -48.7502 
v -65.4831 0.436543 -44.2502 
v -59.9831 0.436543 -44.2502 
v -65.4831 0.436543 -44.2502 
v -65.4831 9.44347 -44.2502 
v -65.4831 0.436543 -48.7502 
v -65.4831 16.4365 -44.2502 
v -65.4831 16.4365 -48.7502 
v -65.4831 0.436543 -48.7502 
v -59.9831 3.88454 -48.7502 
v -59.9831 3.88454 -44.2502 
v -59.9831 0.436543 -48.7502 
v -59.9831 0.436543 -44.2502 
v -59.9831 0.436543 -44.2502 
v -59.9831 3.88454 -44.2502 
v -65.4831 0.436543 -44.2502 
v -65.4831 9.44347 -44.2502 
v -61.9831 11.9365 -44.2502 
v -61.9831 11.9365 -48.7502 
v -61.9807 11.9365 -44.2502 
v -61.9807 11.9365 -48.7502 
v -61.9831 11.9365 -48.7502 
v -61.9831 11.9365 -44.2502 
v -61.9831 5.974 -48.7502 
v -61.9831 5.974 -44.2502 
v -61.9831 11.9365 -63.7502 
v -61.9831 11.9365 -59.2502 
v -61.9831 5.974 -63.7502 
v -61.9831 5.974 -59.2502 
v -61.9831 11.9365 -59.2502 
v -61.9831 11.9365 -63.7502 
v -61.9807 11.9365 -59.2502 
v -61.9807 11.9365 -63.7502 
v -61.9831 5.93653 -59.2502 
v -61.9831 5.93653 -63.7502 
v -61.9831 5.95271 -59.2502 
v -61.9831 5.95271 -63.7502 
v -61.9831 5.93653 -63.7502 
v -61.9831 5.93653 -59.2502 
v -61.9674 5.93653 -63.7502 
v -61.9674 5.93653 -59.2502 
v -61.9831 5.93653 -44.2502 
v -61.9831 5.93653 -48.7502 
v -61.9831 5.95271 -44.2502 
v -61.9831 5.95271 -48.7502 
v -61.9831 5.93653 -48.7502 
v -61.9831 5.93653 -44.2502 
v -61.9674 5.93653 -48.7502 
v -61.9674 5.93653 -44.2502 
v -61.9831 5.974 -44.2502 
v -61.9937 5.96372 -44.2502 
v -61.9831 5.974 -48.7502 
v -61.9937 5.96372 -48.7502 
v -61.9937 5.96372 -48.7502 
v -61.9937 5.96372 -44.2502 
v -61.9831 5.95271 -48.7502 
v -61.9831 5.95271 -44.2502 
v -61.9937 5.96372 -63.7502 
v -61.9937 5.96372 -59.2502 
v -61.9831 5.95271 -63.7502 
v -61.9831 5.95271 -59.2502 
v -61.9831 5.974 -59.2502 
v -61.9937 5.96372 -59.2502 
v -61.9831 5.974 -63.7502 
v -61.9937 5.96372 -63.7502 
v -61.9831 5.95271 -63.7502 
v -61.9831 5.93653 -63.7502 
v -61.9937 5.96372 -63.7502 
v -61.9831 5.93653 -59.2502 
v -61.9937 5.96372 -59.2502 
v -61.9831 5.95271 -59.2502 
v -61.9937 5.96372 -48.7502 
v -61.9831 5.93653 -48.7502 
v -61.9831 5.95271 -48.7502 
v -61.9831 5.93653 -44.2502 
v -61.9937 5.96372 -44.2502 
v -61.9831 5.95271 -44.2502 
v -61.9831 11.9365 -44.2502 
v -61.9807 11.9365 -44.2502 
v -61.9807 11.9365 -44.2502 
v -61.9807 11.9365 -48.7502 
v -61.985 11.9424 -44.2502 
v -61.985 11.9424 -48.7502 
v -61.985 11.9424 -59.2502 
v -61.9807 11.9365 -59.2502 
v -61.985 11.9424 -63.7502 
v -61.9807 11.9365 -63.7502 
v -61.9674 5.93653 -48.7502 
v -61.9674 5.93653 -44.2502 
v -59.9831 3.88454 -48.7502 
v -61.9636 5.93257 -44.2502 
v -59.9831 3.88454 -44.2502 
v -61.9674 5.93653 -63.7502 
v -61.9674 5.93653 -59.2502 
v -59.9831 3.88454 -63.7502 
v -61.9636 5.93257 -59.2502 
v -59.9831 3.88454 -59.2502 
v -61.9674 5.93653 -63.7502 
v -59.9831 3.88454 -63.7502 
v -61.9674 5.93653 -59.2502 
v -61.9636 5.93257 -59.2502 
v -61.9674 5.93653 -48.7502 
v -59.9831 3.88454 -48.7502 
v -61.9674 5.93653 -44.2502 
v -61.9636 5.93257 -44.2502 
v -61.9831 5.974 -59.2502 
v -61.9831 11.9365 -59.2502 
v -61.9831 5.974 -48.7502 
v -61.9831 5.974 -63.7502 
v -61.9831 11.9365 -48.7502 
v -61.9807 11.9365 -48.7502 
v -61.9807 11.9365 -59.2502 
v -61.9831 11.9365 -63.7502 
v -61.9807 11.9365 -63.7502 
v -61.9831 5.974 -44.2502 
v -59.9831 0.436849 -63.7502 
v -59.9831 0.436543 -48.7502 

vn 0 0 1 
vn 0 0 1 
vn 0 0 1 
vn 0.598425 -0.80315 0 
vn 0.598425 -0.80315 0 
vn 0.598425 -0.80315 0 
vn 0.598425 -0.80315 0 
vn 1 0 0 
vn 1 0 0 
vn 1 0 0 
vn 1 0 0 
vn 0 0 -1 
vn 0 0 -1 
vn 0 0 -1 
vn 0 0 -1 
vn 0 1 0 
vn 0 1 0 
vn 0 1 0 
vn 0 1 0 
vn 0 0 1 
vn 0 -1 0 
vn 0 -1 0 
vn 0 -1 0 
vn 0 -1 0 
vn -1 0 0 
vn -1 0 0 
vn -1 0 0 
vn -1 0 0 
vn -1 0 0 
vn 0 0 -1 
vn 1 0 0 
vn 1 0 0 
vn 1 0 0 
vn 1 0 0 
vn 0 0 1 
vn 0 0 1 
vn 0 0 1 
vn 0 0 1 
vn 0 0 1 
vn 0 0 1 
vn 0 0 1 
vn 0.598425 -0.80315 0 
vn 0.598425 -0.80315 0 
vn 0.598425 -0.80315 0 
vn 0.598425 -0.80315 0 
vn 1 0 0 
vn 1 0 0 
vn 1 0 0 
vn 1 0 0 
vn 0 0 -1 
vn 0 0 -1 
vn 0 0 -1 
vn 0 0 -1 
vn 0 1 0 
vn 0 1 0 
vn 0 1 0 
vn 0 1 0 
vn 0 0 1 
vn 0 -1 0 
vn 0 -1 0 
vn 0 -1 0 
vn 0 -1 0 
vn -1 0 0 
vn -1 0 0 
vn -1 0 0 
vn -1 0 0 
vn -1 0 0 
vn 0 0 -1 
vn 1 0 0 
vn 1 0 0 
vn 1 0 0 
vn 1 0 0 
vn 0 0 1 
vn 0 0 1 
vn 0 0 1 
vn 0 0 1 
vn 0 -1 0 
vn 0 -1 0 
vn 0 -1 0 
vn 0 -1 0 
vn 1 0 0 
vn 1 0 0 
vn 1 0 0 
vn 1 0 0 
vn 1 0 0 
vn 1 0 0 
vn 1 0 0 
vn 1 0 0 
vn 0 -1 0 
vn 0 -1 0 
vn 0 -1 0 
vn 0 -1 0 
vn 1 0 0 
vn 1 0 0 
vn 1 0 0 
vn 1 0 0 
vn 0 1 0 
vn 0 1 0 
vn 0 1 0 
vn 0 1 0 
vn 1 0 0 
vn 1 0 0 
vn 1 0 0 
vn 1 0 0 
vn 0 1 0 
vn 0 1 0 
vn 0 1 0 
vn 0 1 0 
vn 0.692913 -0.716535 0 
vn 0.692913 -0.716535 0 
vn 0.692913 -0.716535 0 
vn 0.692913 -0.716535 0 
vn 0.716535 0.692913 0 
vn 0.716535 0.692913 0 
vn 0.716535 0.692913 0 
vn 0.716535 0.692913 0 
vn 0.716535 0.692913 0 
vn 0.716535 0.692913 0 
vn 0.716535 0.692913 0 
vn 0.716535 0.692913 0 
vn 0.692913 -0.716535 0 
vn 0.692913 -0.716535 0 
vn 0.692913 -0.716535 0 
vn 0.692913 -0.716535 0 
vn 0 0 -1 
vn 0 0 -1 
vn 0 0 -1 
vn 0 0 1 
vn 0 0 1 
vn 0 0 1 
vn 0 0 -1 
vn 0 0 -1 
vn 0 0 -1 
vn 0 0 1 
vn 0 0 1 
vn 0 0 1 
vn 0 0 1 
vn 0 0 1 
vn 0.80315 0.598425 0 
vn 0.80315 0.598425 0 
vn 0.80315 0.598425 0 
vn 0.80315 0.598425 0 
vn 0.80315 0.598425 0 
vn 0.80315 0.598425 0 
vn 0.80315 0.598425 0 
vn 0.80315 0.598425 0 
vn 0.716535 0.692913 0 
vn 0.716535 0.692913 0 
vn 0.716535 0.692913 0 
vn 0.716535 0.692913 0 
vn 0.716535 0.692913 0 
vn 0.716535 0.692913 0 
vn 0.716535 0.692913 0 
vn 0.716535 0.692913 0 
vn 0.716535 0.692913 0 
vn 0.716535 0.692913 0 
vn 0 0 -1 
vn 0 0 -1 
vn 0 0 1 
vn 0 0 1 
vn 0 0 -1 
vn 0 0 -1 
vn 0 0 1 
vn 0 0 1 
vn 0 0 1 
vn 0 0 1 
vn 0 0 -1 
vn 0 0 -1 
vn 0 0 -1 
vn 0 0 -1 
vn 0 0 1 
vn 0 0 -1 
vn 0 0 -1 
vn 0 0 1 
vn 0 0 -1 
vn 0 0 -1 

vt 8.34375 -38.3756 
vt 7.65625 -38 
vt 8.09351 -38.5618 
vt 8.65625 -38.9065 
vt 9.21875 -38.9065 
vt 8.65625 -38.6562 
vt 9.21875 -38.6562 
vt 8.65625 -38.3756 
vt 9.21875 -38.3756 
vt 8.65625 -38 
vt 9.21875 -38 
vt 7.65625 -38.3756 
vt 7.90649 -38.5618 
vt 7.65625 -38 
vt 8.34375 -38 
vt 7.34375 -39.3438 
vt 7.34375 -38.6562 
vt 6.78125 -39.3438 
vt 6.78125 -38.6562 
vt 8.34375 -38 
vt 9.21875 -39.3438 
vt 9.21875 -38.6562 
vt 8.65625 -39.3438 
vt 8.65625 -38.6562 
vt 7.34375 -40 
vt 7.34375 -38.8742 
vt 6.78125 -40 
vt 7.34375 -38 
vt 6.78125 -38 
vt 8.34375 -40 
vt 8.65625 -40 
vt 9.21875 -40 
vt 8.65625 -39.569 
vt 9.21875 -39.569 
vt 8.34375 -40 
vt 8.34375 -39.569 
vt 7.65625 -40 
vt 7.65625 -38.8742 
vt 8.34375 -38.3756 
vt 7.65625 -38 
vt 8.09351 -38.5618 
vt 6.78125 -38.9065 
vt 7.34375 -38.9065 
vt 6.78125 -38.6562 
vt 7.34375 -38.6562 
vt 7.34375 -38.3756 
vt 7.34375 -38 
vt 6.78125 -38.3756 
vt 6.78125 -38 
vt 7.65625 -38.3756 
vt 7.90649 -38.5618 
vt 7.65625 -38 
vt 8.34375 -38 
vt 9.21875 -39.3438 
vt 9.21875 -38.6562 
vt 8.65625 -39.3438 
vt 8.65625 -38.6562 
vt 8.34375 -38 
vt 7.34375 -39.3438 
vt 7.34375 -38.6562 
vt 6.78125 -39.3438 
vt 6.78125 -38.6562 
vt 9.21875 -40 
vt 9.21875 -38.8742 
vt 8.65625 -40 
vt 9.21875 -38 
vt 8.65625 -38 
vt 8.34375 -40 
vt 7.34375 -39.569 
vt 6.78125 -39.569 
vt 7.34375 -40 
vt 6.78125 -40 
vt 8.34375 -40 
vt 8.34375 -39.569 
vt 7.65625 -40 
vt 7.65625 -38.8742 
vt 6.78125 -38.9062 
vt 7.34375 -38.9062 
vt 6.78125 -38.9059 
vt 7.34375 -38.9059 
vt 7.34375 -38.5625 
vt 6.78125 -38.5625 
vt 7.34375 -39.3078 
vt 6.78125 -39.3078 
vt 9.21875 -38.5625 
vt 8.65625 -38.5625 
vt 9.21875 -39.3078 
vt 8.65625 -39.3078 
vt 8.65625 -38.9062 
vt 9.21875 -38.9062 
vt 8.65625 -38.9059 
vt 9.21875 -38.9059 
vt 8.65625 -39.3125 
vt 9.21875 -39.3125 
vt 8.65625 -39.3105 
vt 9.21875 -39.3105 
vt 6.78125 -38.9062 
vt 7.34375 -38.9062 
vt 6.78125 -38.9043 
vt 7.34375 -38.9043 
vt 6.78125 -39.3125 
vt 7.34375 -39.3125 
vt 6.78125 -39.3105 
vt 7.34375 -39.3105 
vt 8.65625 -38.9062 
vt 9.21875 -38.9062 
vt 8.65625 -38.9043 
vt 9.21875 -38.9043 
vt 6.78125 -38.9062 
vt 6.78125 -38.9076 
vt 7.34375 -38.9062 
vt 7.34375 -38.9076 
vt 7.34375 -39.3091 
vt 6.78125 -39.3091 
vt 7.34375 -39.3105 
vt 6.78125 -39.3105 
vt 9.21875 -39.3091 
vt 8.65625 -39.3091 
vt 9.21875 -39.3105 
vt 8.65625 -39.3105 
vt 8.65625 -38.9062 
vt 8.65625 -38.9076 
vt 9.21875 -38.9062 
vt 9.21875 -38.9076 
vt 7.90625 -39.3105 
vt 7.90625 -39.3125 
vt 7.90758 -39.3091 
vt 8.09375 -39.3125 
vt 8.09242 -39.3091 
vt 8.09375 -39.3105 
vt 7.90758 -39.3091 
vt 7.90625 -39.3125 
vt 7.90625 -39.3105 
vt 8.09375 -39.3125 
vt 8.09242 -39.3091 
vt 8.09375 -39.3105 
vt 8.09375 -38.5625 
vt 8.09405 -38.5625 
vt 6.78125 -38.5625 
vt 7.34375 -38.5625 
vt 6.78125 -38.5618 
vt 7.34375 -38.5618 
vt 8.65625 -38.5618 
vt 8.65625 -38.5625 
vt 9.21875 -38.5618 
vt 9.21875 -38.5625 
vt 7.34375 -39.3125 
vt 6.78125 -39.3125 
vt 7.34375 -39.569 
vt 6.78125 -39.313 
vt 6.78125 -39.569 
vt 9.21875 -39.3125 
vt 8.65625 -39.3125 
vt 9.21875 -39.569 
vt 8.65625 -39.313 
vt 8.65625 -39.569 
vt 7.90429 -39.3125 
vt 7.65625 -39.569 
vt 8.09571 -39.3125 
vt 8.09618 -39.313 
vt 7.90429 -39.3125 
vt 7.65625 -39.569 
vt 8.09571 -39.3125 
vt 8.09618 -39.313 
vt 8.09375 -39.3078 
vt 8.09375 -38.5625 
vt 7.90625 -39.3078 
vt 7.90625 -39.3078 
vt 7.90625 -38.5625 
vt 7.90595 -38.5625 
vt 8.09405 -38.5625 
vt 7.90625 -38.5625 
vt 7.90595 -38.5625 
vt 8.09375 -39.3078 
vt 7.65625 -40 
vt 7.65625 -40 

usemtl Part3Mtl

f 6165/6165/6165 6166/6166/6166 6167/6167/6167 
f 6168/6168/6168 6169/6169/6169 6170/6170/6170 
f 6169/6169/6169 6171/6171/6171 6170/6170/6170 
f 6172/6172/6172 6173/6173/6173 6174/6174/6174 
f 6173/6173/6173 6175/6175/6175 6174/6174/6174 
f 6176/6176/6176 6177/6177/6177 6178/6178/6178 
f 6177/6177/6177 6179/6179/6179 6178/6178/6178 
f 6180/6180/6180 6181/6181/6181 6182/6182/6182 
f 6181/6181/6181 6183/6183/6183 6182/6182/6182 
f 6165/6165/6165 6184/6184/6184 6166/6166/6166 
f 6185/6185/6185 6186/6186/6186 6187/6187/6187 
f 6186/6186/6186 6188/6188/6188 6187/6187/6187 
f 6189/6189/6189 6190/6190/6190 6191/6191/6191 
f 6190/6190/6190 6192/6192/6192 6191/6191/6191 
f 6193/6193/6193 6191/6191/6191 6192/6192/6192 
f 6177/6177/6177 6194/6194/6194 6179/6179/6179 
f 6195/6195/6195 6196/6196/6196 6197/6197/6197 
f 6196/6196/6196 6198/6198/6198 6197/6197/6197 
f 6199/6199/6199 6200/6200/6200 6201/6201/6201 
f 6166/6166/6166 6202/6202/6202 6201/6201/6201 
f 6203/6203/6203 6204/6204/6204 6205/6205/6205 
f 6206/6206/6206 6207/6207/6207 6208/6208/6208 
f 6207/6207/6207 6209/6209/6209 6208/6208/6208 
f 6210/6210/6210 6211/6211/6211 6212/6212/6212 
f 6213/6213/6213 6212/6212/6212 6211/6211/6211 
f 6214/6214/6214 6215/6215/6215 6216/6216/6216 
f 6215/6215/6215 6217/6217/6217 6216/6216/6216 
f 6218/6218/6218 6219/6219/6219 6220/6220/6220 
f 6219/6219/6219 6221/6221/6221 6220/6220/6220 
f 6203/6203/6203 6222/6222/6222 6204/6204/6204 
f 6223/6223/6223 6224/6224/6224 6225/6225/6225 
f 6224/6224/6224 6226/6226/6226 6225/6225/6225 
f 6227/6227/6227 6228/6228/6228 6229/6229/6229 
f 6228/6228/6228 6230/6230/6230 6229/6229/6229 
f 6231/6231/6231 6229/6229/6229 6230/6230/6230 
f 6215/6215/6215 6232/6232/6232 6217/6217/6217 
f 6233/6233/6233 6234/6234/6234 6235/6235/6235 
f 6234/6234/6234 6236/6236/6236 6235/6235/6235 
f 6237/6237/6237 6238/6238/6238 6239/6239/6239 
f 6204/6204/6204 6240/6240/6240 6239/6239/6239 
f 6241/6241/6241 6242/6242/6242 6243/6243/6243 
f 6242/6242/6242 6244/6244/6244 6243/6243/6243 
f 6245/6245/6245 6246/6246/6246 6247/6247/6247 
f 6246/6246/6246 6248/6248/6248 6247/6247/6247 
f 6249/6249/6249 6250/6250/6250 6251/6251/6251 
f 6250/6250/6250 6252/6252/6252 6251/6251/6251 
f 6253/6253/6253 6254/6254/6254 6255/6255/6255 
f 6254/6254/6254 6256/6256/6256 6255/6255/6255 
f 6257/6257/6257 6258/6258/6258 6259/6259/6259 
f 6258/6258/6258 6260/6260/6260 6259/6259/6259 
f 6261/6261/6261 6262/6262/6262 6263/6263/6263 
f 6262/6262/6262 6264/6264/6264 6263/6263/6263 
f 6265/6265/6265 6266/6266/6266 6267/6267/6267 
f 6266/6266/6266 6268/6268/6268 6267/6267/6267 
f 6269/6269/6269 6270/6270/6270 6271/6271/6271 
f 6270/6270/6270 6272/6272/6272 6271/6271/6271 
f 6273/6273/6273 6274/6274/6274 6275/6275/6275 
f 6274/6274/6274 6276/6276/6276 6275/6275/6275 
f 6277/6277/6277 6278/6278/6278 6279/6279/6279 
f 6278/6278/6278 6280/6280/6280 6279/6279/6279 
f 6281/6281/6281 6282/6282/6282 6283/6283/6283 
f 6282/6282/6282 6284/6284/6284 6283/6283/6283 
f 6285/6285/6285 6286/6286/6286 6287/6287/6287 
f 6286/6286/6286 6288/6288/6288 6287/6287/6287 
f 6289/6289/6289 6290/6290/6290 6291/6291/6291 
f 6290/6290/6290 6194/6194/6194 6291/6291/6291 
f 6194/6194/6194 6177/6177/6177 6291/6291/6291 
f 6292/6292/6292 6293/6293/6293 6201/6201/6201 
f 6294/6294/6294 6293/6293/6293 6292/6292/6292 
f 6232/6232/6232 6295/6295/6295 6296/6296/6296 
f 6297/6297/6297 6296/6296/6296 6295/6295/6295 
f 6298/6298/6298 6299/6299/6299 6239/6239/6239 
f 6300/6300/6300 6299/6299/6299 6298/6298/6298 
f 6301/6301/6301 6302/6302/6302 6205/6205/6205 
f 6303/6303/6303 6304/6304/6304 6305/6305/6305 
f 6304/6304/6304 6306/6306/6306 6305/6305/6305 
f 6307/6307/6307 6308/6308/6308 6309/6309/6309 
f 6308/6308/6308 6310/6310/6310 6309/6309/6309 
f 6311/6311/6311 6312/6312/6312 6313/6313/6313 
f 6312/6312/6312 6314/6314/6314 6313/6313/6313 
f 6314/6314/6314 6315/6315/6315 6313/6313/6313 
f 6316/6316/6316 6317/6317/6317 6318/6318/6318 
f 6317/6317/6317 6319/6319/6319 6318/6318/6318 
f 6319/6319/6319 6320/6320/6320 6318/6318/6318 
f 6321/6321/6321 6322/6322/6322 6290/6290/6290 
f 6292/6292/6292 6201/6201/6201 6323/6323/6323 
f 6201/6201/6201 6324/6324/6324 6323/6323/6323 
f 6325/6325/6325 6326/6326/6326 6296/6296/6296 
f 6298/6298/6298 6239/6239/6239 6327/6327/6327 
f 6239/6239/6239 6328/6328/6328 6327/6327/6327 
f 6329/6329/6329 6330/6330/6330 6293/6293/6293 
f 6330/6330/6330 6166/6166/6166 6293/6293/6293 
f 6166/6166/6166 6201/6201/6201 6293/6293/6293 
f 6331/6331/6331 6295/6295/6295 6215/6215/6215 
f 6295/6295/6295 6232/6232/6232 6215/6215/6215 
f 6177/6177/6177 6332/6332/6332 6291/6291/6291 
f 6331/6331/6331 6215/6215/6215 6333/6333/6333 
f 6215/6215/6215 6334/6334/6334 6333/6333/6333 
f 6335/6335/6335 6167/6167/6167 6330/6330/6330 
f 6167/6167/6167 6166/6166/6166 6330/6330/6330 
f 6332/6332/6332 6177/6177/6177 6336/6336/6336 
f 6177/6177/6177 6337/6337/6337 6336/6336/6336 
f 6204/6204/6204 6239/6239/6239 6205/6205/6205 
f 6239/6239/6239 6299/6299/6299 6205/6205/6205 
f 6299/6299/6299 6338/6338/6338 6205/6205/6205 
f 6338/6338/6338 6301/6301/6301 6205/6205/6205 
f 6290/6290/6290 6322/6322/6322 6194/6194/6194 
f 6322/6322/6322 6339/6339/6339 6194/6194/6194 
f 6201/6201/6201 6200/6200/6200 6324/6324/6324 
f 6296/6296/6296 6326/6326/6326 6232/6232/6232 
f 6326/6326/6326 6340/6340/6340 6232/6232/6232 
f 6239/6239/6239 6238/6238/6238 6328/6328/6328 

g Union30

v -62.4934 5.96417 -68.75 
v -62.4934 5.96417 -39.25 
v -62.4828 5.95316 -68.75 
v -62.4828 5.95316 -39.25 
v -62.4828 5.93698 -68.75 
v -62.4828 5.95316 -68.75 
v -62.4828 5.93698 -39.25 
v -62.4828 5.95316 -39.25 
v -62.4828 5.93698 -39.25 
v -62.4671 5.93698 -39.25 
v -62.4828 5.93698 -68.75 
v -62.4671 5.93698 -68.75 
v -60.4828 3.88501 -39.25 
v -62.4671 5.93698 -39.25 
v -62.4828 5.93698 -39.25 
v -60.4828 1.93668 -39.25 
v -65.4828 1.93668 -39.25 
v -65.4828 1.93668 -68.75 
v -60.4828 1.93668 -68.75 
v -65.4828 1.93668 -39.25 
v -60.4828 1.93668 -39.25 
v -60.4828 3.88501 -39.25 
v -60.4828 1.93668 -39.25 
v -60.4828 3.88501 -68.75 
v -60.4828 1.93668 -68.75 
v -62.4671 5.93698 -39.25 
v -60.4828 3.88501 -39.25 
v -62.4671 5.93698 -68.75 
v -60.4828 3.88501 -68.75 
v -62.4671 5.93698 -68.75 
v -60.4828 3.88501 -68.75 
v -62.4828 5.93698 -68.75 
v -65.4828 1.93668 -68.75 
v -60.4828 1.93668 -68.75 
v -65.4828 15.4367 -39.25 
v -60.4828 15.4367 -39.25 
v -65.4828 15.4367 -68.75 
v -60.4828 15.4367 -68.75 
v -65.4828 5.93302 -68.75 
v -62.4934 5.96417 -68.75 
v -62.4828 5.95316 -68.75 
v -62.4828 5.97445 -68.75 
v -62.4828 5.97445 -68.75 
v -62.4828 11.937 -68.75 
v -62.4828 5.97445 -39.25 
v -62.4828 11.937 -39.25 
v -62.4934 5.96417 -39.25 
v -62.4934 5.96417 -68.75 
v -62.4828 5.97445 -39.25 
v -62.4828 5.97445 -68.75 
v -62.4934 5.96417 -39.25 
v -62.4828 5.95316 -39.25 
v -65.4828 15.4367 -39.25 
v -62.4828 5.97445 -39.25 
v -65.4828 1.93668 -39.25 
v -65.4828 15.4367 -39.25 
v -65.4828 1.93668 -68.75 
v -65.4828 15.4367 -68.75 
v -65.4828 5.93302 -68.75 
v -65.4828 9.44392 -68.75 
v -62.4847 11.9429 -39.25 
v -62.4847 11.9429 -68.75 
v -60.4828 13.4321 -39.25 
v -60.4828 13.4321 -68.75 
v -62.4847 11.9429 -68.75 
v -62.4847 11.9429 -39.25 
v -62.4804 11.937 -68.75 
v -62.4804 11.937 -39.25 
v -62.4828 11.937 -39.25 
v -62.4847 11.9429 -39.25 
v -62.4828 11.937 -68.75 
v -62.4847 11.9429 -68.75 
v -62.4804 11.937 -68.75 
v -62.4828 11.937 -68.75 
v -62.4804 11.937 -68.75 
v -62.4828 11.937 -39.25 
v -62.4804 11.937 -39.25 
v -62.4804 11.937 -39.25 
v -60.4828 15.4367 -68.75 
v -60.4828 15.4367 -39.25 
v -60.4828 13.4321 -68.75 
v -60.4828 13.4321 -39.25 
v -60.4828 13.4321 -39.25 
v -60.4828 15.4367 -39.25 
v -60.4828 13.4321 -68.75 
v -60.4828 15.4367 -68.75 
v -65.4828 15.4367 -68.75 
v -65.4828 9.44392 -68.75 

vn 0.716535 0.692913 0 
vn 0.716535 0.692913 0 
vn 0.716535 0.692913 0 
vn 0.716535 0.692913 0 
vn 1 0 0 
vn 1 0 0 
vn 1 0 0 
vn 1 0 0 
vn 0 1 0 
vn 0 1 0 
vn 0 1 0 
vn 0 1 0 
vn 0 0 1 
vn 0 0 1 
vn 0 0 1 
vn 0 0 1 
vn 0 0 1 
vn 0 -1 0 
vn 0 -1 0 
vn 0 -1 0 
vn 0 -1 0 
vn 1 0 0 
vn 1 0 0 
vn 1 0 0 
vn 1 0 0 
vn 0.716535 0.692913 0 
vn 0.716535 0.692913 0 
vn 0.716535 0.692913 0 
vn 0.716535 0.692913 0 
vn 0 0 -1 
vn 0 0 -1 
vn 0 0 -1 
vn 0 0 -1 
vn 0 0 -1 
vn 0 1 0 
vn 0 1 0 
vn 0 1 0 
vn 0 1 0 
vn 0 0 -1 
vn 0 0 -1 
vn 0 0 -1 
vn 0 0 -1 
vn 1 0 0 
vn 1 0 0 
vn 1 0 0 
vn 1 0 0 
vn 0.692913 -0.716535 0 
vn 0.692913 -0.716535 0 
vn 0.692913 -0.716535 0 
vn 0.692913 -0.716535 0 
vn 0 0 1 
vn 0 0 1 
vn 0 0 1 
vn 0 0 1 
vn -1 0 0 
vn -1 0 0 
vn -1 0 0 
vn -1 0 0 
vn -1 0 0 
vn -1 0 0 
vn 0.598425 -0.80315 0 
vn 0.598425 -0.80315 0 
vn 0.598425 -0.80315 0 
vn 0.598425 -0.80315 0 
vn 0.80315 0.598425 0 
vn 0.80315 0.598425 0 
vn 0.80315 0.598425 0 
vn 0.80315 0.598425 0 
vn 0 0 1 
vn 0 0 1 
vn 0 0 -1 
vn 0 0 -1 
vn 0 0 -1 
vn 0 -1 0 
vn 0 -1 0 
vn 0 -1 0 
vn 0 -1 0 
vn 0 0 1 
vn 1 0 0 
vn 1 0 0 
vn 1 0 0 
vn 1 0 0 
vn 0 0 1 
vn 0 0 1 
vn 0 0 -1 
vn 0 0 -1 
vn 0 0 -1 
vn 0 0 -1 

vt 1.84375 -57.3096 
vt -1.84375 -57.3096 
vt 1.84375 -57.3115 
vt -1.84375 -57.3115 
vt 1.84375 -57.3131 
vt 1.84375 -57.3115 
vt -1.84375 -57.3131 
vt -1.84375 -57.3115 
vt 1.84375 -57.155 
vt 1.84375 -57.1534 
vt -1.84375 -57.155 
vt -1.84375 -57.1534 
vt -0.107508 -57.6681 
vt -0.153431 -57.3142 
vt -0.155 -57.3131 
vt -0.252869 -57.8635 
vt -0.754334 -57.4905 
vt 1.84375 -57.7543 
vt 1.84375 -57.2529 
vt -1.84375 -57.7543 
vt -1.84375 -57.2529 
vt -1.84375 -57.6681 
vt -1.84375 -57.8635 
vt 1.84375 -57.6681 
vt 1.84375 -57.8635 
vt -1.84375 -57.3142 
vt -1.84375 -57.6681 
vt 1.84375 -57.3142 
vt 1.84375 -57.6681 
vt 0.153431 -57.3142 
vt 0.107508 -57.6681 
vt 0.155 -57.3131 
vt 0.754334 -57.4905 
vt 0.252869 -57.8635 
vt 1.84375 -56.7471 
vt 1.84375 -56.2457 
vt -1.84375 -56.7471 
vt -1.84375 -56.2457 
vt 0.456176 -57.0897 
vt 0.154039 -57.3096 
vt 0.153793 -57.3115 
vt 0.152204 -57.3093 
vt 1.84375 -57.3093 
vt 1.84375 -56.7113 
vt -1.84375 -57.3093 
vt -1.84375 -56.7113 
vt -1.84375 -57.154 
vt 1.84375 -57.154 
vt -1.84375 -57.1522 
vt 1.84375 -57.1522 
vt -0.154039 -57.3096 
vt -0.153793 -57.3115 
vt 0.252869 -56.1365 
vt -0.152204 -57.3093 
vt 1.84375 -57.4905 
vt 1.84375 -56.1365 
vt -1.84375 -57.4905 
vt -1.84375 -56.1365 
vt -1.84375 -57.0897 
vt -1.84375 -56.7375 
vt -1.84375 -56.7071 
vt 1.84375 -56.7071 
vt -1.84375 -56.3952 
vt 1.84375 -56.3952 
vt 1.84375 -56.7106 
vt -1.84375 -56.7106 
vt 1.84375 -56.7115 
vt -1.84375 -56.7115 
vt 0.292645 -56.7113 
vt 0.292889 -56.7106 
vt -0.292645 -56.7113 
vt -0.292889 -56.7106 
vt -0.292889 -56.7115 
vt 1.84375 -56.7074 
vt 1.84375 -56.7071 
vt -1.84375 -56.7074 
vt -1.84375 -56.7071 
vt 0.292889 -56.7115 
vt 1.84375 -56.5095 
vt -1.84375 -56.5095 
vt 1.84375 -56.7106 
vt -1.84375 -56.7106 
vt 0.604777 -56.7106 
vt 0.754334 -56.5095 
vt -0.604777 -56.7106 
vt -0.754334 -56.5095 
vt -0.252869 -56.1365 
vt 0.194237 -56.7375 

usemtl Union3Mtl

f 6341/6341/6341 6342/6342/6342 6343/6343/6343 
f 6342/6342/6342 6344/6344/6344 6343/6343/6343 
f 6345/6345/6345 6346/6346/6346 6347/6347/6347 
f 6346/6346/6346 6348/6348/6348 6347/6347/6347 
f 6349/6349/6349 6350/6350/6350 6351/6351/6351 
f 6350/6350/6350 6352/6352/6352 6351/6351/6351 
f 6353/6353/6353 6354/6354/6354 6355/6355/6355 
f 6356/6356/6356 6353/6353/6353 6357/6357/6357 
f 6353/6353/6353 6355/6355/6355 6357/6357/6357 
f 6358/6358/6358 6359/6359/6359 6360/6360/6360 
f 6359/6359/6359 6361/6361/6361 6360/6360/6360 
f 6362/6362/6362 6363/6363/6363 6364/6364/6364 
f 6363/6363/6363 6365/6365/6365 6364/6364/6364 
f 6366/6366/6366 6367/6367/6367 6368/6368/6368 
f 6367/6367/6367 6369/6369/6369 6368/6368/6368 
f 6370/6370/6370 6371/6371/6371 6372/6372/6372 
f 6371/6371/6371 6373/6373/6373 6372/6372/6372 
f 6371/6371/6371 6374/6374/6374 6373/6373/6373 
f 6375/6375/6375 6376/6376/6376 6377/6377/6377 
f 6376/6376/6376 6378/6378/6378 6377/6377/6377 
f 6379/6379/6379 6380/6380/6380 6373/6373/6373 
f 6380/6380/6380 6372/6372/6372 6373/6373/6373 
f 6381/6381/6381 6372/6372/6372 6380/6380/6380 
f 6380/6380/6380 6379/6379/6379 6382/6382/6382 
f 6383/6383/6383 6384/6384/6384 6385/6385/6385 
f 6384/6384/6384 6386/6386/6386 6385/6385/6385 
f 6387/6387/6387 6388/6388/6388 6389/6389/6389 
f 6388/6388/6388 6390/6390/6390 6389/6389/6389 
f 6391/6391/6391 6357/6357/6357 6392/6392/6392 
f 6357/6357/6357 6355/6355/6355 6392/6392/6392 
f 6391/6391/6391 6393/6393/6393 6357/6357/6357 
f 6394/6394/6394 6393/6393/6393 6391/6391/6391 
f 6395/6395/6395 6396/6396/6396 6397/6397/6397 
f 6398/6398/6398 6397/6397/6397 6396/6396/6396 
f 6398/6398/6398 6399/6399/6399 6397/6397/6397 
f 6400/6400/6400 6399/6399/6399 6398/6398/6398 
f 6401/6401/6401 6402/6402/6402 6403/6403/6403 
f 6402/6402/6402 6404/6404/6404 6403/6403/6403 
f 6405/6405/6405 6406/6406/6406 6407/6407/6407 
f 6406/6406/6406 6408/6408/6408 6407/6407/6407 
f 6394/6394/6394 6409/6409/6409 6410/6410/6410 
f 6382/6382/6382 6379/6379/6379 6411/6411/6411 
f 6379/6379/6379 6412/6412/6412 6411/6411/6411 
f 6412/6412/6412 6413/6413/6413 6411/6411/6411 
f 6414/6414/6414 6415/6415/6415 6416/6416/6416 
f 6415/6415/6415 6417/6417/6417 6416/6416/6416 
f 6418/6418/6418 6410/6410/6410 6409/6409/6409 
f 6419/6419/6419 6420/6420/6420 6421/6421/6421 
f 6420/6420/6420 6422/6422/6422 6421/6421/6421 
f 6423/6423/6423 6424/6424/6424 6410/6410/6410 
f 6425/6425/6425 6412/6412/6412 6426/6426/6426 
f 6412/6412/6412 6427/6427/6427 6426/6426/6426 
f 6424/6424/6424 6393/6393/6393 6410/6410/6410 
f 6393/6393/6393 6394/6394/6394 6410/6410/6410 
f 6379/6379/6379 6428/6428/6428 6412/6412/6412 
f 6428/6428/6428 6427/6427/6427 6412/6412/6412 

g Ceiling6

v 22.5 17.9367 -10 
v 22.5 17.9367 19 
v 22.5 16.4367 -10 
v 22.5 16.4367 19 
v -7 17.9367 19 
v 22.5 17.9367 19 
v -7 17.9367 -10 
v 22.5 17.9367 -10 
v 22.5 17.9367 19 
v -7 17.9367 19 
v 22.5 16.4367 19 
v -7 16.4367 19 
v -7 17.9367 19 
v -7 17.9367 -10 
v -7 16.4367 19 
v -7 16.4367 -10 
v -7 16.4367 -10 
v 22.5 16.4367 -10 
v -7 16.4367 19 
v 22.5 16.4367 19 
v -7 17.9367 -10 
v 22.5 17.9367 -10 
v -7 16.4367 -10 
v 22.5 16.4367 -10 

vn 1 0 0 
vn 1 0 0 
vn 1 0 0 
vn 1 0 0 
vn 0 1 0 
vn 0 1 0 
vn 0 1 0 
vn 0 1 0 
vn 0 0 1 
vn 0 0 1 
vn 0 0 1 
vn 0 0 1 
vn -1 0 0 
vn -1 0 0 
vn -1 0 0 
vn -1 0 0 
vn 0 -1 0 
vn 0 -1 0 
vn 0 -1 0 
vn 0 -1 0 
vn 0 0 -1 
vn 0 0 -1 
vn 0 0 -1 
vn 0 0 -1 

vt 6.23534 -1.23178 
vt 2.61034 -1.23178 
vt 6.23534 -1.41928 
vt 2.61034 -1.41928 
vt 6.29784 -1.23178 
vt 2.61034 -1.23178 
vt 6.29784 -4.85678 
vt 2.61034 -4.85678 
vt 6.29784 -1.23178 
vt 2.61034 -1.23178 
vt 6.29784 -1.41928 
vt 2.61034 -1.41928 
vt 6.23534 -1.23178 
vt 2.61034 -1.23178 
vt 6.23534 -1.41928 
vt 2.61034 -1.41928 
vt 6.29784 -1.23178 
vt 2.61034 -1.23178 
vt 6.29784 -4.85678 
vt 2.61034 -4.85678 
vt 6.29784 -1.23178 
vt 2.61034 -1.23178 
vt 6.29784 -1.41928 
vt 2.61034 -1.41928 

usemtl Ceiling1Mtl

f 6429/6429/6429 6430/6430/6430 6431/6431/6431 
f 6431/6431/6431 6430/6430/6430 6432/6432/6432 
f 6433/6433/6433 6434/6434/6434 6435/6435/6435 
f 6435/6435/6435 6434/6434/6434 6436/6436/6436 
f 6437/6437/6437 6438/6438/6438 6439/6439/6439 
f 6439/6439/6439 6438/6438/6438 6440/6440/6440 
f 6441/6441/6441 6442/6442/6442 6443/6443/6443 
f 6443/6443/6443 6442/6442/6442 6444/6444/6444 
f 6445/6445/6445 6446/6446/6446 6447/6447/6447 
f 6447/6447/6447 6446/6446/6446 6448/6448/6448 
f 6449/6449/6449 6450/6450/6450 6451/6451/6451 
f 6451/6451/6451 6450/6450/6450 6452/6452/6452 

g Part105

v 11 15.6804 5.5 
v 11 15.6804 3 
v 11 16.7525 5.5 
v 11 16.7525 3 
v 5 15.6804 3 
v 11 15.6804 3 
v 5 15.6804 5.5 
v 11 15.6804 5.5 
v 11 15.6804 3 
v 5 15.6804 3 
v 11 16.7525 3 
v 5 16.7525 3 
v 5 15.6804 3 
v 5 15.6804 5.5 
v 5 16.7525 3 
v 5 16.7525 5.5 
v 5 16.7525 5.5 
v 11 16.7525 5.5 
v 5 16.7525 3 
v 11 16.7525 3 
v 5 15.6804 5.5 
v 11 15.6804 5.5 
v 5 16.7525 5.5 
v 11 16.7525 5.5 

vn 1 0 0 
vn 1 0 0 
vn 1 0 0 
vn 1 0 0 
vn 0 -1 0 
vn 0 -1 0 
vn 0 -1 0 
vn 0 -1 0 
vn 0 0 -1 
vn 0 0 -1 
vn 0 0 -1 
vn 0 0 -1 
vn -1 0 0 
vn -1 0 0 
vn -1 0 0 
vn -1 0 0 
vn 0 1 0 
vn 0 1 0 
vn 0 1 0 
vn 0 1 0 
vn 0 0 1 
vn 0 0 1 
vn 0 0 1 
vn 0 0 1 

vt 0.907264 0.519369 
vt 0.594764 0.519369 
vt 0.907264 0.385353 
vt 0.594764 0.385353 
vt 1.34476 0.519369 
vt 0.594764 0.519369 
vt 1.34476 0.206869 
vt 0.594764 0.206869 
vt 1.34476 0.519369 
vt 0.594764 0.519369 
vt 1.34476 0.385353 
vt 0.594764 0.385353 
vt 0.907264 0.519369 
vt 0.594764 0.519369 
vt 0.907264 0.385353 
vt 0.594764 0.385353 
vt 1.34476 0.519369 
vt 0.594764 0.519369 
vt 1.34476 0.206869 
vt 0.594764 0.206869 
vt 1.34476 0.519369 
vt 0.594764 0.519369 
vt 1.34476 0.385353 
vt 0.594764 0.385353 

usemtl Part1Mtl

f 6453/6453/6453 6454/6454/6454 6455/6455/6455 
f 6455/6455/6455 6454/6454/6454 6456/6456/6456 
f 6457/6457/6457 6458/6458/6458 6459/6459/6459 
f 6459/6459/6459 6458/6458/6458 6460/6460/6460 
f 6461/6461/6461 6462/6462/6462 6463/6463/6463 
f 6463/6463/6463 6462/6462/6462 6464/6464/6464 
f 6465/6465/6465 6466/6466/6466 6467/6467/6467 
f 6467/6467/6467 6466/6466/6466 6468/6468/6468 
f 6469/6469/6469 6470/6470/6470 6471/6471/6471 
f 6471/6471/6471 6470/6470/6470 6472/6472/6472 
f 6473/6473/6473 6474/6474/6474 6475/6475/6475 
f 6475/6475/6475 6474/6474/6474 6476/6476/6476 

g Part106

v 11.5 15.7525 6 
v 11.5 15.7525 2.5 
v 11.5 17.2525 6 
v 11.5 17.2525 2.5 
v 4.5 15.7525 2.5 
v 11.5 15.7525 2.5 
v 4.5 15.7525 6 
v 11.5 15.7525 6 
v 11.5 15.7525 2.5 
v 4.5 15.7525 2.5 
v 11.5 17.2525 2.5 
v 4.5 17.2525 2.5 
v 4.5 15.7525 2.5 
v 4.5 15.7525 6 
v 4.5 17.2525 2.5 
v 4.5 17.2525 6 
v 4.5 17.2525 6 
v 11.5 17.2525 6 
v 4.5 17.2525 2.5 
v 11.5 17.2525 2.5 
v 4.5 15.7525 6 
v 11.5 15.7525 6 
v 4.5 17.2525 6 
v 11.5 17.2525 6 

vn 1 0 0 
vn 1 0 0 
vn 1 0 0 
vn 1 0 0 
vn 0 -1 0 
vn 0 -1 0 
vn 0 -1 0 
vn 0 -1 0 
vn 0 0 -1 
vn 0 0 -1 
vn 0 0 -1 
vn 0 0 -1 
vn -1 0 0 
vn -1 0 0 
vn -1 0 0 
vn -1 0 0 
vn 0 1 0 
vn 0 1 0 
vn 0 1 0 
vn 0 1 0 
vn 0 0 1 
vn 0 0 1 
vn 0 0 1 
vn 0 0 1 

vt 8.1875 0.5 
vt 7.75 0.5 
vt 8.1875 0.3125 
vt 7.75 0.3125 
vt 8.625 0.5 
vt 7.75 0.5 
vt 8.625 0.0625 
vt 7.75 0.0625 
vt 8.625 0.5 
vt 7.75 0.5 
vt 8.625 0.3125 
vt 7.75 0.3125 
vt 8.1875 0.5 
vt 7.75 0.5 
vt 8.1875 0.3125 
vt 7.75 0.3125 
vt 8.625 0.5 
vt 7.75 0.5 
vt 8.625 0.0625 
vt 7.75 0.0625 
vt 8.625 0.5 
vt 7.75 0.5 
vt 8.625 0.3125 
vt 7.75 0.3125 

usemtl Part3Mtl

f 6477/6477/6477 6478/6478/6478 6479/6479/6479 
f 6479/6479/6479 6478/6478/6478 6480/6480/6480 
f 6481/6481/6481 6482/6482/6482 6483/6483/6483 
f 6483/6483/6483 6482/6482/6482 6484/6484/6484 
f 6485/6485/6485 6486/6486/6486 6487/6487/6487 
f 6487/6487/6487 6486/6486/6486 6488/6488/6488 
f 6489/6489/6489 6490/6490/6490 6491/6491/6491 
f 6491/6491/6491 6490/6490/6490 6492/6492/6492 
f 6493/6493/6493 6494/6494/6494 6495/6495/6495 
f 6495/6495/6495 6494/6494/6494 6496/6496/6496 
f 6497/6497/6497 6498/6498/6498 6499/6499/6499 
f 6499/6499/6499 6498/6498/6498 6500/6500/6500 

g Part107

v 10.5 12.0142 -4.98706 
v 10.5 10.9535 -6.04772 
v 10.5 12.7723 -5.74517 
v 10.5 11.7116 -6.80583 
v 5.5 10.9535 -6.04772 
v 10.5 10.9535 -6.04772 
v 5.5 12.0142 -4.98706 
v 10.5 12.0142 -4.98706 
v 10.5 10.9535 -6.04772 
v 5.5 10.9535 -6.04772 
v 10.5 11.7116 -6.80583 
v 5.5 11.7116 -6.80583 
v 5.5 10.9535 -6.04772 
v 5.5 12.0142 -4.98706 
v 5.5 11.7116 -6.80583 
v 5.5 12.7723 -5.74517 
v 5.5 12.7723 -5.74517 
v 10.5 12.7723 -5.74517 
v 5.5 11.7116 -6.80583 
v 10.5 11.7116 -6.80583 
v 5.5 12.0142 -4.98706 
v 10.5 12.0142 -4.98706 
v 5.5 12.7723 -5.74517 
v 10.5 12.7723 -5.74517 

vn 1 0 0 
vn 1 0 0 
vn 1 0 0 
vn 1 0 0 
vn 0 -0.708661 0.708661 
vn 0 -0.708661 0.708661 
vn 0 -0.708661 0.708661 
vn 0 -0.708661 0.708661 
vn 0 -0.708661 -0.708661 
vn 0 -0.708661 -0.708661 
vn 0 -0.708661 -0.708661 
vn 0 -0.708661 -0.708661 
vn -1 0 0 
vn -1 0 0 
vn -1 0 0 
vn -1 0 0 
vn 0 0.708661 -0.708661 
vn 0 0.708661 -0.708661 
vn 0 0.708661 -0.708661 
vn 0 0.708661 -0.708661 
vn 0 0.708661 0.708661 
vn 0 0.708661 0.708661 
vn 0 0.708661 0.708661 
vn 0 0.708661 0.708661 

vt 0.523434 1.072 
vt 0.335934 1.072 
vt 0.523434 0.937987 
vt 0.335934 0.937987 
vt 0.960934 1.072 
vt 0.335934 1.072 
vt 0.960934 0.884503 
vt 0.335934 0.884503 
vt 0.960934 1.072 
vt 0.335934 1.072 
vt 0.960934 0.937987 
vt 0.335934 0.937987 
vt 0.523434 1.072 
vt 0.335934 1.072 
vt 0.523434 0.937987 
vt 0.335934 0.937987 
vt 0.960934 1.072 
vt 0.335934 1.072 
vt 0.960934 0.884503 
vt 0.335934 0.884503 
vt 0.960934 1.072 
vt 0.335934 1.072 
vt 0.960934 0.937987 
vt 0.335934 0.937987 

usemtl Part1Mtl

f 6501/6501/6501 6502/6502/6502 6503/6503/6503 
f 6503/6503/6503 6502/6502/6502 6504/6504/6504 
f 6505/6505/6505 6506/6506/6506 6507/6507/6507 
f 6507/6507/6507 6506/6506/6506 6508/6508/6508 
f 6509/6509/6509 6510/6510/6510 6511/6511/6511 
f 6511/6511/6511 6510/6510/6510 6512/6512/6512 
f 6513/6513/6513 6514/6514/6514 6515/6515/6515 
f 6515/6515/6515 6514/6514/6514 6516/6516/6516 
f 6517/6517/6517 6518/6518/6518 6519/6519/6519 
f 6519/6519/6519 6518/6518/6518 6520/6520/6520 
f 6521/6521/6521 6522/6522/6522 6523/6523/6523 
f 6523/6523/6523 6522/6522/6522 6524/6524/6524 

g Part108

v 11 12.4188 -4.68451 
v 11 10.651 -6.45228 
v 11 13.1259 -5.39162 
v 11 11.3581 -7.15939 
v 5 10.651 -6.45228 
v 11 10.651 -6.45228 
v 5 12.4188 -4.68451 
v 11 12.4188 -4.68451 
v 11 10.651 -6.45228 
v 5 10.651 -6.45228 
v 11 11.3581 -7.15939 
v 5 11.3581 -7.15939 
v 5 10.651 -6.45228 
v 5 12.4188 -4.68451 
v 5 11.3581 -7.15939 
v 5 13.1259 -5.39162 
v 5 13.1259 -5.39162 
v 11 13.1259 -5.39162 
v 5 11.3581 -7.15939 
v 11 11.3581 -7.15939 
v 5 12.4188 -4.68451 
v 11 12.4188 -4.68451 
v 5 13.1259 -5.39162 
v 11 13.1259 -5.39162 

vn 1 0 0 
vn 1 0 0 
vn 1 0 0 
vn 1 0 0 
vn 0 -0.708661 0.708661 
vn 0 -0.708661 0.708661 
vn 0 -0.708661 0.708661 
vn 0 -0.708661 0.708661 
vn 0 -0.708661 -0.708661 
vn 0 -0.708661 -0.708661 
vn 0 -0.708661 -0.708661 
vn 0 -0.708661 -0.708661 
vn -1 0 0 
vn -1 0 0 
vn -1 0 0 
vn -1 0 0 
vn 0 0.708661 -0.708661 
vn 0 0.708661 -0.708661 
vn 0 0.708661 -0.708661 
vn 0 0.708661 -0.708661 
vn 0 0.708661 0.708661 
vn 0 0.708661 0.708661 
vn 0 0.708661 0.708661 
vn 0 0.708661 0.708661 

vt 5.0625 -2.75 
vt 4.75 -2.75 
vt 5.0625 -2.875 
vt 4.75 -2.875 
vt 5.5 -2.75 
vt 4.75 -2.75 
vt 5.5 -3.0625 
vt 4.75 -3.0625 
vt 5.5 -2.75 
vt 4.75 -2.75 
vt 5.5 -2.875 
vt 4.75 -2.875 
vt 5.0625 -2.75 
vt 4.75 -2.75 
vt 5.0625 -2.875 
vt 4.75 -2.875 
vt 5.5 -2.75 
vt 4.75 -2.75 
vt 5.5 -3.0625 
vt 4.75 -3.0625 
vt 5.5 -2.75 
vt 4.75 -2.75 
vt 5.5 -2.875 
vt 4.75 -2.875 

usemtl Union1Mtl

f 6525/6525/6525 6526/6526/6526 6527/6527/6527 
f 6527/6527/6527 6526/6526/6526 6528/6528/6528 
f 6529/6529/6529 6530/6530/6530 6531/6531/6531 
f 6531/6531/6531 6530/6530/6530 6532/6532/6532 
f 6533/6533/6533 6534/6534/6534 6535/6535/6535 
f 6535/6535/6535 6534/6534/6534 6536/6536/6536 
f 6537/6537/6537 6538/6538/6538 6539/6539/6539 
f 6539/6539/6539 6538/6538/6538 6540/6540/6540 
f 6541/6541/6541 6542/6542/6542 6543/6543/6543 
f 6543/6543/6543 6542/6542/6542 6544/6544/6544 
f 6545/6545/6545 6546/6546/6546 6547/6547/6547 
f 6547/6547/6547 6546/6546/6546 6548/6548/6548 

g Part109

v 11.5 13.1259 -4.68451 
v 11.5 10.651 -7.15939 
v 11.5 14.1865 -5.74517 
v 11.5 11.7116 -8.22005 
v 4.5 10.651 -7.15939 
v 11.5 10.651 -7.15939 
v 4.5 13.1259 -4.68451 
v 11.5 13.1259 -4.68451 
v 11.5 10.651 -7.15939 
v 4.5 10.651 -7.15939 
v 11.5 11.7116 -8.22005 
v 4.5 11.7116 -8.22005 
v 4.5 10.651 -7.15939 
v 4.5 13.1259 -4.68451 
v 4.5 11.7116 -8.22005 
v 4.5 14.1865 -5.74517 
v 4.5 14.1865 -5.74517 
v 11.5 14.1865 -5.74517 
v 4.5 11.7116 -8.22005 
v 11.5 11.7116 -8.22005 
v 4.5 13.1259 -4.68451 
v 11.5 13.1259 -4.68451 
v 4.5 14.1865 -5.74517 
v 11.5 14.1865 -5.74517 

vn 1 0 0 
vn 1 0 0 
vn 1 0 0 
vn 1 0 0 
vn 0 -0.708661 0.708661 
vn 0 -0.708661 0.708661 
vn 0 -0.708661 0.708661 
vn 0 -0.708661 0.708661 
vn 0 -0.708661 -0.708661 
vn 0 -0.708661 -0.708661 
vn 0 -0.708661 -0.708661 
vn 0 -0.708661 -0.708661 
vn -1 0 0 
vn -1 0 0 
vn -1 0 0 
vn -1 0 0 
vn 0 0.708661 -0.708661 
vn 0 0.708661 -0.708661 
vn 0 0.708661 -0.708661 
vn 0 0.708661 -0.708661 
vn 0 0.708661 0.708661 
vn 0 0.708661 0.708661 
vn 0 0.708661 0.708661 
vn 0 0.708661 0.708661 

vt 2.9375 -3.5 
vt 2.5 -3.5 
vt 2.9375 -3.6875 
vt 2.5 -3.6875 
vt 3.375 -3.5 
vt 2.5 -3.5 
vt 3.375 -3.9375 
vt 2.5 -3.9375 
vt 3.375 -3.5 
vt 2.5 -3.5 
vt 3.375 -3.6875 
vt 2.5 -3.6875 
vt 2.9375 -3.5 
vt 2.5 -3.5 
vt 2.9375 -3.6875 
vt 2.5 -3.6875 
vt 3.375 -3.5 
vt 2.5 -3.5 
vt 3.375 -3.9375 
vt 2.5 -3.9375 
vt 3.375 -3.5 
vt 2.5 -3.5 
vt 3.375 -3.6875 
vt 2.5 -3.6875 

usemtl Part3Mtl

f 6549/6549/6549 6550/6550/6550 6551/6551/6551 
f 6551/6551/6551 6550/6550/6550 6552/6552/6552 
f 6553/6553/6553 6554/6554/6554 6555/6555/6555 
f 6555/6555/6555 6554/6554/6554 6556/6556/6556 
f 6557/6557/6557 6558/6558/6558 6559/6559/6559 
f 6559/6559/6559 6558/6558/6558 6560/6560/6560 
f 6561/6561/6561 6562/6562/6562 6563/6563/6563 
f 6563/6563/6563 6562/6562/6562 6564/6564/6564 
f 6565/6565/6565 6566/6566/6566 6567/6567/6567 
f 6567/6567/6567 6566/6566/6566 6568/6568/6568 
f 6569/6569/6569 6570/6570/6570 6571/6571/6571 
f 6571/6571/6571 6570/6570/6570 6572/6572/6572 

g Part110

v 22.5 1.93664 -10 
v 22.5 1.93664 -5 
v 22.5 0.936642 -10 
v 22.5 0.936642 -5 
v -7 1.93664 -5 
v 22.5 1.93664 -5 
v -7 1.93664 -10 
v 22.5 1.93664 -10 
v 22.5 1.93664 -5 
v -7 1.93664 -5 
v 22.5 0.936642 -5 
v -7 0.936642 -5 
v -7 1.93664 -5 
v -7 1.93664 -10 
v -7 0.936642 -5 
v -7 0.936642 -10 
v -7 0.936642 -10 
v 22.5 0.936642 -10 
v -7 0.936642 -5 
v 22.5 0.936642 -5 
v -7 1.93664 -10 
v 22.5 1.93664 -10 
v -7 0.936642 -10 
v 22.5 0.936642 -10 

vn 1 0 0 
vn 1 0 0 
vn 1 0 0 
vn 1 0 0 
vn 0 1 0 
vn 0 1 0 
vn 0 1 0 
vn 0 1 0 
vn 0 0 1 
vn 0 0 1 
vn 0 0 1 
vn 0 0 1 
vn -1 0 0 
vn -1 0 0 
vn -1 0 0 
vn -1 0 0 
vn 0 -1 0 
vn 0 -1 0 
vn 0 -1 0 
vn 0 -1 0 
vn 0 0 -1 
vn 0 0 -1 
vn 0 0 -1 
vn 0 0 -1 

vt 8.125 -2 
vt 7.5 -2 
vt 8.125 -2.125 
vt 7.5 -2.125 
vt 11.1875 -2 
vt 7.5 -2 
vt 11.1875 -2.625 
vt 7.5 -2.625 
vt 11.1875 -2 
vt 7.5 -2 
vt 11.1875 -2.125 
vt 7.5 -2.125 
vt 8.125 -2 
vt 7.5 -2 
vt 8.125 -2.125 
vt 7.5 -2.125 
vt 11.1875 -2 
vt 7.5 -2 
vt 11.1875 -2.625 
vt 7.5 -2.625 
vt 11.1875 -2 
vt 7.5 -2 
vt 11.1875 -2.125 
vt 7.5 -2.125 

usemtl Part3Mtl

f 6573/6573/6573 6574/6574/6574 6575/6575/6575 
f 6575/6575/6575 6574/6574/6574 6576/6576/6576 
f 6577/6577/6577 6578/6578/6578 6579/6579/6579 
f 6579/6579/6579 6578/6578/6578 6580/6580/6580 
f 6581/6581/6581 6582/6582/6582 6583/6583/6583 
f 6583/6583/6583 6582/6582/6582 6584/6584/6584 
f 6585/6585/6585 6586/6586/6586 6587/6587/6587 
f 6587/6587/6587 6586/6586/6586 6588/6588/6588 
f 6589/6589/6589 6590/6590/6590 6591/6591/6591 
f 6591/6591/6591 6590/6590/6590 6592/6592/6592 
f 6593/6593/6593 6594/6594/6594 6595/6595/6595 
f 6595/6595/6595 6594/6594/6594 6596/6596/6596 

g Part111

v 22.5 16.4367 -10 
v 22.5 16.4367 -5 
v 22.5 15.4367 -10 
v 22.5 15.4367 -5 
v -7 16.4367 -5 
v 22.5 16.4367 -5 
v -7 16.4367 -10 
v 22.5 16.4367 -10 
v 22.5 16.4367 -5 
v -7 16.4367 -5 
v 22.5 15.4367 -5 
v -7 15.4367 -5 
v -7 16.4367 -5 
v -7 16.4367 -10 
v -7 15.4367 -5 
v -7 15.4367 -10 
v -7 15.4367 -10 
v 22.5 15.4367 -10 
v -7 15.4367 -5 
v 22.5 15.4367 -5 
v -7 16.4367 -10 
v 22.5 16.4367 -10 
v -7 15.4367 -10 
v 22.5 15.4367 -10 

vn 1 0 0 
vn 1 0 0 
vn 1 0 0 
vn 1 0 0 
vn 0 1 0 
vn 0 1 0 
vn 0 1 0 
vn 0 1 0 
vn 0 0 1 
vn 0 0 1 
vn 0 0 1 
vn 0 0 1 
vn -1 0 0 
vn -1 0 0 
vn -1 0 0 
vn -1 0 0 
vn 0 -1 0 
vn 0 -1 0 
vn 0 -1 0 
vn 0 -1 0 
vn 0 0 -1 
vn 0 0 -1 
vn 0 0 -1 
vn 0 0 -1 

vt 3.875 -0.25 
vt 3.25 -0.25 
vt 3.875 -0.375 
vt 3.25 -0.375 
vt 6.9375 -0.25 
vt 3.25 -0.25 
vt 6.9375 -0.875 
vt 3.25 -0.875 
vt 6.9375 -0.25 
vt 3.25 -0.25 
vt 6.9375 -0.375 
vt 3.25 -0.375 
vt 3.875 -0.25 
vt 3.25 -0.25 
vt 3.875 -0.375 
vt 3.25 -0.375 
vt 6.9375 -0.25 
vt 3.25 -0.25 
vt 6.9375 -0.875 
vt 3.25 -0.875 
vt 6.9375 -0.25 
vt 3.25 -0.25 
vt 6.9375 -0.375 
vt 3.25 -0.375 

usemtl Part3Mtl

f 6597/6597/6597 6598/6598/6598 6599/6599/6599 
f 6599/6599/6599 6598/6598/6598 6600/6600/6600 
f 6601/6601/6601 6602/6602/6602 6603/6603/6603 
f 6603/6603/6603 6602/6602/6602 6604/6604/6604 
f 6605/6605/6605 6606/6606/6606 6607/6607/6607 
f 6607/6607/6607 6606/6606/6606 6608/6608/6608 
f 6609/6609/6609 6610/6610/6610 6611/6611/6611 
f 6611/6611/6611 6610/6610/6610 6612/6612/6612 
f 6613/6613/6613 6614/6614/6614 6615/6615/6615 
f 6615/6615/6615 6614/6614/6614 6616/6616/6616 
f 6617/6617/6617 6618/6618/6618 6619/6619/6619 
f 6619/6619/6619 6618/6618/6618 6620/6620/6620 

g Union31

v 22.5 5.96417 -7.01062 
v -7 5.96417 -7.01062 
v 22.5 5.95316 -6.99999 
v -7 5.95316 -6.99999 
v 22.5 5.93698 -6.99998 
v 22.5 5.95316 -6.99999 
v -7 5.93698 -6.99998 
v -7 5.95316 -6.99999 
v -7 5.93698 -6.99998 
v -7 5.93698 -6.98433 
v 22.5 5.93698 -6.99998 
v 22.5 5.93698 -6.98433 
v -7 3.88501 -5 
v -7 5.93698 -6.98433 
v -7 5.93698 -6.99998 
v -7 1.93668 -5 
v -7 1.93668 -10 
v 22.5 1.93668 -10 
v 22.5 1.93668 -5 
v -7 1.93668 -10 
v -7 1.93668 -5 
v -7 3.88501 -5 
v -7 1.93668 -5 
v 22.5 3.88501 -5 
v 22.5 1.93668 -5 
v -7 5.93698 -6.98433 
v -7 3.88501 -5 
v 22.5 5.93698 -6.98433 
v 22.5 3.88501 -5 
v 22.5 5.93698 -6.98433 
v 22.5 3.88501 -5 
v 22.5 5.93698 -6.99998 
v 22.5 1.93668 -10 
v 22.5 1.93668 -5 
v -7 15.4367 -10 
v -7 15.4367 -5 
v 22.5 15.4367 -10 
v 22.5 15.4367 -5 
v 22.5 5.93302 -10 
v 22.5 5.96417 -7.01062 
v 22.5 5.95316 -6.99999 
v 22.5 5.97445 -6.99998 
v 22.5 5.97445 -6.99998 
v 22.5 11.937 -6.99998 
v -7 5.97445 -6.99998 
v -7 11.937 -6.99998 
v -7 5.96417 -7.01062 
v 22.5 5.96417 -7.01062 
v -7 5.97445 -6.99998 
v 22.5 5.97445 -6.99998 
v -7 5.96417 -7.01062 
v -7 5.95316 -6.99999 
v -7 15.4367 -10 
v -7 5.97445 -6.99998 
v -7 1.93668 -10 
v -7 15.4367 -10 
v 22.5 1.93668 -10 
v 22.5 15.4367 -10 
v 22.5 5.93302 -10 
v 22.5 9.44392 -10 
v -7 11.9429 -7.00193 
v 22.5 11.9429 -7.00193 
v -7 13.4321 -5 
v 22.5 13.4321 -5 
v 22.5 11.9429 -7.00193 
v -7 11.9429 -7.00193 
v 22.5 11.937 -6.99756 
v -7 11.937 -6.99756 
v -7 11.937 -6.99998 
v -7 11.9429 -7.00193 
v 22.5 11.937 -6.99998 
v 22.5 11.9429 -7.00193 
v 22.5 11.937 -6.99756 
v 22.5 11.937 -6.99998 
v 22.5 11.937 -6.99756 
v -7 11.937 -6.99998 
v -7 11.937 -6.99756 
v -7 11.937 -6.99756 
v 22.5 15.4367 -5 
v -7 15.4367 -5 
v 22.5 13.4321 -5 
v -7 13.4321 -5 
v -7 13.4321 -5 
v -7 15.4367 -5 
v 22.5 13.4321 -5 
v 22.5 15.4367 -5 
v 22.5 15.4367 -10 
v 22.5 9.44392 -10 

vn 0 0.692913 0.716535 
vn 0 0.692913 0.716535 
vn 0 0.692913 0.716535 
vn 0 0.692913 0.716535 
vn 0 0 1 
vn 0 0 1 
vn 0 0 1 
vn 0 0 1 
vn 0 1 0 
vn 0 1 0 
vn 0 1 0 
vn 0 1 0 
vn -1 0 0 
vn -1 0 0 
vn -1 0 0 
vn -1 0 0 
vn -1 0 0 
vn 0 -1 0 
vn 0 -1 0 
vn 0 -1 0 
vn 0 -1 0 
vn 0 0 1 
vn 0 0 1 
vn 0 0 1 
vn 0 0 1 
vn 0 0.692913 0.716535 
vn 0 0.692913 0.716535 
vn 0 0.692913 0.716535 
vn 0 0.692913 0.716535 
vn 1 0 0 
vn 1 0 0 
vn 1 0 0 
vn 1 0 0 
vn 1 0 0 
vn 0 1 0 
vn 0 1 0 
vn 0 1 0 
vn 0 1 0 
vn 1 0 0 
vn 1 0 0 
vn 1 0 0 
vn 1 0 0 
vn 0 0 1 
vn 0 0 1 
vn 0 0 1 
vn 0 0 1 
vn 0 -0.716535 0.692913 
vn 0 -0.716535 0.692913 
vn 0 -0.716535 0.692913 
vn 0 -0.716535 0.692913 
vn -1 0 0 
vn -1 0 0 
vn -1 0 0 
vn -1 0 0 
vn 0 0 -1 
vn 0 0 -1 
vn 0 0 -1 
vn 0 0 -1 
vn 0 0 -1 
vn 0 0 -1 
vn 0 -0.80315 0.598425 
vn 0 -0.80315 0.598425 
vn 0 -0.80315 0.598425 
vn 0 -0.80315 0.598425 
vn 0 0.598425 0.80315 
vn 0 0.598425 0.80315 
vn 0 0.598425 0.80315 
vn 0 0.598425 0.80315 
vn -1 0 0 
vn -1 0 0 
vn 1 0 0 
vn 1 0 0 
vn 1 0 0 
vn 0 -1 0 
vn 0 -1 0 
vn 0 -1 0 
vn 0 -1 0 
vn -1 0 0 
vn 0 0 1 
vn 0 0 1 
vn 0 0 1 
vn 0 0 1 
vn -1 0 0 
vn -1 0 0 
vn 1 0 0 
vn 1 0 0 
vn 1 0 0 
vn 1 0 0 

vt 55.8438 -15.3096 
vt 52.1562 -15.3096 
vt 55.8438 -15.3115 
vt 52.1562 -15.3115 
vt 55.8438 -15.3131 
vt 55.8438 -15.3115 
vt 52.1562 -15.3131 
vt 52.1562 -15.3115 
vt 55.8438 -15.155 
vt 55.8438 -15.1534 
vt 52.1562 -15.155 
vt 52.1562 -15.1534 
vt 53.8925 -15.6681 
vt 53.8466 -15.3142 
vt 53.845 -15.3131 
vt 53.7471 -15.8635 
vt 53.2457 -15.4905 
vt 55.8438 -15.7543 
vt 55.8438 -15.2529 
vt 52.1562 -15.7543 
vt 52.1562 -15.2529 
vt 52.1562 -15.6681 
vt 52.1562 -15.8635 
vt 55.8438 -15.6681 
vt 55.8438 -15.8635 
vt 52.1562 -15.3142 
vt 52.1562 -15.6681 
vt 55.8438 -15.3142 
vt 55.8438 -15.6681 
vt 54.1534 -15.3142 
vt 54.1075 -15.6681 
vt 54.155 -15.3131 
vt 54.7543 -15.4905 
vt 54.2529 -15.8635 
vt 55.8438 -14.7471 
vt 55.8438 -14.2457 
vt 52.1562 -14.7471 
vt 52.1562 -14.2457 
vt 54.4562 -15.0897 
vt 54.154 -15.3096 
vt 54.1538 -15.3115 
vt 54.1522 -15.3093 
vt 55.8438 -15.3093 
vt 55.8438 -14.7113 
vt 52.1562 -15.3093 
vt 52.1562 -14.7113 
vt 52.1562 -15.154 
vt 55.8438 -15.154 
vt 52.1562 -15.1522 
vt 55.8438 -15.1522 
vt 53.846 -15.3096 
vt 53.8462 -15.3115 
vt 54.2529 -14.1365 
vt 53.8478 -15.3093 
vt 55.8438 -15.4905 
vt 55.8438 -14.1365 
vt 52.1562 -15.4905 
vt 52.1562 -14.1365 
vt 52.1562 -15.0897 
vt 52.1562 -14.7375 
vt 52.1562 -14.7071 
vt 55.8438 -14.7071 
vt 52.1562 -14.3952 
vt 55.8438 -14.3952 
vt 55.8438 -14.7106 
vt 52.1562 -14.7106 
vt 55.8438 -14.7115 
vt 52.1562 -14.7115 
vt 54.2926 -14.7113 
vt 54.2929 -14.7106 
vt 53.7074 -14.7113 
vt 53.7071 -14.7106 
vt 53.7071 -14.7115 
vt 55.8438 -14.7074 
vt 55.8438 -14.7071 
vt 52.1562 -14.7074 
vt 52.1562 -14.7071 
vt 54.2929 -14.7115 
vt 55.8438 -14.5095 
vt 52.1562 -14.5095 
vt 55.8438 -14.7106 
vt 52.1562 -14.7106 
vt 54.6048 -14.7106 
vt 54.7543 -14.5095 
vt 53.3952 -14.7106 
vt 53.2457 -14.5095 
vt 53.7471 -14.1365 
vt 54.1942 -14.7375 

usemtl Union3Mtl

f 6621/6621/6621 6622/6622/6622 6623/6623/6623 
f 6622/6622/6622 6624/6624/6624 6623/6623/6623 
f 6625/6625/6625 6626/6626/6626 6627/6627/6627 
f 6626/6626/6626 6628/6628/6628 6627/6627/6627 
f 6629/6629/6629 6630/6630/6630 6631/6631/6631 
f 6630/6630/6630 6632/6632/6632 6631/6631/6631 
f 6633/6633/6633 6634/6634/6634 6635/6635/6635 
f 6636/6636/6636 6633/6633/6633 6637/6637/6637 
f 6633/6633/6633 6635/6635/6635 6637/6637/6637 
f 6638/6638/6638 6639/6639/6639 6640/6640/6640 
f 6639/6639/6639 6641/6641/6641 6640/6640/6640 
f 6642/6642/6642 6643/6643/6643 6644/6644/6644 
f 6643/6643/6643 6645/6645/6645 6644/6644/6644 
f 6646/6646/6646 6647/6647/6647 6648/6648/6648 
f 6647/6647/6647 6649/6649/6649 6648/6648/6648 
f 6650/6650/6650 6651/6651/6651 6652/6652/6652 
f 6651/6651/6651 6653/6653/6653 6652/6652/6652 
f 6651/6651/6651 6654/6654/6654 6653/6653/6653 
f 6655/6655/6655 6656/6656/6656 6657/6657/6657 
f 6656/6656/6656 6658/6658/6658 6657/6657/6657 
f 6659/6659/6659 6660/6660/6660 6653/6653/6653 
f 6660/6660/6660 6652/6652/6652 6653/6653/6653 
f 6661/6661/6661 6652/6652/6652 6660/6660/6660 
f 6660/6660/6660 6659/6659/6659 6662/6662/6662 
f 6663/6663/6663 6664/6664/6664 6665/6665/6665 
f 6664/6664/6664 6666/6666/6666 6665/6665/6665 
f 6667/6667/6667 6668/6668/6668 6669/6669/6669 
f 6668/6668/6668 6670/6670/6670 6669/6669/6669 
f 6671/6671/6671 6637/6637/6637 6672/6672/6672 
f 6637/6637/6637 6635/6635/6635 6672/6672/6672 
f 6671/6671/6671 6673/6673/6673 6637/6637/6637 
f 6674/6674/6674 6673/6673/6673 6671/6671/6671 
f 6675/6675/6675 6676/6676/6676 6677/6677/6677 
f 6678/6678/6678 6677/6677/6677 6676/6676/6676 
f 6678/6678/6678 6679/6679/6679 6677/6677/6677 
f 6680/6680/6680 6679/6679/6679 6678/6678/6678 
f 6681/6681/6681 6682/6682/6682 6683/6683/6683 
f 6682/6682/6682 6684/6684/6684 6683/6683/6683 
f 6685/6685/6685 6686/6686/6686 6687/6687/6687 
f 6686/6686/6686 6688/6688/6688 6687/6687/6687 
f 6674/6674/6674 6689/6689/6689 6690/6690/6690 
f 6662/6662/6662 6659/6659/6659 6691/6691/6691 
f 6659/6659/6659 6692/6692/6692 6691/6691/6691 
f 6692/6692/6692 6693/6693/6693 6691/6691/6691 
f 6694/6694/6694 6695/6695/6695 6696/6696/6696 
f 6695/6695/6695 6697/6697/6697 6696/6696/6696 
f 6698/6698/6698 6690/6690/6690 6689/6689/6689 
f 6699/6699/6699 6700/6700/6700 6701/6701/6701 
f 6700/6700/6700 6702/6702/6702 6701/6701/6701 
f 6703/6703/6703 6704/6704/6704 6690/6690/6690 
f 6705/6705/6705 6692/6692/6692 6706/6706/6706 
f 6692/6692/6692 6707/6707/6707 6706/6706/6706 
f 6704/6704/6704 6673/6673/6673 6690/6690/6690 
f 6673/6673/6673 6674/6674/6674 6690/6690/6690 
f 6659/6659/6659 6708/6708/6708 6692/6692/6692 
f 6708/6708/6708 6707/6707/6707 6692/6692/6692 

g Union32

v 13.0002 13.4316 -4.50027 
v 13.0002 16.4368 -10.0003 
v 13.0002 11.9424 -6.50222 
v 13.0002 11.9424 -6.50222 
v 17.5002 11.9424 -6.50222 
v 13.0002 13.4316 -4.50027 
v 17.5002 13.4316 -4.50027 
v 13.0002 13.4316 -4.50027 
v 17.5002 13.4316 -4.50027 
v 13.0002 16.4368 -4.50027 
v 17.5002 16.4368 -4.50027 
v 17.5002 13.4316 -4.50027 
v 17.5002 11.9424 -6.50222 
v 17.5002 16.4368 -4.50027 
v 17.5002 16.4368 -10.0003 
v 13.0002 16.4368 -10.0003 
v 13.0002 16.4368 -4.50027 
v 17.5002 16.4368 -10.0003 
v 17.5002 16.4368 -4.50027 
v 13.0002 16.4368 -4.50027 
v 17.5002 0.436848 -10.0003 
v 17.5002 0.436848 -4.50027 
v 13.0002 0.436848 -10.0003 
v 13.0002 0.436848 -4.50027 
v 13.0002 0.436848 -10.0003 
v 13.0002 9.44347 -10.0003 
v 17.5002 0.436848 -10.0003 
v 13.0002 16.4368 -10.0003 
v 17.5002 16.4368 -10.0003 
v 17.5002 0.436848 -10.0003 
v 13.0002 0.436848 -4.50027 
v 17.5002 0.436848 -4.50027 
v 13.0002 3.88454 -4.50027 
v 17.5002 3.88454 -4.50027 
v 13.0002 0.436848 -4.50027 
v 13.0002 3.88454 -4.50027 
v 13.0002 0.436848 -10.0003 
v 13.0002 9.44347 -10.0003 
v -1.99978 13.4316 -4.50027 
v -1.99978 16.4365 -10.0003 
v -1.99978 11.9424 -6.50222 
v -1.99978 11.9424 -6.50222 
v 2.50022 11.9424 -6.50222 
v -1.99978 13.4316 -4.50027 
v 2.50022 13.4316 -4.50027 
v 2.50022 13.4316 -4.50027 
v 2.50022 16.4365 -4.50027 
v -1.99978 13.4316 -4.50027 
v -1.99978 16.4365 -4.50027 
v 2.50022 13.4316 -4.50027 
v 2.50022 11.9424 -6.50222 
v 2.50022 16.4365 -4.50027 
v 2.50022 16.4365 -10.0003 
v -1.99978 16.4365 -10.0003 
v -1.99978 16.4365 -4.50027 
v 2.50022 16.4365 -10.0003 
v 2.50022 16.4365 -4.50027 
v -1.99978 16.4365 -4.50027 
v 2.50022 0.436543 -10.0003 
v 2.50022 0.436543 -4.50027 
v -1.99978 0.436543 -10.0003 
v -1.99978 0.436543 -4.50027 
v -1.99978 0.436543 -10.0003 
v -1.99978 9.44347 -10.0003 
v 2.50022 0.436543 -10.0003 
v -1.99978 16.4365 -10.0003 
v 2.50022 16.4365 -10.0003 
v 2.50022 0.436543 -10.0003 
v 2.50022 3.88454 -4.50027 
v -1.99978 3.88454 -4.50027 
v 2.50022 0.436543 -4.50027 
v -1.99978 0.436543 -4.50027 
v -1.99978 0.436543 -4.50027 
v -1.99978 3.88454 -4.50027 
v -1.99978 0.436543 -10.0003 
v -1.99978 9.44347 -10.0003 
v -1.99978 11.9365 -6.50027 
v 2.50022 11.9365 -6.50027 
v -1.99978 11.9365 -6.49784 
v 2.50022 11.9365 -6.49784 
v 2.50022 11.9365 -6.50027 
v -1.99978 11.9365 -6.50027 
v 2.50022 5.974 -6.50027 
v -1.99978 5.974 -6.50027 
v 17.5002 11.9365 -6.50027 
v 13.0002 11.9365 -6.50027 
v 17.5002 5.974 -6.50027 
v 13.0002 5.974 -6.50027 
v 13.0002 11.9365 -6.50027 
v 17.5002 11.9365 -6.50027 
v 13.0002 11.9365 -6.49784 
v 17.5002 11.9365 -6.49784 
v 13.0002 5.93653 -6.50027 
v 17.5002 5.93653 -6.50027 
v 13.0002 5.95271 -6.50027 
v 17.5002 5.95271 -6.50027 
v 17.5002 5.93653 -6.50027 
v 13.0002 5.93653 -6.50027 
v 17.5002 5.93652 -6.48461 
v 13.0002 5.93652 -6.48461 
v -1.99978 5.93653 -6.50027 
v 2.50022 5.93653 -6.50027 
v -1.99978 5.95271 -6.50027 
v 2.50022 5.95271 -6.50027 
v 2.50022 5.93653 -6.50027 
v -1.99978 5.93653 -6.50027 
v 2.50022 5.93652 -6.48461 
v -1.99978 5.93652 -6.48461 
v -1.99978 5.974 -6.50027 
v -1.99978 5.96371 -6.51091 
v 2.50022 5.974 -6.50027 
v 2.50022 5.96371 -6.51091 
v 2.50022 5.96371 -6.51091 
v -1.99978 5.96371 -6.51091 
v 2.50022 5.95271 -6.50027 
v -1.99978 5.95271 -6.50027 
v 17.5002 5.96371 -6.51091 
v 13.0002 5.96371 -6.51091 
v 17.5002 5.95271 -6.50027 
v 13.0002 5.95271 -6.50027 
v 13.0002 5.974 -6.50027 
v 13.0002 5.96371 -6.51091 
v 17.5002 5.974 -6.50027 
v 17.5002 5.96371 -6.51091 
v 17.5002 5.95271 -6.50027 
v 17.5002 5.93653 -6.50027 
v 17.5002 5.96371 -6.51091 
v 13.0002 5.93653 -6.50027 
v 13.0002 5.96371 -6.51091 
v 13.0002 5.95271 -6.50027 
v 2.50022 5.96371 -6.51091 
v 2.50022 5.93653 -6.50027 
v 2.50022 5.95271 -6.50027 
v -1.99978 5.93653 -6.50027 
v -1.99978 5.96371 -6.51091 
v -1.99978 5.95271 -6.50027 
v -1.99978 11.9365 -6.50027 
v -1.99978 11.9365 -6.49784 
v -1.99978 11.9365 -6.49784 
v 2.50022 11.9365 -6.49784 
v -1.99978 11.9424 -6.50222 
v 2.50022 11.9424 -6.50222 
v 13.0002 11.9424 -6.50222 
v 13.0002 11.9365 -6.49784 
v 17.5002 11.9424 -6.50222 
v 17.5002 11.9365 -6.49784 
v 2.50022 5.93652 -6.48461 
v -1.99978 5.93652 -6.48461 
v 2.50022 3.88454 -4.50027 
v -1.99978 5.93257 -6.48079 
v -1.99978 3.88454 -4.50027 
v 17.5002 5.93652 -6.48461 
v 13.0002 5.93652 -6.48461 
v 17.5002 3.88454 -4.50027 
v 13.0002 5.93257 -6.48079 
v 13.0002 3.88454 -4.50027 
v 17.5002 5.93652 -6.48461 
v 17.5002 3.88454 -4.50027 
v 13.0002 5.93652 -6.48461 
v 13.0002 5.93257 -6.48079 
v 2.50022 5.93652 -6.48461 
v 2.50022 3.88454 -4.50027 
v -1.99978 5.93652 -6.48461 
v -1.99978 5.93257 -6.48079 
v 13.0002 5.974 -6.50027 
v 13.0002 11.9365 -6.50027 
v 2.50022 5.974 -6.50027 
v 17.5002 5.974 -6.50027 
v 2.50022 11.9365 -6.50027 
v 2.50022 11.9365 -6.49784 
v 13.0002 11.9365 -6.49784 
v 17.5002 11.9365 -6.50027 
v 17.5002 11.9365 -6.49784 
v -1.99978 5.974 -6.50027 
v 17.5002 0.436848 -4.50027 
v 2.50022 0.436543 -4.50027 

vn -1 0 0 
vn -1 0 0 
vn -1 0 0 
vn 0 -0.80315 0.598425 
vn 0 -0.80315 0.598425 
vn 0 -0.80315 0.598425 
vn 0 -0.80315 0.598425 
vn 0 0 1 
vn 0 0 1 
vn 0 0 1 
vn 0 0 1 
vn 1 0 0 
vn 1 0 0 
vn 1 0 0 
vn 1 0 0 
vn 0 1 0 
vn 0 1 0 
vn 0 1 0 
vn 0 1 0 
vn -1 0 0 
vn 0 -1 0 
vn 0 -1 0 
vn 0 -1 0 
vn 0 -1 0 
vn 0 0 -1 
vn 0 0 -1 
vn 0 0 -1 
vn 0 0 -1 
vn 0 0 -1 
vn 1 0 0 
vn 0 0 1 
vn 0 0 1 
vn 0 0 1 
vn 0 0 1 
vn -1 0 0 
vn -1 0 0 
vn -1 0 0 
vn -1 0 0 
vn -1 0 0 
vn -1 0 0 
vn -1 0 0 
vn 0 -0.80315 0.598425 
vn 0 -0.80315 0.598425 
vn 0 -0.80315 0.598425 
vn 0 -0.80315 0.598425 
vn 0 0 1 
vn 0 0 1 
vn 0 0 1 
vn 0 0 1 
vn 1 0 0 
vn 1 0 0 
vn 1 0 0 
vn 1 0 0 
vn 0 1 0 
vn 0 1 0 
vn 0 1 0 
vn 0 1 0 
vn -1 0 0 
vn 0 -1 0 
vn 0 -1 0 
vn 0 -1 0 
vn 0 -1 0 
vn 0 0 -1 
vn 0 0 -1 
vn 0 0 -1 
vn 0 0 -1 
vn 0 0 -1 
vn 1 0 0 
vn 0 0 1 
vn 0 0 1 
vn 0 0 1 
vn 0 0 1 
vn -1 0 0 
vn -1 0 0 
vn -1 0 0 
vn -1 0 0 
vn 0 -1 0 
vn 0 -1 0 
vn 0 -1 0 
vn 0 -1 0 
vn 0 0 1 
vn 0 0 1 
vn 0 0 1 
vn 0 0 1 
vn 0 0 1 
vn 0 0 1 
vn 0 0 1 
vn 0 0 1 
vn 0 -1 0 
vn 0 -1 0 
vn 0 -1 0 
vn 0 -1 0 
vn 0 0 1 
vn 0 0 1 
vn 0 0 1 
vn 0 0 1 
vn 0 1 0 
vn 0 1 0 
vn 0 1 0 
vn 0 1 0 
vn 0 0 1 
vn 0 0 1 
vn 0 0 1 
vn 0 0 1 
vn 0 1 0 
vn 0 1 0 
vn 0 1 0 
vn 0 1 0 
vn 0 -0.716535 0.692913 
vn 0 -0.716535 0.692913 
vn 0 -0.716535 0.692913 
vn 0 -0.716535 0.692913 
vn 0 0.692913 0.716535 
vn 0 0.692913 0.716535 
vn 0 0.692913 0.716535 
vn 0 0.692913 0.716535 
vn 0 0.692913 0.716535 
vn 0 0.692913 0.716535 
vn 0 0.692913 0.716535 
vn 0 0.692913 0.716535 
vn 0 -0.716535 0.692913 
vn 0 -0.716535 0.692913 
vn 0 -0.716535 0.692913 
vn 0 -0.716535 0.692913 
vn 1 0 0 
vn 1 0 0 
vn 1 0 0 
vn -1 0 0 
vn -1 0 0 
vn -1 0 0 
vn 1 0 0 
vn 1 0 0 
vn 1 0 0 
vn -1 0 0 
vn -1 0 0 
vn -1 0 0 
vn -1 0 0 
vn -1 0 0 
vn 0 0.598425 0.80315 
vn 0 0.598425 0.80315 
vn 0 0.598425 0.80315 
vn 0 0.598425 0.80315 
vn 0 0.598425 0.80315 
vn 0 0.598425 0.80315 
vn 0 0.598425 0.80315 
vn 0 0.598425 0.80315 
vn 0 0.692913 0.716535 
vn 0 0.692913 0.716535 
vn 0 0.692913 0.716535 
vn 0 0.692913 0.716535 
vn 0 0.692913 0.716535 
vn 0 0.692913 0.716535 
vn 0 0.692913 0.716535 
vn 0 0.692913 0.716535 
vn 0 0.692913 0.716535 
vn 0 0.692913 0.716535 
vn 1 0 0 
vn 1 0 0 
vn -1 0 0 
vn -1 0 0 
vn 1 0 0 
vn 1 0 0 
vn -1 0 0 
vn -1 0 0 
vn -1 0 0 
vn -1 0 0 
vn 1 0 0 
vn 1 0 0 
vn 1 0 0 
vn 1 0 0 
vn -1 0 0 
vn 1 0 0 
vn 1 0 0 
vn -1 0 0 
vn 1 0 0 
vn 1 0 0 

vt 14.3438 -6.37563 
vt 13.6562 -5.99998 
vt 14.0935 -6.56179 
vt 14.6562 -6.90649 
vt 15.2188 -6.90649 
vt 14.6562 -6.65625 
vt 15.2188 -6.65625 
vt 14.6562 -6.37563 
vt 15.2188 -6.37563 
vt 14.6562 -5.99998 
vt 15.2188 -5.99998 
vt 13.6562 -6.37563 
vt 13.9065 -6.56179 
vt 13.6562 -5.99998 
vt 14.3438 -5.99998 
vt 13.3438 -7.34375 
vt 13.3438 -6.65625 
vt 12.7812 -7.34375 
vt 12.7812 -6.65625 
vt 14.3438 -5.99998 
vt 15.2188 -7.34375 
vt 15.2188 -6.65625 
vt 14.6562 -7.34375 
vt 14.6562 -6.65625 
vt 13.3438 -7.99998 
vt 13.3438 -6.87415 
vt 12.7812 -7.99998 
vt 13.3438 -5.99998 
vt 12.7812 -5.99998 
vt 14.3438 -7.99998 
vt 14.6562 -7.99998 
vt 15.2188 -7.99998 
vt 14.6562 -7.56902 
vt 15.2188 -7.56902 
vt 14.3438 -7.99998 
vt 14.3438 -7.56902 
vt 13.6562 -7.99998 
vt 13.6562 -6.87415 
vt 14.3438 -6.37563 
vt 13.6562 -6.00002 
vt 14.0935 -6.56179 
vt 12.7812 -6.90649 
vt 13.3438 -6.90649 
vt 12.7812 -6.65625 
vt 13.3438 -6.65625 
vt 13.3438 -6.37563 
vt 13.3438 -6.00002 
vt 12.7812 -6.37563 
vt 12.7812 -6.00002 
vt 13.6562 -6.37563 
vt 13.9065 -6.56179 
vt 13.6562 -6.00002 
vt 14.3438 -6.00002 
vt 15.2188 -7.34375 
vt 15.2188 -6.65625 
vt 14.6562 -7.34375 
vt 14.6562 -6.65625 
vt 14.3438 -6.00002 
vt 13.3438 -7.34375 
vt 13.3438 -6.65625 
vt 12.7812 -7.34375 
vt 12.7812 -6.65625 
vt 15.2188 -8.00002 
vt 15.2188 -6.87415 
vt 14.6562 -8.00002 
vt 15.2188 -6.00002 
vt 14.6562 -6.00002 
vt 14.3438 -8.00002 
vt 13.3438 -7.56902 
vt 12.7812 -7.56902 
vt 13.3438 -8.00002 
vt 12.7812 -8.00002 
vt 14.3438 -8.00002 
vt 14.3438 -7.56902 
vt 13.6562 -8.00002 
vt 13.6562 -6.87415 
vt 12.7812 -6.90625 
vt 13.3438 -6.90625 
vt 12.7812 -6.90595 
vt 13.3438 -6.90595 
vt 13.3438 -6.56252 
vt 12.7812 -6.56252 
vt 13.3438 -7.30784 
vt 12.7812 -7.30784 
vt 15.2188 -6.56252 
vt 14.6562 -6.56252 
vt 15.2188 -7.30784 
vt 14.6562 -7.30784 
vt 14.6562 -6.90625 
vt 15.2188 -6.90625 
vt 14.6562 -6.90595 
vt 15.2188 -6.90595 
vt 14.6562 -7.31252 
vt 15.2188 -7.31252 
vt 14.6562 -7.3105 
vt 15.2188 -7.3105 
vt 12.7812 -6.90625 
vt 13.3438 -6.90625 
vt 12.7812 -6.90429 
vt 13.3438 -6.90429 
vt 12.7812 -7.31252 
vt 13.3438 -7.31252 
vt 12.7812 -7.3105 
vt 13.3438 -7.3105 
vt 14.6562 -6.90625 
vt 15.2188 -6.90625 
vt 14.6562 -6.90429 
vt 15.2188 -6.90429 
vt 12.7812 -6.90625 
vt 12.7812 -6.90758 
vt 13.3438 -6.90625 
vt 13.3438 -6.90758 
vt 13.3438 -7.30912 
vt 12.7812 -7.30912 
vt 13.3438 -7.3105 
vt 12.7812 -7.3105 
vt 15.2188 -7.30912 
vt 14.6562 -7.30912 
vt 15.2188 -7.3105 
vt 14.6562 -7.3105 
vt 14.6562 -6.90625 
vt 14.6562 -6.90758 
vt 15.2188 -6.90625 
vt 15.2188 -6.90758 
vt 13.9062 -7.3105 
vt 13.9062 -7.31252 
vt 13.9076 -7.30912 
vt 14.0938 -7.31252 
vt 14.0924 -7.30912 
vt 14.0938 -7.3105 
vt 13.9076 -7.30912 
vt 13.9062 -7.31252 
vt 13.9062 -7.3105 
vt 14.0938 -7.31252 
vt 14.0924 -7.30912 
vt 14.0938 -7.3105 
vt 14.0938 -6.56252 
vt 14.0941 -6.56252 
vt 12.7812 -6.56252 
vt 13.3438 -6.56252 
vt 12.7812 -6.56179 
vt 13.3438 -6.56179 
vt 14.6562 -6.56179 
vt 14.6562 -6.56252 
vt 15.2188 -6.56179 
vt 15.2188 -6.56252 
vt 13.3438 -7.31252 
vt 12.7812 -7.31252 
vt 13.3438 -7.56902 
vt 12.7812 -7.31302 
vt 12.7812 -7.56902 
vt 15.2188 -7.31252 
vt 14.6562 -7.31252 
vt 15.2188 -7.56902 
vt 14.6562 -7.31302 
vt 14.6562 -7.56902 
vt 13.9043 -7.31252 
vt 13.6562 -7.56902 
vt 14.0957 -7.31252 
vt 14.0962 -7.31302 
vt 13.9043 -7.31252 
vt 13.6562 -7.56902 
vt 14.0957 -7.31252 
vt 14.0962 -7.31302 
vt 14.0938 -7.30784 
vt 14.0938 -6.56252 
vt 13.9062 -7.30784 
vt 13.9062 -7.30784 
vt 13.9062 -6.56252 
vt 13.9059 -6.56252 
vt 14.0941 -6.56252 
vt 13.9062 -6.56252 
vt 13.9059 -6.56252 
vt 14.0938 -7.30784 
vt 13.6562 -7.99998 
vt 13.6562 -8.00002 

usemtl Part3Mtl

f 6709/6709/6709 6710/6710/6710 6711/6711/6711 
f 6712/6712/6712 6713/6713/6713 6714/6714/6714 
f 6713/6713/6713 6715/6715/6715 6714/6714/6714 
f 6716/6716/6716 6717/6717/6717 6718/6718/6718 
f 6717/6717/6717 6719/6719/6719 6718/6718/6718 
f 6720/6720/6720 6721/6721/6721 6722/6722/6722 
f 6721/6721/6721 6723/6723/6723 6722/6722/6722 
f 6724/6724/6724 6725/6725/6725 6726/6726/6726 
f 6725/6725/6725 6727/6727/6727 6726/6726/6726 
f 6709/6709/6709 6728/6728/6728 6710/6710/6710 
f 6729/6729/6729 6730/6730/6730 6731/6731/6731 
f 6730/6730/6730 6732/6732/6732 6731/6731/6731 
f 6733/6733/6733 6734/6734/6734 6735/6735/6735 
f 6734/6734/6734 6736/6736/6736 6735/6735/6735 
f 6737/6737/6737 6735/6735/6735 6736/6736/6736 
f 6721/6721/6721 6738/6738/6738 6723/6723/6723 
f 6739/6739/6739 6740/6740/6740 6741/6741/6741 
f 6740/6740/6740 6742/6742/6742 6741/6741/6741 
f 6743/6743/6743 6744/6744/6744 6745/6745/6745 
f 6710/6710/6710 6746/6746/6746 6745/6745/6745 
f 6747/6747/6747 6748/6748/6748 6749/6749/6749 
f 6750/6750/6750 6751/6751/6751 6752/6752/6752 
f 6751/6751/6751 6753/6753/6753 6752/6752/6752 
f 6754/6754/6754 6755/6755/6755 6756/6756/6756 
f 6757/6757/6757 6756/6756/6756 6755/6755/6755 
f 6758/6758/6758 6759/6759/6759 6760/6760/6760 
f 6759/6759/6759 6761/6761/6761 6760/6760/6760 
f 6762/6762/6762 6763/6763/6763 6764/6764/6764 
f 6763/6763/6763 6765/6765/6765 6764/6764/6764 
f 6747/6747/6747 6766/6766/6766 6748/6748/6748 
f 6767/6767/6767 6768/6768/6768 6769/6769/6769 
f 6768/6768/6768 6770/6770/6770 6769/6769/6769 
f 6771/6771/6771 6772/6772/6772 6773/6773/6773 
f 6772/6772/6772 6774/6774/6774 6773/6773/6773 
f 6775/6775/6775 6773/6773/6773 6774/6774/6774 
f 6759/6759/6759 6776/6776/6776 6761/6761/6761 
f 6777/6777/6777 6778/6778/6778 6779/6779/6779 
f 6778/6778/6778 6780/6780/6780 6779/6779/6779 
f 6781/6781/6781 6782/6782/6782 6783/6783/6783 
f 6748/6748/6748 6784/6784/6784 6783/6783/6783 
f 6785/6785/6785 6786/6786/6786 6787/6787/6787 
f 6786/6786/6786 6788/6788/6788 6787/6787/6787 
f 6789/6789/6789 6790/6790/6790 6791/6791/6791 
f 6790/6790/6790 6792/6792/6792 6791/6791/6791 
f 6793/6793/6793 6794/6794/6794 6795/6795/6795 
f 6794/6794/6794 6796/6796/6796 6795/6795/6795 
f 6797/6797/6797 6798/6798/6798 6799/6799/6799 
f 6798/6798/6798 6800/6800/6800 6799/6799/6799 
f 6801/6801/6801 6802/6802/6802 6803/6803/6803 
f 6802/6802/6802 6804/6804/6804 6803/6803/6803 
f 6805/6805/6805 6806/6806/6806 6807/6807/6807 
f 6806/6806/6806 6808/6808/6808 6807/6807/6807 
f 6809/6809/6809 6810/6810/6810 6811/6811/6811 
f 6810/6810/6810 6812/6812/6812 6811/6811/6811 
f 6813/6813/6813 6814/6814/6814 6815/6815/6815 
f 6814/6814/6814 6816/6816/6816 6815/6815/6815 
f 6817/6817/6817 6818/6818/6818 6819/6819/6819 
f 6818/6818/6818 6820/6820/6820 6819/6819/6819 
f 6821/6821/6821 6822/6822/6822 6823/6823/6823 
f 6822/6822/6822 6824/6824/6824 6823/6823/6823 
f 6825/6825/6825 6826/6826/6826 6827/6827/6827 
f 6826/6826/6826 6828/6828/6828 6827/6827/6827 
f 6829/6829/6829 6830/6830/6830 6831/6831/6831 
f 6830/6830/6830 6832/6832/6832 6831/6831/6831 
f 6833/6833/6833 6834/6834/6834 6835/6835/6835 
f 6834/6834/6834 6738/6738/6738 6835/6835/6835 
f 6738/6738/6738 6721/6721/6721 6835/6835/6835 
f 6836/6836/6836 6837/6837/6837 6745/6745/6745 
f 6838/6838/6838 6837/6837/6837 6836/6836/6836 
f 6776/6776/6776 6839/6839/6839 6840/6840/6840 
f 6841/6841/6841 6840/6840/6840 6839/6839/6839 
f 6842/6842/6842 6843/6843/6843 6783/6783/6783 
f 6844/6844/6844 6843/6843/6843 6842/6842/6842 
f 6845/6845/6845 6846/6846/6846 6749/6749/6749 
f 6847/6847/6847 6848/6848/6848 6849/6849/6849 
f 6848/6848/6848 6850/6850/6850 6849/6849/6849 
f 6851/6851/6851 6852/6852/6852 6853/6853/6853 
f 6852/6852/6852 6854/6854/6854 6853/6853/6853 
f 6855/6855/6855 6856/6856/6856 6857/6857/6857 
f 6856/6856/6856 6858/6858/6858 6857/6857/6857 
f 6858/6858/6858 6859/6859/6859 6857/6857/6857 
f 6860/6860/6860 6861/6861/6861 6862/6862/6862 
f 6861/6861/6861 6863/6863/6863 6862/6862/6862 
f 6863/6863/6863 6864/6864/6864 6862/6862/6862 
f 6865/6865/6865 6866/6866/6866 6834/6834/6834 
f 6836/6836/6836 6745/6745/6745 6867/6867/6867 
f 6745/6745/6745 6868/6868/6868 6867/6867/6867 
f 6869/6869/6869 6870/6870/6870 6840/6840/6840 
f 6842/6842/6842 6783/6783/6783 6871/6871/6871 
f 6783/6783/6783 6872/6872/6872 6871/6871/6871 
f 6873/6873/6873 6874/6874/6874 6837/6837/6837 
f 6874/6874/6874 6710/6710/6710 6837/6837/6837 
f 6710/6710/6710 6745/6745/6745 6837/6837/6837 
f 6875/6875/6875 6839/6839/6839 6759/6759/6759 
f 6839/6839/6839 6776/6776/6776 6759/6759/6759 
f 6721/6721/6721 6876/6876/6876 6835/6835/6835 
f 6875/6875/6875 6759/6759/6759 6877/6877/6877 
f 6759/6759/6759 6878/6878/6878 6877/6877/6877 
f 6879/6879/6879 6711/6711/6711 6874/6874/6874 
f 6711/6711/6711 6710/6710/6710 6874/6874/6874 
f 6876/6876/6876 6721/6721/6721 6880/6880/6880 
f 6721/6721/6721 6881/6881/6881 6880/6880/6880 
f 6748/6748/6748 6783/6783/6783 6749/6749/6749 
f 6783/6783/6783 6843/6843/6843 6749/6749/6749 
f 6843/6843/6843 6882/6882/6882 6749/6749/6749 
f 6882/6882/6882 6845/6845/6845 6749/6749/6749 
f 6834/6834/6834 6866/6866/6866 6738/6738/6738 
f 6866/6866/6866 6883/6883/6883 6738/6738/6738 
f 6745/6745/6745 6744/6744/6744 6868/6868/6868 
f 6840/6840/6840 6870/6870/6870 6776/6776/6776 
f 6870/6870/6870 6884/6884/6884 6776/6776/6776 
f 6783/6783/6783 6782/6782/6782 6872/6872/6872 

g Part112

v 22.5 0.936642 -7 
v 22.5 0.936642 15.5 
v 22.5 1.20401e-05 -7 
v 22.5 1.20401e-05 15.5 
v -7 0.936642 15.5 
v 22.5 0.936642 15.5 
v -7 0.936642 -7 
v 22.5 0.936642 -7 
v 22.5 0.936642 15.5 
v -7 0.936642 15.5 
v 22.5 1.20401e-05 15.5 
v -7 1.20401e-05 15.5 
v -7 0.936642 15.5 
v -7 0.936642 -7 
v -7 1.20401e-05 15.5 
v -7 1.20401e-05 -7 
v -7 1.20401e-05 -7 
v 22.5 1.20401e-05 -7 
v -7 1.20401e-05 15.5 
v 22.5 1.20401e-05 15.5 
v -7 0.936642 -7 
v 22.5 0.936642 -7 
v -7 1.20401e-05 -7 
v 22.5 1.20401e-05 -7 

vn 1 0 0 
vn 1 0 0 
vn 1 0 0 
vn 1 0 0 
vn 0 1 0 
vn 0 1 0 
vn 0 1 0 
vn 0 1 0 
vn 0 0 1 
vn 0 0 1 
vn 0 0 1 
vn 0 0 1 
vn -1 0 0 
vn -1 0 0 
vn -1 0 0 
vn -1 0 0 
vn 0 -1 0 
vn 0 -1 0 
vn 0 -1 0 
vn 0 -1 0 
vn 0 0 -1 
vn 0 0 -1 
vn 0 0 -1 
vn 0 0 -1 

vt 4.0625 0.25 
vt 1.25 0.25 
vt 4.0625 0.132921 
vt 1.25 0.132921 
vt 4.9375 0.25 
vt 1.25 0.25 
vt 4.9375 -2.5625 
vt 1.25 -2.5625 
vt 4.9375 0.25 
vt 1.25 0.25 
vt 4.9375 0.132921 
vt 1.25 0.132921 
vt 4.0625 0.25 
vt 1.25 0.25 
vt 4.0625 0.132921 
vt 1.25 0.132921 
vt 4.9375 0.25 
vt 1.25 0.25 
vt 4.9375 -2.5625 
vt 1.25 -2.5625 
vt 4.9375 0.25 
vt 1.25 0.25 
vt 4.9375 0.132921 
vt 1.25 0.132921 

usemtl Union3Mtl

f 6885/6885/6885 6886/6886/6886 6887/6887/6887 
f 6887/6887/6887 6886/6886/6886 6888/6888/6888 
f 6889/6889/6889 6890/6890/6890 6891/6891/6891 
f 6891/6891/6891 6890/6890/6890 6892/6892/6892 
f 6893/6893/6893 6894/6894/6894 6895/6895/6895 
f 6895/6895/6895 6894/6894/6894 6896/6896/6896 
f 6897/6897/6897 6898/6898/6898 6899/6899/6899 
f 6899/6899/6899 6898/6898/6898 6900/6900/6900 
f 6901/6901/6901 6902/6902/6902 6903/6903/6903 
f 6903/6903/6903 6902/6902/6902 6904/6904/6904 
f 6905/6905/6905 6906/6906/6906 6907/6907/6907 
f 6907/6907/6907 6906/6906/6906 6908/6908/6908 

g Part113

v 22.5 0.953315 11.5534 
v 22.5 0.953315 11.9674 
v 22.5 0.0166849 11.5534 
v 22.5 0.0166849 11.9674 
v -7 0.953315 11.9674 
v 22.5 0.953315 11.9674 
v -7 0.953315 11.5534 
v 22.5 0.953315 11.5534 
v 22.5 0.953315 11.9674 
v -7 0.953315 11.9674 
v 22.5 0.0166849 11.9674 
v -7 0.0166849 11.9674 
v -7 0.953315 11.9674 
v -7 0.953315 11.5534 
v -7 0.0166849 11.9674 
v -7 0.0166849 11.5534 
v -7 0.0166849 11.5534 
v 22.5 0.0166849 11.5534 
v -7 0.0166849 11.9674 
v 22.5 0.0166849 11.9674 
v -7 0.953315 11.5534 
v 22.5 0.953315 11.5534 
v -7 0.0166849 11.5534 
v 22.5 0.0166849 11.5534 

vn 1 0 0 
vn 1 0 0 
vn 1 0 0 
vn 1 0 0 
vn 0 1 0 
vn 0 1 0 
vn 0 1 0 
vn 0 1 0 
vn 0 0 1 
vn 0 0 1 
vn 0 0 1 
vn 0 0 1 
vn -1 0 0 
vn -1 0 0 
vn -1 0 0 
vn -1 0 0 
vn 0 -1 0 
vn 0 -1 0 
vn 0 -1 0 
vn 0 -1 0 
vn 0 0 -1 
vn 0 0 -1 
vn 0 0 -1 
vn 0 0 -1 

vt 2.80174 -6 
vt 2.75 -6 
vt 2.80174 -6.11708 
vt 2.75 -6.11708 
vt 6.4375 -6 
vt 2.75 -6 
vt 6.4375 -6.05174 
vt 2.75 -6.05174 
vt 6.4375 -6 
vt 2.75 -6 
vt 6.4375 -6.11708 
vt 2.75 -6.11708 
vt 2.80174 -6 
vt 2.75 -6 
vt 2.80174 -6.11708 
vt 2.75 -6.11708 
vt 6.4375 -6 
vt 2.75 -6 
vt 6.4375 -6.05174 
vt 2.75 -6.05174 
vt 6.4375 -6 
vt 2.75 -6 
vt 6.4375 -6.11708 
vt 2.75 -6.11708 

usemtl Part3Mtl

f 6909/6909/6909 6910/6910/6910 6911/6911/6911 
f 6911/6911/6911 6910/6910/6910 6912/6912/6912 
f 6913/6913/6913 6914/6914/6914 6915/6915/6915 
f 6915/6915/6915 6914/6914/6914 6916/6916/6916 
f 6917/6917/6917 6918/6918/6918 6919/6919/6919 
f 6919/6919/6919 6918/6918/6918 6920/6920/6920 
f 6921/6921/6921 6922/6922/6922 6923/6923/6923 
f 6923/6923/6923 6922/6922/6922 6924/6924/6924 
f 6925/6925/6925 6926/6926/6926 6927/6927/6927 
f 6927/6927/6927 6926/6926/6926 6928/6928/6928 
f 6929/6929/6929 6930/6930/6930 6931/6931/6931 
f 6931/6931/6931 6930/6930/6930 6932/6932/6932 

g Part114

v 22.5 0.953189 -3 
v 22.5 0.953189 -2.58608 
v 22.5 0.0165586 -3 
v 22.5 0.0165586 -2.58608 
v -7 0.953189 -2.58608 
v 22.5 0.953189 -2.58608 
v -7 0.953189 -3 
v 22.5 0.953189 -3 
v 22.5 0.953189 -2.58608 
v -7 0.953189 -2.58608 
v 22.5 0.0165586 -2.58608 
v -7 0.0165586 -2.58608 
v -7 0.953189 -2.58608 
v -7 0.953189 -3 
v -7 0.0165586 -2.58608 
v -7 0.0165586 -3 
v -7 0.0165586 -3 
v 22.5 0.0165586 -3 
v -7 0.0165586 -2.58608 
v 22.5 0.0165586 -2.58608 
v -7 0.953189 -3 
v 22.5 0.953189 -3 
v -7 0.0165586 -3 
v 22.5 0.0165586 -3 

vn 1 0 0 
vn 1 0 0 
vn 1 0 0 
vn 1 0 0 
vn 0 1 0 
vn 0 1 0 
vn 0 1 0 
vn 0 1 0 
vn 0 0 1 
vn 0 0 1 
vn 0 0 1 
vn 0 0 1 
vn -1 0 0 
vn -1 0 0 
vn -1 0 0 
vn -1 0 0 
vn 0 -1 0 
vn 0 -1 0 
vn 0 -1 0 
vn 0 -1 0 
vn 0 0 -1 
vn 0 0 -1 
vn 0 0 -1 
vn 0 0 -1 

vt 7.55174 -5 
vt 7.5 -5 
vt 7.55174 -5.11708 
vt 7.5 -5.11708 
vt 11.1875 -5 
vt 7.5 -5 
vt 11.1875 -5.05174 
vt 7.5 -5.05174 
vt 11.1875 -5 
vt 7.5 -5 
vt 11.1875 -5.11708 
vt 7.5 -5.11708 
vt 7.55174 -5 
vt 7.5 -5 
vt 7.55174 -5.11708 
vt 7.5 -5.11708 
vt 11.1875 -5 
vt 7.5 -5 
vt 11.1875 -5.05174 
vt 7.5 -5.05174 
vt 11.1875 -5 
vt 7.5 -5 
vt 11.1875 -5.11708 
vt 7.5 -5.11708 

usemtl Part3Mtl

f 6933/6933/6933 6934/6934/6934 6935/6935/6935 
f 6935/6935/6935 6934/6934/6934 6936/6936/6936 
f 6937/6937/6937 6938/6938/6938 6939/6939/6939 
f 6939/6939/6939 6938/6938/6938 6940/6940/6940 
f 6941/6941/6941 6942/6942/6942 6943/6943/6943 
f 6943/6943/6943 6942/6942/6942 6944/6944/6944 
f 6945/6945/6945 6946/6946/6946 6947/6947/6947 
f 6947/6947/6947 6946/6946/6946 6948/6948/6948 
f 6949/6949/6949 6950/6950/6950 6951/6951/6951 
f 6951/6951/6951 6950/6950/6950 6952/6952/6952 
f 6953/6953/6953 6954/6954/6954 6955/6955/6955 
f 6955/6955/6955 6954/6954/6954 6956/6956/6956 

g Part115

v 22.5 1 -2 
v 22.5 1 11 
v 22.5 0 -2 
v 22.5 0 11 
v -7 1 11 
v 22.5 1 11 
v -7 1 -2 
v 22.5 1 -2 
v 22.5 1 11 
v -7 1 11 
v 22.5 0 11 
v -7 0 11 
v -7 1 11 
v -7 1 -2 
v -7 0 11 
v -7 0 -2 
v -7 0 -2 
v 22.5 0 -2 
v -7 0 11 
v 22.5 0 11 
v -7 1 -2 
v 22.5 1 -2 
v -7 0 -2 
v 22.5 0 -2 

vn 1 0 0 
vn 1 0 0 
vn 1 0 0 
vn 1 0 0 
vn 0 1 0 
vn 0 1 0 
vn 0 1 0 
vn 0 1 0 
vn 0 0 1 
vn 0 0 1 
vn 0 0 1 
vn 0 0 1 
vn -1 0 0 
vn -1 0 0 
vn -1 0 0 
vn -1 0 0 
vn 0 -1 0 
vn 0 -1 0 
vn 0 -1 0 
vn 0 -1 0 
vn 0 0 -1 
vn 0 0 -1 
vn 0 0 -1 
vn 0 0 -1 

vt 2.3282 1.72034 
vt 0.703205 1.72034 
vt 2.3282 1.59534 
vt 0.703205 1.59534 
vt 4.3907 1.72034 
vt 0.703205 1.72034 
vt 4.3907 0.0953383 
vt 0.703205 0.0953383 
vt 4.3907 1.72034 
vt 0.703205 1.72034 
vt 4.3907 1.59534 
vt 0.703205 1.59534 
vt 2.3282 1.72034 
vt 0.703205 1.72034 
vt 2.3282 1.59534 
vt 0.703205 1.59534 
vt 4.3907 1.72034 
vt 0.703205 1.72034 
vt 4.3907 0.0953383 
vt 0.703205 0.0953383 
vt 4.3907 1.72034 
vt 0.703205 1.72034 
vt 4.3907 1.59534 
vt 0.703205 1.59534 

usemtl Part16Mtl

f 6957/6957/6957 6958/6958/6958 6959/6959/6959 
f 6959/6959/6959 6958/6958/6958 6960/6960/6960 
f 6961/6961/6961 6962/6962/6962 6963/6963/6963 
f 6963/6963/6963 6962/6962/6962 6964/6964/6964 
f 6965/6965/6965 6966/6966/6966 6967/6967/6967 
f 6967/6967/6967 6966/6966/6966 6968/6968/6968 
f 6969/6969/6969 6970/6970/6970 6971/6971/6971 
f 6971/6971/6971 6970/6970/6970 6972/6972/6972 
f 6973/6973/6973 6974/6974/6974 6975/6975/6975 
f 6975/6975/6975 6974/6974/6974 6976/6976/6976 
f 6977/6977/6977 6978/6978/6978 6979/6979/6979 
f 6979/6979/6979 6978/6978/6978 6980/6980/6980 

g Part116

v 10.5 10.9535 15.0477 
v 10.5 12.0142 13.9871 
v 10.5 11.7116 15.8058 
v 10.5 12.7723 14.7452 
v 5.5 12.0142 13.9871 
v 10.5 12.0142 13.9871 
v 5.5 10.9535 15.0477 
v 10.5 10.9535 15.0477 
v 10.5 12.0142 13.9871 
v 5.5 12.0142 13.9871 
v 10.5 12.7723 14.7452 
v 5.5 12.7723 14.7452 
v 5.5 12.0142 13.9871 
v 5.5 10.9535 15.0477 
v 5.5 12.7723 14.7452 
v 5.5 11.7116 15.8058 
v 5.5 11.7116 15.8058 
v 10.5 11.7116 15.8058 
v 5.5 12.7723 14.7452 
v 10.5 12.7723 14.7452 
v 5.5 10.9535 15.0477 
v 10.5 10.9535 15.0477 
v 5.5 11.7116 15.8058 
v 10.5 11.7116 15.8058 

vn 1 0 0 
vn 1 0 0 
vn 1 0 0 
vn 1 0 0 
vn 0 -0.708661 -0.708661 
vn 0 -0.708661 -0.708661 
vn 0 -0.708661 -0.708661 
vn 0 -0.708661 -0.708661 
vn 0 0.708661 -0.708661 
vn 0 0.708661 -0.708661 
vn 0 0.708661 -0.708661 
vn 0 0.708661 -0.708661 
vn -1 0 0 
vn -1 0 0 
vn -1 0 0 
vn -1 0 0 
vn 0 0.708661 0.708661 
vn 0 0.708661 0.708661 
vn 0 0.708661 0.708661 
vn 0 0.708661 0.708661 
vn 0 -0.708661 0.708661 
vn 0 -0.708661 0.708661 
vn 0 -0.708661 0.708661 
vn 0 -0.708661 0.708661 

vt -0.0535815 1.12182 
vt -0.241081 1.12182 
vt -0.0535815 0.987802 
vt -0.241081 0.987802 
vt 0.383919 1.12182 
vt -0.241081 1.12182 
vt 0.383919 0.934319 
vt -0.241081 0.934319 
vt 0.383919 1.12182 
vt -0.241081 1.12182 
vt 0.383919 0.987802 
vt -0.241081 0.987802 
vt -0.0535815 1.12182 
vt -0.241081 1.12182 
vt -0.0535815 0.987802 
vt -0.241081 0.987802 
vt 0.383919 1.12182 
vt -0.241081 1.12182 
vt 0.383919 0.934319 
vt -0.241081 0.934319 
vt 0.383919 1.12182 
vt -0.241081 1.12182 
vt 0.383919 0.987802 
vt -0.241081 0.987802 

usemtl Part1Mtl

f 6981/6981/6981 6982/6982/6982 6983/6983/6983 
f 6983/6983/6983 6982/6982/6982 6984/6984/6984 
f 6985/6985/6985 6986/6986/6986 6987/6987/6987 
f 6987/6987/6987 6986/6986/6986 6988/6988/6988 
f 6989/6989/6989 6990/6990/6990 6991/6991/6991 
f 6991/6991/6991 6990/6990/6990 6992/6992/6992 
f 6993/6993/6993 6994/6994/6994 6995/6995/6995 
f 6995/6995/6995 6994/6994/6994 6996/6996/6996 
f 6997/6997/6997 6998/6998/6998 6999/6999/6999 
f 6999/6999/6999 6998/6998/6998 7000/7000/7000 
f 7001/7001/7001 7002/7002/7002 7003/7003/7003 
f 7003/7003/7003 7002/7002/7002 7004/7004/7004 

g Part117

v 11 10.651 15.4523 
v 11 12.4188 13.6845 
v 11 11.3581 16.1594 
v 11 13.1259 14.3916 
v 5 12.4188 13.6845 
v 11 12.4188 13.6845 
v 5 10.651 15.4523 
v 11 10.651 15.4523 
v 11 12.4188 13.6845 
v 5 12.4188 13.6845 
v 11 13.1259 14.3916 
v 5 13.1259 14.3916 
v 5 12.4188 13.6845 
v 5 10.651 15.4523 
v 5 13.1259 14.3916 
v 5 11.3581 16.1594 
v 5 11.3581 16.1594 
v 11 11.3581 16.1594 
v 5 13.1259 14.3916 
v 11 13.1259 14.3916 
v 5 10.651 15.4523 
v 11 10.651 15.4523 
v 5 11.3581 16.1594 
v 11 11.3581 16.1594 

vn 1 0 0 
vn 1 0 0 
vn 1 0 0 
vn 1 0 0 
vn 0 -0.708661 -0.708661 
vn 0 -0.708661 -0.708661 
vn 0 -0.708661 -0.708661 
vn 0 -0.708661 -0.708661 
vn 0 0.708661 -0.708661 
vn 0 0.708661 -0.708661 
vn 0 0.708661 -0.708661 
vn 0 0.708661 -0.708661 
vn -1 0 0 
vn -1 0 0 
vn -1 0 0 
vn -1 0 0 
vn 0 0.708661 0.708661 
vn 0 0.708661 0.708661 
vn 0 0.708661 0.708661 
vn 0 0.708661 0.708661 
vn 0 -0.708661 0.708661 
vn 0 -0.708661 0.708661 
vn 0 -0.708661 0.708661 
vn 0 -0.708661 0.708661 

vt 4.5625 -4 
vt 4.25 -4 
vt 4.5625 -4.125 
vt 4.25 -4.125 
vt 5 -4 
vt 4.25 -4 
vt 5 -4.3125 
vt 4.25 -4.3125 
vt 5 -4 
vt 4.25 -4 
vt 5 -4.125 
vt 4.25 -4.125 
vt 4.5625 -4 
vt 4.25 -4 
vt 4.5625 -4.125 
vt 4.25 -4.125 
vt 5 -4 
vt 4.25 -4 
vt 5 -4.3125 
vt 4.25 -4.3125 
vt 5 -4 
vt 4.25 -4 
vt 5 -4.125 
vt 4.25 -4.125 

usemtl Union1Mtl

f 7005/7005/7005 7006/7006/7006 7007/7007/7007 
f 7007/7007/7007 7006/7006/7006 7008/7008/7008 
f 7009/7009/7009 7010/7010/7010 7011/7011/7011 
f 7011/7011/7011 7010/7010/7010 7012/7012/7012 
f 7013/7013/7013 7014/7014/7014 7015/7015/7015 
f 7015/7015/7015 7014/7014/7014 7016/7016/7016 
f 7017/7017/7017 7018/7018/7018 7019/7019/7019 
f 7019/7019/7019 7018/7018/7018 7020/7020/7020 
f 7021/7021/7021 7022/7022/7022 7023/7023/7023 
f 7023/7023/7023 7022/7022/7022 7024/7024/7024 
f 7025/7025/7025 7026/7026/7026 7027/7027/7027 
f 7027/7027/7027 7026/7026/7026 7028/7028/7028 

g Part118

v 11.5 10.651 16.1594 
v 11.5 13.1259 13.6845 
v 11.5 11.7116 17.22 
v 11.5 14.1865 14.7452 
v 4.5 13.1259 13.6845 
v 11.5 13.1259 13.6845 
v 4.5 10.651 16.1594 
v 11.5 10.651 16.1594 
v 11.5 13.1259 13.6845 
v 4.5 13.1259 13.6845 
v 11.5 14.1865 14.7452 
v 4.5 14.1865 14.7452 
v 4.5 13.1259 13.6845 
v 4.5 10.651 16.1594 
v 4.5 14.1865 14.7452 
v 4.5 11.7116 17.22 
v 4.5 11.7116 17.22 
v 11.5 11.7116 17.22 
v 4.5 14.1865 14.7452 
v 11.5 14.1865 14.7452 
v 4.5 10.651 16.1594 
v 11.5 10.651 16.1594 
v 4.5 11.7116 17.22 
v 11.5 11.7116 17.22 

vn 1 0 0 
vn 1 0 0 
vn 1 0 0 
vn 1 0 0 
vn 0 -0.708661 -0.708661 
vn 0 -0.708661 -0.708661 
vn 0 -0.708661 -0.708661 
vn 0 -0.708661 -0.708661 
vn 0 0.708661 -0.708661 
vn 0 0.708661 -0.708661 
vn 0 0.708661 -0.708661 
vn 0 0.708661 -0.708661 
vn -1 0 0 
vn -1 0 0 
vn -1 0 0 
vn -1 0 0 
vn 0 0.708661 0.708661 
vn 0 0.708661 0.708661 
vn 0 0.708661 0.708661 
vn 0 0.708661 0.708661 
vn 0 -0.708661 0.708661 
vn 0 -0.708661 0.708661 
vn 0 -0.708661 0.708661 
vn 0 -0.708661 0.708661 

vt 3.9375 -5.5 
vt 3.5 -5.5 
vt 3.9375 -5.6875 
vt 3.5 -5.6875 
vt 4.375 -5.5 
vt 3.5 -5.5 
vt 4.375 -5.9375 
vt 3.5 -5.9375 
vt 4.375 -5.5 
vt 3.5 -5.5 
vt 4.375 -5.6875 
vt 3.5 -5.6875 
vt 3.9375 -5.5 
vt 3.5 -5.5 
vt 3.9375 -5.6875 
vt 3.5 -5.6875 
vt 4.375 -5.5 
vt 3.5 -5.5 
vt 4.375 -5.9375 
vt 3.5 -5.9375 
vt 4.375 -5.5 
vt 3.5 -5.5 
vt 4.375 -5.6875 
vt 3.5 -5.6875 

usemtl Part3Mtl

f 7029/7029/7029 7030/7030/7030 7031/7031/7031 
f 7031/7031/7031 7030/7030/7030 7032/7032/7032 
f 7033/7033/7033 7034/7034/7034 7035/7035/7035 
f 7035/7035/7035 7034/7034/7034 7036/7036/7036 
f 7037/7037/7037 7038/7038/7038 7039/7039/7039 
f 7039/7039/7039 7038/7038/7038 7040/7040/7040 
f 7041/7041/7041 7042/7042/7042 7043/7043/7043 
f 7043/7043/7043 7042/7042/7042 7044/7044/7044 
f 7045/7045/7045 7046/7046/7046 7047/7047/7047 
f 7047/7047/7047 7046/7046/7046 7048/7048/7048 
f 7049/7049/7049 7050/7050/7050 7051/7051/7051 
f 7051/7051/7051 7050/7050/7050 7052/7052/7052 

g Part119

v -7 1.93664 19 
v -7 1.93664 14 
v -7 0.936643 19 
v -7 0.936643 14 
v 22.5 1.93664 14 
v -7 1.93664 14 
v 22.5 1.93664 19 
v -7 1.93664 19 
v -7 1.93664 14 
v 22.5 1.93664 14 
v -7 0.936643 14 
v 22.5 0.936643 14 
v 22.5 1.93664 14 
v 22.5 1.93664 19 
v 22.5 0.936643 14 
v 22.5 0.936643 19 
v 22.5 0.936643 19 
v -7 0.936643 19 
v 22.5 0.936643 14 
v -7 0.936643 14 
v 22.5 1.93664 19 
v -7 1.93664 19 
v 22.5 0.936643 19 
v -7 0.936643 19 

vn -1 0 0 
vn -1 0 0 
vn -1 0 0 
vn -1 0 0 
vn 0 1 0 
vn 0 1 0 
vn 0 1 0 
vn 0 1 0 
vn 0 0 -1 
vn 0 0 -1 
vn 0 0 -1 
vn 0 0 -1 
vn 1 0 0 
vn 1 0 0 
vn 1 0 0 
vn 1 0 0 
vn 0 -1 0 
vn 0 -1 0 
vn 0 -1 0 
vn 0 -1 0 
vn 0 0 1 
vn 0 0 1 
vn 0 0 1 
vn 0 0 1 

vt 6.875 -6.25 
vt 6.25 -6.25 
vt 6.875 -6.375 
vt 6.25 -6.375 
vt 9.9375 -6.25 
vt 6.25 -6.25 
vt 9.9375 -6.875 
vt 6.25 -6.875 
vt 9.9375 -6.25 
vt 6.25 -6.25 
vt 9.9375 -6.375 
vt 6.25 -6.375 
vt 6.875 -6.25 
vt 6.25 -6.25 
vt 6.875 -6.375 
vt 6.25 -6.375 
vt 9.9375 -6.25 
vt 6.25 -6.25 
vt 9.9375 -6.875 
vt 6.25 -6.875 
vt 9.9375 -6.25 
vt 6.25 -6.25 
vt 9.9375 -6.375 
vt 6.25 -6.375 

usemtl Part3Mtl

f 7053/7053/7053 7054/7054/7054 7055/7055/7055 
f 7055/7055/7055 7054/7054/7054 7056/7056/7056 
f 7057/7057/7057 7058/7058/7058 7059/7059/7059 
f 7059/7059/7059 7058/7058/7058 7060/7060/7060 
f 7061/7061/7061 7062/7062/7062 7063/7063/7063 
f 7063/7063/7063 7062/7062/7062 7064/7064/7064 
f 7065/7065/7065 7066/7066/7066 7067/7067/7067 
f 7067/7067/7067 7066/7066/7066 7068/7068/7068 
f 7069/7069/7069 7070/7070/7070 7071/7071/7071 
f 7071/7071/7071 7070/7070/7070 7072/7072/7072 
f 7073/7073/7073 7074/7074/7074 7075/7075/7075 
f 7075/7075/7075 7074/7074/7074 7076/7076/7076 

g Part120

v -7 16.4367 19 
v -7 16.4367 14 
v -7 15.4367 19 
v -7 15.4367 14 
v 22.5 16.4367 14 
v -7 16.4367 14 
v 22.5 16.4367 19 
v -7 16.4367 19 
v -7 16.4367 14 
v 22.5 16.4367 14 
v -7 15.4367 14 
v 22.5 15.4367 14 
v 22.5 16.4367 14 
v 22.5 16.4367 19 
v 22.5 15.4367 14 
v 22.5 15.4367 19 
v 22.5 15.4367 19 
v -7 15.4367 19 
v 22.5 15.4367 14 
v -7 15.4367 14 
v 22.5 16.4367 19 
v -7 16.4367 19 
v 22.5 15.4367 19 
v -7 15.4367 19 

vn -1 0 0 
vn -1 0 0 
vn -1 0 0 
vn -1 0 0 
vn 0 1 0 
vn 0 1 0 
vn 0 1 0 
vn 0 1 0 
vn 0 0 -1 
vn 0 0 -1 
vn 0 0 -1 
vn 0 0 -1 
vn 1 0 0 
vn 1 0 0 
vn 1 0 0 
vn 1 0 0 
vn 0 -1 0 
vn 0 -1 0 
vn 0 -1 0 
vn 0 -1 0 
vn 0 0 1 
vn 0 0 1 
vn 0 0 1 
vn 0 0 1 

vt 2.625 -1.25 
vt 2 -1.25 
vt 2.625 -1.375 
vt 2 -1.375 
vt 5.6875 -1.25 
vt 2 -1.25 
vt 5.6875 -1.875 
vt 2 -1.875 
vt 5.6875 -1.25 
vt 2 -1.25 
vt 5.6875 -1.375 
vt 2 -1.375 
vt 2.625 -1.25 
vt 2 -1.25 
vt 2.625 -1.375 
vt 2 -1.375 
vt 5.6875 -1.25 
vt 2 -1.25 
vt 5.6875 -1.875 
vt 2 -1.875 
vt 5.6875 -1.25 
vt 2 -1.25 
vt 5.6875 -1.375 
vt 2 -1.375 

usemtl Part3Mtl

f 7077/7077/7077 7078/7078/7078 7079/7079/7079 
f 7079/7079/7079 7078/7078/7078 7080/7080/7080 
f 7081/7081/7081 7082/7082/7082 7083/7083/7083 
f 7083/7083/7083 7082/7082/7082 7084/7084/7084 
f 7085/7085/7085 7086/7086/7086 7087/7087/7087 
f 7087/7087/7087 7086/7086/7086 7088/7088/7088 
f 7089/7089/7089 7090/7090/7090 7091/7091/7091 
f 7091/7091/7091 7090/7090/7090 7092/7092/7092 
f 7093/7093/7093 7094/7094/7094 7095/7095/7095 
f 7095/7095/7095 7094/7094/7094 7096/7096/7096 
f 7097/7097/7097 7098/7098/7098 7099/7099/7099 
f 7099/7099/7099 7098/7098/7098 7100/7100/7100 

g Union33

v 2.49978 13.4316 13.5003 
v 2.49978 16.4369 19.0003 
v 2.49978 11.9424 15.5022 
v 2.49978 11.9424 15.5022 
v -2.00022 11.9424 15.5022 
v 2.49978 13.4316 13.5003 
v -2.00022 13.4316 13.5003 
v 2.49978 13.4316 13.5003 
v -2.00022 13.4316 13.5003 
v 2.49978 16.4369 13.5003 
v -2.00022 16.4369 13.5003 
v -2.00022 13.4316 13.5003 
v -2.00022 11.9424 15.5022 
v -2.00022 16.4369 13.5003 
v -2.00022 16.4369 19.0003 
v 2.49978 16.4369 19.0003 
v 2.49978 16.4369 13.5003 
v -2.00022 16.4369 19.0003 
v -2.00022 16.4369 13.5003 
v 2.49978 16.4369 13.5003 
v -2.00022 0.436849 19.0003 
v -2.00022 0.436849 13.5003 
v 2.49978 0.436849 19.0003 
v 2.49978 0.436849 13.5003 
v 2.49978 0.436849 19.0003 
v 2.49978 9.44347 19.0003 
v -2.00022 0.436849 19.0003 
v 2.49978 16.4369 19.0003 
v -2.00022 16.4369 19.0003 
v -2.00022 0.436849 19.0003 
v 2.49978 0.436849 13.5003 
v -2.00022 0.436849 13.5003 
v 2.49978 3.88454 13.5003 
v -2.00022 3.88454 13.5003 
v 2.49978 0.436849 13.5003 
v 2.49978 3.88454 13.5003 
v 2.49978 0.436849 19.0003 
v 2.49978 9.44347 19.0003 
v 17.4998 13.4316 13.5003 
v 17.4998 16.4365 19.0003 
v 17.4998 11.9424 15.5022 
v 17.4998 11.9424 15.5022 
v 12.9998 11.9424 15.5022 
v 17.4998 13.4316 13.5003 
v 12.9998 13.4316 13.5003 
v 12.9998 13.4316 13.5003 
v 12.9998 16.4365 13.5003 
v 17.4998 13.4316 13.5003 
v 17.4998 16.4365 13.5003 
v 12.9998 13.4316 13.5003 
v 12.9998 11.9424 15.5022 
v 12.9998 16.4365 13.5003 
v 12.9998 16.4365 19.0003 
v 17.4998 16.4365 19.0003 
v 17.4998 16.4365 13.5003 
v 12.9998 16.4365 19.0003 
v 12.9998 16.4365 13.5003 
v 17.4998 16.4365 13.5003 
v 12.9998 0.436543 19.0003 
v 12.9998 0.436543 13.5003 
v 17.4998 0.436543 19.0003 
v 17.4998 0.436543 13.5003 
v 17.4998 0.436543 19.0003 
v 17.4998 9.44347 19.0003 
v 12.9998 0.436543 19.0003 
v 17.4998 16.4365 19.0003 
v 12.9998 16.4365 19.0003 
v 12.9998 0.436543 19.0003 
v 12.9998 3.88454 13.5003 
v 17.4998 3.88454 13.5003 
v 12.9998 0.436543 13.5003 
v 17.4998 0.436543 13.5003 
v 17.4998 0.436543 13.5003 
v 17.4998 3.88454 13.5003 
v 17.4998 0.436543 19.0003 
v 17.4998 9.44347 19.0003 
v 17.4998 11.9365 15.5003 
v 12.9998 11.9365 15.5003 
v 17.4998 11.9365 15.4978 
v 12.9998 11.9365 15.4978 
v 12.9998 11.9365 15.5003 
v 17.4998 11.9365 15.5003 
v 12.9998 5.974 15.5003 
v 17.4998 5.974 15.5003 
v -2.00022 11.9365 15.5003 
v 2.49978 11.9365 15.5003 
v -2.00022 5.974 15.5003 
v 2.49978 5.974 15.5003 
v 2.49978 11.9365 15.5003 
v -2.00022 11.9365 15.5003 
v 2.49978 11.9365 15.4978 
v -2.00022 11.9365 15.4978 
v 2.49978 5.93653 15.5003 
v -2.00022 5.93653 15.5003 
v 2.49978 5.95271 15.5003 
v -2.00022 5.95271 15.5003 
v -2.00022 5.93653 15.5003 
v 2.49978 5.93653 15.5003 
v -2.00022 5.93653 15.4846 
v 2.49978 5.93653 15.4846 
v 17.4998 5.93653 15.5003 
v 12.9998 5.93653 15.5003 
v 17.4998 5.95271 15.5003 
v 12.9998 5.95271 15.5003 
v 12.9998 5.93653 15.5003 
v 17.4998 5.93653 15.5003 
v 12.9998 5.93653 15.4846 
v 17.4998 5.93653 15.4846 
v 17.4998 5.974 15.5003 
v 17.4998 5.96372 15.5109 
v 12.9998 5.974 15.5003 
v 12.9998 5.96372 15.5109 
v 12.9998 5.96372 15.5109 
v 17.4998 5.96372 15.5109 
v 12.9998 5.95271 15.5003 
v 17.4998 5.95271 15.5003 
v -2.00022 5.96372 15.5109 
v 2.49978 5.96372 15.5109 
v -2.00022 5.95271 15.5003 
v 2.49978 5.95271 15.5003 
v 2.49978 5.974 15.5003 
v 2.49978 5.96372 15.5109 
v -2.00022 5.974 15.5003 
v -2.00022 5.96372 15.5109 
v -2.00022 5.95271 15.5003 
v -2.00022 5.93653 15.5003 
v -2.00022 5.96372 15.5109 
v 2.49978 5.93653 15.5003 
v 2.49978 5.96372 15.5109 
v 2.49978 5.95271 15.5003 
v 12.9998 5.96372 15.5109 
v 12.9998 5.93653 15.5003 
v 12.9998 5.95271 15.5003 
v 17.4998 5.93653 15.5003 
v 17.4998 5.96372 15.5109 
v 17.4998 5.95271 15.5003 
v 17.4998 11.9365 15.5003 
v 17.4998 11.9365 15.4978 
v 17.4998 11.9365 15.4978 
v 12.9998 11.9365 15.4978 
v 17.4998 11.9424 15.5022 
v 12.9998 11.9424 15.5022 
v 2.49978 11.9424 15.5022 
v 2.49978 11.9365 15.4978 
v -2.00022 11.9424 15.5022 
v -2.00022 11.9365 15.4978 
v 12.9998 5.93653 15.4846 
v 17.4998 5.93653 15.4846 
v 12.9998 3.88454 13.5003 
v 17.4998 5.93257 15.4808 
v 17.4998 3.88454 13.5003 
v -2.00022 5.93653 15.4846 
v 2.49978 5.93653 15.4846 
v -2.00022 3.88454 13.5003 
v 2.49978 5.93257 15.4808 
v 2.49978 3.88454 13.5003 
v -2.00022 5.93653 15.4846 
v -2.00022 3.88454 13.5003 
v 2.49978 5.93653 15.4846 
v 2.49978 5.93257 15.4808 
v 12.9998 5.93653 15.4846 
v 12.9998 3.88454 13.5003 
v 17.4998 5.93653 15.4846 
v 17.4998 5.93257 15.4808 
v 2.49978 5.974 15.5003 
v 2.49978 11.9365 15.5003 
v 12.9998 5.974 15.5003 
v -2.00022 5.974 15.5003 
v 12.9998 11.9365 15.5003 
v 12.9998 11.9365 15.4978 
v 2.49978 11.9365 15.4978 
v -2.00022 11.9365 15.5003 
v -2.00022 11.9365 15.4978 
v 17.4998 5.974 15.5003 
v -2.00022 0.436849 13.5003 
v 12.9998 0.436543 13.5003 

vn 1 0 0 
vn 1 0 0 
vn 1 0 0 
vn 0 -0.80315 -0.598425 
vn 0 -0.80315 -0.598425 
vn 0 -0.80315 -0.598425 
vn 0 -0.80315 -0.598425 
vn 0 0 -1 
vn 0 0 -1 
vn 0 0 -1 
vn 0 0 -1 
vn -1 0 0 
vn -1 0 0 
vn -1 0 0 
vn -1 0 0 
vn 0 1 0 
vn 0 1 0 
vn 0 1 0 
vn 0 1 0 
vn 1 0 0 
vn 0 -1 0 
vn 0 -1 0 
vn 0 -1 0 
vn 0 -1 0 
vn 0 0 1 
vn 0 0 1 
vn 0 0 1 
vn 0 0 1 
vn 0 0 1 
vn -1 0 0 
vn 0 0 -1 
vn 0 0 -1 
vn 0 0 -1 
vn 0 0 -1 
vn 1 0 0 
vn 1 0 0 
vn 1 0 0 
vn 1 0 0 
vn 1 0 0 
vn 1 0 0 
vn 1 0 0 
vn 0 -0.80315 -0.598425 
vn 0 -0.80315 -0.598425 
vn 0 -0.80315 -0.598425 
vn 0 -0.80315 -0.598425 
vn 0 0 -1 
vn 0 0 -1 
vn 0 0 -1 
vn 0 0 -1 
vn -1 0 0 
vn -1 0 0 
vn -1 0 0 
vn -1 0 0 
vn 0 1 0 
vn 0 1 0 
vn 0 1 0 
vn 0 1 0 
vn 1 0 0 
vn 0 -1 0 
vn 0 -1 0 
vn 0 -1 0 
vn 0 -1 0 
vn 0 0 1 
vn 0 0 1 
vn 0 0 1 
vn 0 0 1 
vn 0 0 1 
vn -1 0 0 
vn 0 0 -1 
vn 0 0 -1 
vn 0 0 -1 
vn 0 0 -1 
vn 1 0 0 
vn 1 0 0 
vn 1 0 0 
vn 1 0 0 
vn 0 -1 0 
vn 0 -1 0 
vn 0 -1 0 
vn 0 -1 0 
vn 0 0 -1 
vn 0 0 -1 
vn 0 0 -1 
vn 0 0 -1 
vn 0 0 -1 
vn 0 0 -1 
vn 0 0 -1 
vn 0 0 -1 
vn 0 -1 0 
vn 0 -1 0 
vn 0 -1 0 
vn 0 -1 0 
vn 0 0 -1 
vn 0 0 -1 
vn 0 0 -1 
vn 0 0 -1 
vn 0 1 0 
vn 0 1 0 
vn 0 1 0 
vn 0 1 0 
vn 0 0 -1 
vn 0 0 -1 
vn 0 0 -1 
vn 0 0 -1 
vn 0 1 0 
vn 0 1 0 
vn 0 1 0 
vn 0 1 0 
vn 0 -0.716535 -0.692913 
vn 0 -0.716535 -0.692913 
vn 0 -0.716535 -0.692913 
vn 0 -0.716535 -0.692913 
vn 0 0.692913 -0.716535 
vn 0 0.692913 -0.716535 
vn 0 0.692913 -0.716535 
vn 0 0.692913 -0.716535 
vn 0 0.692913 -0.716535 
vn 0 0.692913 -0.716535 
vn 0 0.692913 -0.716535 
vn 0 0.692913 -0.716535 
vn 0 -0.716535 -0.692913 
vn 0 -0.716535 -0.692913 
vn 0 -0.716535 -0.692913 
vn 0 -0.716535 -0.692913 
vn -1 0 0 
vn -1 0 0 
vn -1 0 0 
vn 1 0 0 
vn 1 0 0 
vn 1 0 0 
vn -1 0 0 
vn -1 0 0 
vn -1 0 0 
vn 1 0 0 
vn 1 0 0 
vn 1 0 0 
vn 1 0 0 
vn 1 0 0 
vn 0 0.598425 -0.80315 
vn 0 0.598425 -0.80315 
vn 0 0.598425 -0.80315 
vn 0 0.598425 -0.80315 
vn 0 0.598425 -0.80315 
vn 0 0.598425 -0.80315 
vn 0 0.598425 -0.80315 
vn 0 0.598425 -0.80315 
vn 0 0.692913 -0.716535 
vn 0 0.692913 -0.716535 
vn 0 0.692913 -0.716535 
vn 0 0.692913 -0.716535 
vn 0 0.692913 -0.716535 
vn 0 0.692913 -0.716535 
vn 0 0.692913 -0.716535 
vn 0 0.692913 -0.716535 
vn 0 0.692913 -0.716535 
vn 0 0.692913 -0.716535 
vn -1 0 0 
vn -1 0 0 
vn 1 0 0 
vn 1 0 0 
vn -1 0 0 
vn -1 0 0 
vn 1 0 0 
vn 1 0 0 
vn 1 0 0 
vn 1 0 0 
vn -1 0 0 
vn -1 0 0 
vn -1 0 0 
vn -1 0 0 
vn 1 0 0 
vn -1 0 0 
vn -1 0 0 
vn 1 0 0 
vn -1 0 0 
vn -1 0 0 

vt 26.3438 -8.37563 
vt 25.6562 -7.99998 
vt 26.0935 -8.56179 
vt 26.6562 -8.90649 
vt 27.2188 -8.90649 
vt 26.6562 -8.65625 
vt 27.2188 -8.65625 
vt 26.6562 -8.37563 
vt 27.2188 -8.37563 
vt 26.6562 -7.99998 
vt 27.2188 -7.99998 
vt 25.6562 -8.37563 
vt 25.9065 -8.56179 
vt 25.6562 -7.99998 
vt 26.3438 -7.99998 
vt 25.3438 -9.34375 
vt 25.3438 -8.65625 
vt 24.7812 -9.34375 
vt 24.7812 -8.65625 
vt 26.3438 -7.99998 
vt 27.2188 -9.34375 
vt 27.2188 -8.65625 
vt 26.6562 -9.34375 
vt 26.6562 -8.65625 
vt 25.3438 -9.99998 
vt 25.3438 -8.87415 
vt 24.7812 -9.99998 
vt 25.3438 -7.99998 
vt 24.7812 -7.99998 
vt 26.3438 -9.99998 
vt 26.6562 -9.99998 
vt 27.2188 -9.99998 
vt 26.6562 -9.56902 
vt 27.2188 -9.56902 
vt 26.3438 -9.99998 
vt 26.3438 -9.56902 
vt 25.6562 -9.99998 
vt 25.6562 -8.87415 
vt 26.3438 -8.37563 
vt 25.6562 -8.00002 
vt 26.0935 -8.56179 
vt 24.7812 -8.90649 
vt 25.3438 -8.90649 
vt 24.7812 -8.65625 
vt 25.3438 -8.65625 
vt 25.3438 -8.37563 
vt 25.3438 -8.00002 
vt 24.7812 -8.37563 
vt 24.7812 -8.00002 
vt 25.6562 -8.37563 
vt 25.9065 -8.56179 
vt 25.6562 -8.00002 
vt 26.3438 -8.00002 
vt 27.2188 -9.34375 
vt 27.2188 -8.65625 
vt 26.6562 -9.34375 
vt 26.6562 -8.65625 
vt 26.3438 -8.00002 
vt 25.3438 -9.34375 
vt 25.3438 -8.65625 
vt 24.7812 -9.34375 
vt 24.7812 -8.65625 
vt 27.2188 -10 
vt 27.2188 -8.87415 
vt 26.6562 -10 
vt 27.2188 -8.00002 
vt 26.6562 -8.00002 
vt 26.3438 -10 
vt 25.3438 -9.56902 
vt 24.7812 -9.56902 
vt 25.3438 -10 
vt 24.7812 -10 
vt 26.3438 -10 
vt 26.3438 -9.56902 
vt 25.6562 -10 
vt 25.6562 -8.87415 
vt 24.7812 -8.90625 
vt 25.3438 -8.90625 
vt 24.7812 -8.90595 
vt 25.3438 -8.90595 
vt 25.3438 -8.56252 
vt 24.7812 -8.56252 
vt 25.3438 -9.30784 
vt 24.7812 -9.30784 
vt 27.2188 -8.56252 
vt 26.6562 -8.56252 
vt 27.2188 -9.30784 
vt 26.6562 -9.30784 
vt 26.6562 -8.90625 
vt 27.2188 -8.90625 
vt 26.6562 -8.90595 
vt 27.2188 -8.90595 
vt 26.6562 -9.31252 
vt 27.2188 -9.31252 
vt 26.6562 -9.3105 
vt 27.2188 -9.3105 
vt 24.7812 -8.90625 
vt 25.3438 -8.90625 
vt 24.7812 -8.90429 
vt 25.3438 -8.90429 
vt 24.7812 -9.31252 
vt 25.3438 -9.31252 
vt 24.7812 -9.3105 
vt 25.3438 -9.3105 
vt 26.6562 -8.90625 
vt 27.2188 -8.90625 
vt 26.6562 -8.90429 
vt 27.2188 -8.90429 
vt 24.7812 -8.90625 
vt 24.7812 -8.90758 
vt 25.3438 -8.90625 
vt 25.3438 -8.90758 
vt 25.3438 -9.30912 
vt 24.7812 -9.30912 
vt 25.3438 -9.3105 
vt 24.7812 -9.3105 
vt 27.2188 -9.30912 
vt 26.6562 -9.30912 
vt 27.2188 -9.3105 
vt 26.6562 -9.3105 
vt 26.6562 -8.90625 
vt 26.6562 -8.90758 
vt 27.2188 -8.90625 
vt 27.2188 -8.90758 
vt 25.9062 -9.3105 
vt 25.9062 -9.31252 
vt 25.9076 -9.30912 
vt 26.0938 -9.31252 
vt 26.0924 -9.30912 
vt 26.0938 -9.3105 
vt 25.9076 -9.30912 
vt 25.9062 -9.31252 
vt 25.9062 -9.3105 
vt 26.0938 -9.31252 
vt 26.0924 -9.30912 
vt 26.0938 -9.3105 
vt 26.0938 -8.56252 
vt 26.0941 -8.56252 
vt 24.7812 -8.56252 
vt 25.3438 -8.56252 
vt 24.7812 -8.56179 
vt 25.3438 -8.56179 
vt 26.6562 -8.56179 
vt 26.6562 -8.56252 
vt 27.2188 -8.56179 
vt 27.2188 -8.56252 
vt 25.3438 -9.31252 
vt 24.7812 -9.31252 
vt 25.3438 -9.56902 
vt 24.7812 -9.31302 
vt 24.7812 -9.56902 
vt 27.2188 -9.31252 
vt 26.6562 -9.31252 
vt 27.2188 -9.56902 
vt 26.6562 -9.31302 
vt 26.6562 -9.56902 
vt 25.9043 -9.31252 
vt 25.6562 -9.56902 
vt 26.0957 -9.31252 
vt 26.0962 -9.31302 
vt 25.9043 -9.31252 
vt 25.6562 -9.56902 
vt 26.0957 -9.31252 
vt 26.0962 -9.31302 
vt 26.0938 -9.30784 
vt 26.0938 -8.56252 
vt 25.9062 -9.30784 
vt 25.9062 -9.30784 
vt 25.9062 -8.56252 
vt 25.9059 -8.56252 
vt 26.0941 -8.56252 
vt 25.9062 -8.56252 
vt 25.9059 -8.56252 
vt 26.0938 -9.30784 
vt 25.6562 -9.99998 
vt 25.6562 -10 

usemtl Part3Mtl

f 7101/7101/7101 7102/7102/7102 7103/7103/7103 
f 7104/7104/7104 7105/7105/7105 7106/7106/7106 
f 7105/7105/7105 7107/7107/7107 7106/7106/7106 
f 7108/7108/7108 7109/7109/7109 7110/7110/7110 
f 7109/7109/7109 7111/7111/7111 7110/7110/7110 
f 7112/7112/7112 7113/7113/7113 7114/7114/7114 
f 7113/7113/7113 7115/7115/7115 7114/7114/7114 
f 7116/7116/7116 7117/7117/7117 7118/7118/7118 
f 7117/7117/7117 7119/7119/7119 7118/7118/7118 
f 7101/7101/7101 7120/7120/7120 7102/7102/7102 
f 7121/7121/7121 7122/7122/7122 7123/7123/7123 
f 7122/7122/7122 7124/7124/7124 7123/7123/7123 
f 7125/7125/7125 7126/7126/7126 7127/7127/7127 
f 7126/7126/7126 7128/7128/7128 7127/7127/7127 
f 7129/7129/7129 7127/7127/7127 7128/7128/7128 
f 7113/7113/7113 7130/7130/7130 7115/7115/7115 
f 7131/7131/7131 7132/7132/7132 7133/7133/7133 
f 7132/7132/7132 7134/7134/7134 7133/7133/7133 
f 7135/7135/7135 7136/7136/7136 7137/7137/7137 
f 7102/7102/7102 7138/7138/7138 7137/7137/7137 
f 7139/7139/7139 7140/7140/7140 7141/7141/7141 
f 7142/7142/7142 7143/7143/7143 7144/7144/7144 
f 7143/7143/7143 7145/7145/7145 7144/7144/7144 
f 7146/7146/7146 7147/7147/7147 7148/7148/7148 
f 7149/7149/7149 7148/7148/7148 7147/7147/7147 
f 7150/7150/7150 7151/7151/7151 7152/7152/7152 
f 7151/7151/7151 7153/7153/7153 7152/7152/7152 
f 7154/7154/7154 7155/7155/7155 7156/7156/7156 
f 7155/7155/7155 7157/7157/7157 7156/7156/7156 
f 7139/7139/7139 7158/7158/7158 7140/7140/7140 
f 7159/7159/7159 7160/7160/7160 7161/7161/7161 
f 7160/7160/7160 7162/7162/7162 7161/7161/7161 
f 7163/7163/7163 7164/7164/7164 7165/7165/7165 
f 7164/7164/7164 7166/7166/7166 7165/7165/7165 
f 7167/7167/7167 7165/7165/7165 7166/7166/7166 
f 7151/7151/7151 7168/7168/7168 7153/7153/7153 
f 7169/7169/7169 7170/7170/7170 7171/7171/7171 
f 7170/7170/7170 7172/7172/7172 7171/7171/7171 
f 7173/7173/7173 7174/7174/7174 7175/7175/7175 
f 7140/7140/7140 7176/7176/7176 7175/7175/7175 
f 7177/7177/7177 7178/7178/7178 7179/7179/7179 
f 7178/7178/7178 7180/7180/7180 7179/7179/7179 
f 7181/7181/7181 7182/7182/7182 7183/7183/7183 
f 7182/7182/7182 7184/7184/7184 7183/7183/7183 
f 7185/7185/7185 7186/7186/7186 7187/7187/7187 
f 7186/7186/7186 7188/7188/7188 7187/7187/7187 
f 7189/7189/7189 7190/7190/7190 7191/7191/7191 
f 7190/7190/7190 7192/7192/7192 7191/7191/7191 
f 7193/7193/7193 7194/7194/7194 7195/7195/7195 
f 7194/7194/7194 7196/7196/7196 7195/7195/7195 
f 7197/7197/7197 7198/7198/7198 7199/7199/7199 
f 7198/7198/7198 7200/7200/7200 7199/7199/7199 
f 7201/7201/7201 7202/7202/7202 7203/7203/7203 
f 7202/7202/7202 7204/7204/7204 7203/7203/7203 
f 7205/7205/7205 7206/7206/7206 7207/7207/7207 
f 7206/7206/7206 7208/7208/7208 7207/7207/7207 
f 7209/7209/7209 7210/7210/7210 7211/7211/7211 
f 7210/7210/7210 7212/7212/7212 7211/7211/7211 
f 7213/7213/7213 7214/7214/7214 7215/7215/7215 
f 7214/7214/7214 7216/7216/7216 7215/7215/7215 
f 7217/7217/7217 7218/7218/7218 7219/7219/7219 
f 7218/7218/7218 7220/7220/7220 7219/7219/7219 
f 7221/7221/7221 7222/7222/7222 7223/7223/7223 
f 7222/7222/7222 7224/7224/7224 7223/7223/7223 
f 7225/7225/7225 7226/7226/7226 7227/7227/7227 
f 7226/7226/7226 7130/7130/7130 7227/7227/7227 
f 7130/7130/7130 7113/7113/7113 7227/7227/7227 
f 7228/7228/7228 7229/7229/7229 7137/7137/7137 
f 7230/7230/7230 7229/7229/7229 7228/7228/7228 
f 7168/7168/7168 7231/7231/7231 7232/7232/7232 
f 7233/7233/7233 7232/7232/7232 7231/7231/7231 
f 7234/7234/7234 7235/7235/7235 7175/7175/7175 
f 7236/7236/7236 7235/7235/7235 7234/7234/7234 
f 7237/7237/7237 7238/7238/7238 7141/7141/7141 
f 7239/7239/7239 7240/7240/7240 7241/7241/7241 
f 7240/7240/7240 7242/7242/7242 7241/7241/7241 
f 7243/7243/7243 7244/7244/7244 7245/7245/7245 
f 7244/7244/7244 7246/7246/7246 7245/7245/7245 
f 7247/7247/7247 7248/7248/7248 7249/7249/7249 
f 7248/7248/7248 7250/7250/7250 7249/7249/7249 
f 7250/7250/7250 7251/7251/7251 7249/7249/7249 
f 7252/7252/7252 7253/7253/7253 7254/7254/7254 
f 7253/7253/7253 7255/7255/7255 7254/7254/7254 
f 7255/7255/7255 7256/7256/7256 7254/7254/7254 
f 7257/7257/7257 7258/7258/7258 7226/7226/7226 
f 7228/7228/7228 7137/7137/7137 7259/7259/7259 
f 7137/7137/7137 7260/7260/7260 7259/7259/7259 
f 7261/7261/7261 7262/7262/7262 7232/7232/7232 
f 7234/7234/7234 7175/7175/7175 7263/7263/7263 
f 7175/7175/7175 7264/7264/7264 7263/7263/7263 
f 7265/7265/7265 7266/7266/7266 7229/7229/7229 
f 7266/7266/7266 7102/7102/7102 7229/7229/7229 
f 7102/7102/7102 7137/7137/7137 7229/7229/7229 
f 7267/7267/7267 7231/7231/7231 7151/7151/7151 
f 7231/7231/7231 7168/7168/7168 7151/7151/7151 
f 7113/7113/7113 7268/7268/7268 7227/7227/7227 
f 7267/7267/7267 7151/7151/7151 7269/7269/7269 
f 7151/7151/7151 7270/7270/7270 7269/7269/7269 
f 7271/7271/7271 7103/7103/7103 7266/7266/7266 
f 7103/7103/7103 7102/7102/7102 7266/7266/7266 
f 7268/7268/7268 7113/7113/7113 7272/7272/7272 
f 7113/7113/7113 7273/7273/7273 7272/7272/7272 
f 7140/7140/7140 7175/7175/7175 7141/7141/7141 
f 7175/7175/7175 7235/7235/7235 7141/7141/7141 
f 7235/7235/7235 7274/7274/7274 7141/7141/7141 
f 7274/7274/7274 7237/7237/7237 7141/7141/7141 
f 7226/7226/7226 7258/7258/7258 7130/7130/7130 
f 7258/7258/7258 7275/7275/7275 7130/7130/7130 
f 7137/7137/7137 7136/7136/7136 7260/7260/7260 
f 7232/7232/7232 7262/7262/7262 7168/7168/7168 
f 7262/7262/7262 7276/7276/7276 7168/7168/7168 
f 7175/7175/7175 7174/7174/7174 7264/7264/7264 

g Union34

v -7 5.96417 16.0106 
v 22.5 5.96417 16.0106 
v -7 5.95316 16 
v 22.5 5.95316 16 
v -7 5.93698 16 
v -7 5.95316 16 
v 22.5 5.93698 16 
v 22.5 5.95316 16 
v 22.5 5.93698 16 
v 22.5 5.93698 15.9843 
v -7 5.93698 16 
v -7 5.93698 15.9843 
v 22.5 3.88501 14 
v 22.5 5.93698 15.9843 
v 22.5 5.93698 16 
v 22.5 1.93668 14 
v 22.5 1.93668 19 
v -7 1.93668 19 
v -7 1.93668 14 
v 22.5 1.93668 19 
v 22.5 1.93668 14 
v 22.5 3.88501 14 
v 22.5 1.93668 14 
v -7 3.88501 14 
v -7 1.93668 14 
v 22.5 5.93698 15.9843 
v 22.5 3.88501 14 
v -7 5.93698 15.9843 
v -7 3.88501 14 
v -7 5.93698 15.9843 
v -7 3.88501 14 
v -7 5.93698 16 
v -7 1.93668 19 
v -7 1.93668 14 
v 22.5 15.4367 19 
v 22.5 15.4367 14 
v -7 15.4367 19 
v -7 15.4367 14 
v -7 5.93302 19 
v -7 5.96417 16.0106 
v -7 5.95316 16 
v -7 5.97445 16 
v -7 5.97445 16 
v -7 11.937 16 
v 22.5 5.97445 16 
v 22.5 11.937 16 
v 22.5 5.96417 16.0106 
v -7 5.96417 16.0106 
v 22.5 5.97445 16 
v -7 5.97445 16 
v 22.5 5.96417 16.0106 
v 22.5 5.95316 16 
v 22.5 15.4367 19 
v 22.5 5.97445 16 
v 22.5 1.93668 19 
v 22.5 15.4367 19 
v -7 1.93668 19 
v -7 15.4367 19 
v -7 5.93302 19 
v -7 9.44392 19 
v 22.5 11.9429 16.0019 
v -7 11.9429 16.0019 
v 22.5 13.4321 14 
v -7 13.4321 14 
v -7 11.9429 16.0019 
v 22.5 11.9429 16.0019 
v -7 11.937 15.9976 
v 22.5 11.937 15.9976 
v 22.5 11.937 16 
v 22.5 11.9429 16.0019 
v -7 11.937 16 
v -7 11.9429 16.0019 
v -7 11.937 15.9976 
v -7 11.937 16 
v -7 11.937 15.9976 
v 22.5 11.937 16 
v 22.5 11.937 15.9976 
v 22.5 11.937 15.9976 
v -7 15.4367 14 
v 22.5 15.4367 14 
v -7 13.4321 14 
v 22.5 13.4321 14 
v 22.5 13.4321 14 
v 22.5 15.4367 14 
v -7 13.4321 14 
v -7 15.4367 14 
v -7 15.4367 19 
v -7 9.44392 19 

vn 0 0.692913 -0.716535 
vn 0 0.692913 -0.716535 
vn 0 0.692913 -0.716535 
vn 0 0.692913 -0.716535 
vn 0 0 -1 
vn 0 0 -1 
vn 0 0 -1 
vn 0 0 -1 
vn 0 1 0 
vn 0 1 0 
vn 0 1 0 
vn 0 1 0 
vn 1 0 0 
vn 1 0 0 
vn 1 0 0 
vn 1 0 0 
vn 1 0 0 
vn 0 -1 0 
vn 0 -1 0 
vn 0 -1 0 
vn 0 -1 0 
vn 0 0 -1 
vn 0 0 -1 
vn 0 0 -1 
vn 0 0 -1 
vn 0 0.692913 -0.716535 
vn 0 0.692913 -0.716535 
vn 0 0.692913 -0.716535 
vn 0 0.692913 -0.716535 
vn -1 0 0 
vn -1 0 0 
vn -1 0 0 
vn -1 0 0 
vn -1 0 0 
vn 0 1 0 
vn 0 1 0 
vn 0 1 0 
vn 0 1 0 
vn -1 0 0 
vn -1 0 0 
vn -1 0 0 
vn -1 0 0 
vn 0 0 -1 
vn 0 0 -1 
vn 0 0 -1 
vn 0 0 -1 
vn 0 -0.716535 -0.692913 
vn 0 -0.716535 -0.692913 
vn 0 -0.716535 -0.692913 
vn 0 -0.716535 -0.692913 
vn 1 0 0 
vn 1 0 0 
vn 1 0 0 
vn 1 0 0 
vn 0 0 1 
vn 0 0 1 
vn 0 0 1 
vn 0 0 1 
vn 0 0 1 
vn 0 0 1 
vn 0 -0.80315 -0.598425 
vn 0 -0.80315 -0.598425 
vn 0 -0.80315 -0.598425 
vn 0 -0.80315 -0.598425 
vn 0 0.598425 -0.80315 
vn 0 0.598425 -0.80315 
vn 0 0.598425 -0.80315 
vn 0 0.598425 -0.80315 
vn 1 0 0 
vn 1 0 0 
vn -1 0 0 
vn -1 0 0 
vn -1 0 0 
vn 0 -1 0 
vn 0 -1 0 
vn 0 -1 0 
vn 0 -1 0 
vn 1 0 0 
vn 0 0 -1 
vn 0 0 -1 
vn 0 0 -1 
vn 0 0 -1 
vn 1 0 0 
vn 1 0 0 
vn -1 0 0 
vn -1 0 0 
vn -1 0 0 
vn -1 0 0 

vt 57.8438 -51.3096 
vt 54.1562 -51.3096 
vt 57.8438 -51.3115 
vt 54.1562 -51.3115 
vt 57.8438 -51.3131 
vt 57.8438 -51.3115 
vt 54.1562 -51.3131 
vt 54.1562 -51.3115 
vt 57.8438 -51.155 
vt 57.8438 -51.1534 
vt 54.1562 -51.155 
vt 54.1562 -51.1534 
vt 55.8925 -51.6681 
vt 55.8466 -51.3142 
vt 55.845 -51.3131 
vt 55.7471 -51.8635 
vt 55.2457 -51.4905 
vt 57.8438 -51.7543 
vt 57.8438 -51.2529 
vt 54.1562 -51.7543 
vt 54.1562 -51.2529 
vt 54.1562 -51.6681 
vt 54.1562 -51.8635 
vt 57.8438 -51.6681 
vt 57.8438 -51.8635 
vt 54.1562 -51.3142 
vt 54.1562 -51.6681 
vt 57.8438 -51.3142 
vt 57.8438 -51.6681 
vt 56.1534 -51.3142 
vt 56.1075 -51.6681 
vt 56.155 -51.3131 
vt 56.7543 -51.4905 
vt 56.2529 -51.8635 
vt 57.8438 -50.7471 
vt 57.8438 -50.2457 
vt 54.1562 -50.7471 
vt 54.1562 -50.2457 
vt 56.4562 -51.0897 
vt 56.154 -51.3096 
vt 56.1538 -51.3115 
vt 56.1522 -51.3093 
vt 57.8438 -51.3093 
vt 57.8438 -50.7113 
vt 54.1562 -51.3093 
vt 54.1562 -50.7113 
vt 54.1562 -51.154 
vt 57.8438 -51.154 
vt 54.1562 -51.1522 
vt 57.8438 -51.1522 
vt 55.846 -51.3096 
vt 55.8462 -51.3115 
vt 56.2529 -50.1365 
vt 55.8478 -51.3093 
vt 57.8438 -51.4905 
vt 57.8438 -50.1365 
vt 54.1562 -51.4905 
vt 54.1562 -50.1365 
vt 54.1562 -51.0897 
vt 54.1562 -50.7375 
vt 54.1562 -50.7071 
vt 57.8438 -50.7071 
vt 54.1562 -50.3952 
vt 57.8438 -50.3952 
vt 57.8438 -50.7106 
vt 54.1562 -50.7106 
vt 57.8438 -50.7115 
vt 54.1562 -50.7115 
vt 56.2926 -50.7113 
vt 56.2929 -50.7106 
vt 55.7074 -50.7113 
vt 55.7071 -50.7106 
vt 55.7071 -50.7115 
vt 57.8438 -50.7074 
vt 57.8438 -50.7071 
vt 54.1562 -50.7074 
vt 54.1562 -50.7071 
vt 56.2929 -50.7115 
vt 57.8438 -50.5095 
vt 54.1562 -50.5095 
vt 57.8438 -50.7106 
vt 54.1562 -50.7106 
vt 56.6048 -50.7106 
vt 56.7543 -50.5095 
vt 55.3952 -50.7106 
vt 55.2457 -50.5095 
vt 55.7471 -50.1365 
vt 56.1942 -50.7375 

usemtl Union3Mtl

f 7277/7277/7277 7278/7278/7278 7279/7279/7279 
f 7278/7278/7278 7280/7280/7280 7279/7279/7279 
f 7281/7281/7281 7282/7282/7282 7283/7283/7283 
f 7282/7282/7282 7284/7284/7284 7283/7283/7283 
f 7285/7285/7285 7286/7286/7286 7287/7287/7287 
f 7286/7286/7286 7288/7288/7288 7287/7287/7287 
f 7289/7289/7289 7290/7290/7290 7291/7291/7291 
f 7292/7292/7292 7289/7289/7289 7293/7293/7293 
f 7289/7289/7289 7291/7291/7291 7293/7293/7293 
f 7294/7294/7294 7295/7295/7295 7296/7296/7296 
f 7295/7295/7295 7297/7297/7297 7296/7296/7296 
f 7298/7298/7298 7299/7299/7299 7300/7300/7300 
f 7299/7299/7299 7301/7301/7301 7300/7300/7300 
f 7302/7302/7302 7303/7303/7303 7304/7304/7304 
f 7303/7303/7303 7305/7305/7305 7304/7304/7304 
f 7306/7306/7306 7307/7307/7307 7308/7308/7308 
f 7307/7307/7307 7309/7309/7309 7308/7308/7308 
f 7307/7307/7307 7310/7310/7310 7309/7309/7309 
f 7311/7311/7311 7312/7312/7312 7313/7313/7313 
f 7312/7312/7312 7314/7314/7314 7313/7313/7313 
f 7315/7315/7315 7316/7316/7316 7309/7309/7309 
f 7316/7316/7316 7308/7308/7308 7309/7309/7309 
f 7317/7317/7317 7308/7308/7308 7316/7316/7316 
f 7316/7316/7316 7315/7315/7315 7318/7318/7318 
f 7319/7319/7319 7320/7320/7320 7321/7321/7321 
f 7320/7320/7320 7322/7322/7322 7321/7321/7321 
f 7323/7323/7323 7324/7324/7324 7325/7325/7325 
f 7324/7324/7324 7326/7326/7326 7325/7325/7325 
f 7327/7327/7327 7293/7293/7293 7328/7328/7328 
f 7293/7293/7293 7291/7291/7291 7328/7328/7328 
f 7327/7327/7327 7329/7329/7329 7293/7293/7293 
f 7330/7330/7330 7329/7329/7329 7327/7327/7327 
f 7331/7331/7331 7332/7332/7332 7333/7333/7333 
f 7334/7334/7334 7333/7333/7333 7332/7332/7332 
f 7334/7334/7334 7335/7335/7335 7333/7333/7333 
f 7336/7336/7336 7335/7335/7335 7334/7334/7334 
f 7337/7337/7337 7338/7338/7338 7339/7339/7339 
f 7338/7338/7338 7340/7340/7340 7339/7339/7339 
f 7341/7341/7341 7342/7342/7342 7343/7343/7343 
f 7342/7342/7342 7344/7344/7344 7343/7343/7343 
f 7330/7330/7330 7345/7345/7345 7346/7346/7346 
f 7318/7318/7318 7315/7315/7315 7347/7347/7347 
f 7315/7315/7315 7348/7348/7348 7347/7347/7347 
f 7348/7348/7348 7349/7349/7349 7347/7347/7347 
f 7350/7350/7350 7351/7351/7351 7352/7352/7352 
f 7351/7351/7351 7353/7353/7353 7352/7352/7352 
f 7354/7354/7354 7346/7346/7346 7345/7345/7345 
f 7355/7355/7355 7356/7356/7356 7357/7357/7357 
f 7356/7356/7356 7358/7358/7358 7357/7357/7357 
f 7359/7359/7359 7360/7360/7360 7346/7346/7346 
f 7361/7361/7361 7348/7348/7348 7362/7362/7362 
f 7348/7348/7348 7363/7363/7363 7362/7362/7362 
f 7360/7360/7360 7329/7329/7329 7346/7346/7346 
f 7329/7329/7329 7330/7330/7330 7346/7346/7346 
f 7315/7315/7315 7364/7364/7364 7348/7348/7348 
f 7364/7364/7364 7363/7363/7363 7348/7348/7348 

