# Blender 5.1.2
# www.blender.org
mtllib model.mtl
o Object_2
v -3.835948 -1.775466 -0.682227
v -4.948932 -1.417470 0.101755
v -5.070934 -1.775468 -0.232236
v -3.835948 -1.775466 -0.682227
v -3.713946 -1.417470 -0.346235
v -4.948932 -1.417470 0.101755
v 3.488978 -1.366466 3.268720
v 4.633965 -1.314466 3.058727
v 4.633965 -1.366465 3.268723
v -3.546945 -1.110472 0.108756
v -3.413946 -1.110472 0.474749
v -4.648932 -1.110472 0.923740
v -4.781930 -1.110473 0.558746
v -3.546947 -1.314471 0.108757
v -4.781932 -1.314471 0.558748
v -4.948931 -1.366471 0.101756
v -3.546947 -1.314471 0.108757
v -4.948931 -1.366471 0.101756
v -3.713946 -1.366470 -0.346236
v 3.428981 -1.161468 3.268719
v 3.428981 -1.161468 3.058723
v 3.859976 -1.161467 3.058723
v 3.735977 -1.161468 3.268720
v 3.859974 -1.314466 3.058726
v 4.743965 -0.956471 0.075769
v 3.172984 -0.956470 1.778740
v 0.971007 -0.956472 0.069763
v 3.479980 -0.956470 1.778741
v 3.479980 -0.956470 2.085736
v 3.462981 -0.956469 3.058719
v 0.971009 -0.956470 2.460725
v 3.172984 -0.956470 2.085736
v 3.462981 -0.956469 3.058719
v 3.172984 -0.956470 2.085736
v 3.479980 -0.956470 2.085736
v 3.428977 -1.673463 3.570718
v 3.488977 -1.417465 3.268720
v 4.650962 -1.673462 3.570721
v 4.633965 -1.417465 3.268723
v -3.413945 -0.956473 0.474749
v -3.123947 -0.956472 2.648715
v -4.648931 -0.956474 0.923739
v -5.103925 -0.956473 1.960722
v -4.458930 -0.956472 3.596698
v -3.533941 -0.956472 3.570700
v 4.743967 -0.956469 3.058723
v -2.372957 -0.956473 0.069758
v -0.134979 -0.956471 2.673720
v -0.134982 -0.956472 0.069760
v 0.971007 -0.956472 0.069763
v 0.971009 -0.956470 2.460725
vn 0.2429 -0.7047 0.6666
vn 0.2413 -0.7066 0.6652
vn -0.0000 -0.9707 -0.2404
vn -0.0000 -1.0000 -0.0000
vn 0.0364 -0.9943 0.0998
vn 0.0364 -0.9943 0.1003
vn -0.0000 -0.7628 -0.6466
vt 0.000000 0.115234
vt 3.216797 6.519531
vt 0.000000 6.521484
vt 3.216797 0.115234
vt 1.505859 3.527344
vt 0.482422 -2.052734
vt 1.505859 -2.052734
vt 0.000000 2.445312
vt 1.466797 2.445312
vt 1.466797 -3.957031
vt 0.000000 -3.957031
vt 2.781250 2.445312
vt 2.781250 -3.957031
vt 1.505859 3.818359
vt 0.482422 3.818359
vt 0.482422 1.718750
vt 1.505859 2.320312
vt 0.001953 18.751949
vt 8.296875 11.093750
vt 0.000000 0.363281
vt 8.296875 12.589840
vt 9.794922 12.589840
vt 14.535160 12.507810
vt 11.621090 0.363281
vt 9.794922 11.093750
vt 14.535160 28.476559
vt 9.794922 27.062500
vt 9.794922 28.558590
vt 0.966797 1.000000
vt -1.314453 0.736328
vt 0.966797 -4.923828
vt -1.314453 -4.841797
vt 1.943359 -5.041016
vt 12.539060 -3.626953
vt 4.132812 -11.060550
vt 9.183594 -13.273439
vt 17.156250 -10.130859
vt 17.031250 -5.623047
vt 14.535160 18.751949
vt 0.000000 0.033203
vt 12.660160 10.937500
vt 0.000000 10.937500
vt 0.000000 16.332029
vt 11.621090 16.332029
s 1
usemtl Shape_131.002
f 1/1/1 2/2/1 3/3/1
s 0
f 4/1/2 5/4/2 6/2/2
f 7/5/3 8/6/3 9/7/3
f 10/8/4 11/9/4 12/10/4
f 10/8/4 12/10/4 13/11/4
f 14/12/5 15/13/5 16/11/5
f 17/12/6 18/11/6 19/8/6
f 20/14/4 21/15/4 22/16/4
f 20/14/4 22/16/4 23/17/4
f 7/5/3 24/16/3 8/6/3
f 25/18/4 26/19/4 27/20/4
f 26/19/4 25/18/4 28/21/4
f 25/18/4 29/22/4 28/21/4
f 25/18/4 30/23/4 29/22/4
f 26/19/4 31/24/4 27/20/4
f 31/24/4 26/19/4 32/25/4
f 31/24/4 32/25/4 30/23/4
f 33/26/4 34/27/4 35/28/4
f 36/29/7 37/30/7 38/31/7
f 38/31/7 37/30/7 39/32/7
f 40/33/4 41/34/4 42/35/4
f 41/34/4 43/36/4 42/35/4
f 41/34/4 44/37/4 43/36/4
f 41/34/4 45/38/4 44/37/4
f 25/18/4 46/39/4 30/23/4
f 47/40/4 48/41/4 41/34/4
f 49/42/4 48/41/4 47/40/4
f 40/33/4 47/40/4 41/34/4
f 49/42/4 50/43/4 48/41/4
f 48/41/4 50/43/4 51/44/4
o Object_3
v 0.510026 0.357518 3.625696
v -0.614962 0.357517 3.625694
v -0.614962 0.357517 3.113701
v 0.510026 0.357517 3.113703
vn -0.0000 -1.0000 -0.0000
vt 0.000000 0.998047
vt 0.966797 0.998047
vt 0.966797 0.033203
vt 0.000000 0.033203
s 0
usemtl Shape_132.002
f 52/45/8 53/46/8 54/47/8
f 52/45/8 54/47/8 55/48/8
o Object_4
v -3.533941 -0.956472 3.570700
v -4.460920 0.099520 5.344663
v -4.458930 -0.956472 3.596698
v 0.398025 0.365516 0.069750
v 0.398026 0.460515 0.703740
v -0.502964 0.460514 0.703739
v -3.533941 -0.956472 3.570700
v -3.519930 0.099520 5.345659
v -4.460920 0.099520 5.344663
v -0.502963 0.460515 1.419728
v 0.398027 0.460516 1.419729
v 0.398026 0.357518 2.034720
v -0.502964 0.357517 2.034719
v -0.502964 0.460514 0.703739
v 0.398027 0.460516 1.419729
v -0.502963 0.460515 1.419728
v 0.398026 0.460515 0.703740
v -0.502966 0.365516 0.069749
v -3.252945 -0.951472 3.254706
v -3.470942 -0.956472 3.037709
v -2.926948 -0.951472 2.929710
v -3.144947 -0.956472 2.711714
vn 0.0145 -0.8558 0.5170
vn -0.0000 -0.9890 0.1482
vn -0.0005 -0.8594 0.5113
vn -0.0000 -0.9863 -0.1652
vn -0.0000 -1.0000 -0.0000
vn 0.0115 -0.9999 0.0115
vt 0.000000 0.033203
vt 4.726562 9.984375
vt 4.478516 0.033203
vt -3.427734 -0.060547
vt -3.427734 3.027344
vt 0.966797 3.027344
vt 0.144531 10.097657
vt 0.966797 6.521484
vt -3.427734 6.521484
vt -3.427734 9.515625
vt 0.966797 9.515625
vt 0.966797 -0.060547
vt 2.462891 3.027344
vt 2.462891 0.033203
vt -2.025391 3.027344
vt -2.025391 0.033203
s 0
usemtl Shape_133.002
f 56/49/9 57/50/9 58/51/9
f 59/52/10 60/53/10 61/54/10
f 62/49/11 63/55/11 64/50/11
f 65/56/12 66/57/12 67/58/12
f 65/56/12 67/58/12 68/59/12
f 69/54/13 70/57/13 71/56/13
f 69/54/13 72/53/13 70/57/13
f 59/52/10 61/54/10 73/60/10
f 74/61/14 75/62/14 76/63/14
f 76/63/14 75/62/14 77/64/14
o Object_5
v -1.897923 2.728496 6.038634
v -1.897926 2.728496 3.478674
v 1.790036 2.728498 6.050641
v -0.996936 2.728496 3.481676
v -0.996936 2.728495 4.106665
v 3.782016 2.903497 6.553637
v 4.309001 1.893508 7.023634
v 3.102014 1.893505 6.521646
v -4.413902 1.893504 7.023616
v -3.886900 2.903495 6.553620
v -3.206916 1.893504 6.521636
v -3.535913 1.893504 7.181624
v -1.897923 2.728496 6.038634
v 3.429012 1.893506 7.181633
v 3.429012 1.893506 7.181633
v 1.790036 2.728498 6.050641
v 2.817019 2.216503 6.038646
v 3.429012 1.893506 7.181633
v -1.897923 2.728496 6.038634
v 1.790036 2.728498 6.050641
v -3.535913 1.893504 7.181624
v -2.921917 2.216502 6.038633
v -1.897923 2.728496 6.038634
v 1.790034 2.728496 3.490680
v 3.429009 1.893505 3.570689
v 3.160020 2.903495 2.916690
v 3.736005 1.893505 2.955698
v -2.918920 2.216500 3.263678
v -2.611927 1.893503 2.648693
v -0.949940 2.421498 2.905686
v -0.949940 2.421498 2.905686
v -1.587938 1.893503 2.443697
v -1.075942 2.014502 2.034703
v 2.507018 1.893504 2.648703
v 0.845041 2.421499 2.905690
v 1.483029 1.893504 2.443703
v 2.507018 1.893504 2.648703
v 2.814018 2.216502 3.263689
v 0.845041 2.421499 2.905690
v 2.814018 2.216502 3.263689
v 1.790034 2.728496 3.490680
v 0.845041 2.421499 2.905690
v 0.845041 2.421499 2.905690
v -1.897926 2.728496 3.478674
v -0.949940 2.421498 2.905686
v 1.790034 2.728496 3.490680
v -1.897926 2.728496 3.478674
v 0.845041 2.421499 2.905690
v -0.949940 2.421498 2.905686
v -1.897926 2.728496 3.478674
v -2.918920 2.216500 3.263678
v -1.897926 2.728496 3.478674
v -2.921917 2.216502 6.038633
v -2.918920 2.216500 3.263678
v -1.897926 2.728496 3.478674
v -1.897923 2.728496 6.038634
v -2.921917 2.216502 6.038633
v -1.075942 2.014502 2.034703
v -0.517933 3.623487 2.905677
v -0.996939 2.421498 3.447678
v -0.051944 3.138493 1.954697
v -0.583946 2.206500 2.753692
v -0.583947 2.206500 1.954703
v -0.051943 3.138493 2.753685
v -3.535913 1.893504 7.181624
v -2.918920 2.216500 3.263678
v -2.921917 2.216502 6.038633
v -0.949940 2.421498 2.905686
v -2.611927 1.893503 2.648693
v -1.587938 1.893503 2.443697
v -3.264909 2.903493 2.916679
v -3.840912 1.893502 2.955686
v -3.635915 1.893502 2.546693
v 3.121011 1.893504 2.341707
v 3.160020 2.903495 2.916690
v 2.507018 1.893504 2.648703
v -2.918920 2.216500 3.263678
v -3.535913 1.893504 7.181624
v -3.533915 1.893503 3.570677
v 3.736005 1.893505 2.955698
v 3.160020 2.903495 2.916690
v 3.531006 1.893504 2.546705
v 0.479043 2.206501 2.753693
v -0.051943 3.138493 2.753685
v -0.051944 3.138493 1.954697
v 0.479042 2.206501 1.954705
v -3.264909 2.903493 2.916679
v -2.611927 1.893503 2.648693
v -2.918920 2.216500 3.263678
v 4.309001 1.893508 7.023634
v 3.782016 2.903497 6.553637
v 4.317001 1.893506 6.336647
v -1.075942 2.014502 2.034703
v 0.413056 3.623488 2.905679
v -0.517933 3.623487 2.905677
v 0.971035 2.014503 2.034706
v 3.953004 1.893506 6.058652
v 3.782016 2.903497 6.553637
v 3.495009 1.893507 6.052649
v -3.886900 2.903495 6.553620
v -4.421904 1.893503 6.336633
v -4.057907 1.893503 6.058637
v 1.483029 1.893504 2.443703
v 0.845041 2.421499 2.905690
v 0.971035 2.014503 2.034706
v 2.814018 2.216502 3.263689
v 3.429012 1.893506 7.181633
v 2.817019 2.216503 6.038646
v 3.429012 1.893506 7.181633
v 2.814018 2.216502 3.263689
v 3.429009 1.893505 3.570689
v 2.814018 2.216502 3.263689
v 2.817019 2.216503 6.038646
v 1.790034 2.728496 3.490680
v 1.790034 2.728496 3.490680
v 2.817019 2.216503 6.038646
v 1.790036 2.728498 6.050641
v 0.892041 2.421499 3.447681
v 0.413056 3.623488 2.905679
v 0.971035 2.014503 2.034706
v -3.264909 2.903493 2.916679
v -2.918920 2.216500 3.263678
v -3.533915 1.893503 3.570677
v -3.264909 2.903493 2.916679
v -3.533915 1.893503 3.570677
v -3.840912 1.893502 2.955686
v 3.495009 1.893507 6.052649
v 3.782016 2.903497 6.553637
v 3.102014 1.893505 6.521646
v -3.886900 2.903495 6.553620
v -4.413902 1.893504 7.023616
v -4.421904 1.893503 6.336633
v 2.507018 1.893504 2.648703
v 3.160020 2.903495 2.916690
v 2.814018 2.216502 3.263689
v -3.264909 2.903493 2.916679
v -3.225919 1.893501 2.341696
v -2.611927 1.893503 2.648693
v 4.317001 1.893506 6.336647
v 3.782016 2.903497 6.553637
v 3.953004 1.893506 6.058652
v -3.886900 2.903495 6.553620
v -3.599912 1.893504 6.052635
v -3.206916 1.893504 6.521636
v 2.814018 2.216502 3.263689
v 3.160020 2.903495 2.916690
v 3.429009 1.893505 3.570689
v 3.531006 1.893504 2.546705
v 3.160020 2.903495 2.916690
v 3.121011 1.893504 2.341707
v -3.264909 2.903493 2.916679
v -3.635915 1.893502 2.546693
v -3.225919 1.893501 2.341696
v -3.886900 2.903495 6.553620
v -4.057907 1.893503 6.058637
v -3.599912 1.893504 6.052635
vn -0.0000 -1.0000 -0.0000
vn 0.3743 -0.2235 -0.9000
vn -0.3743 -0.2235 -0.9000
vn -0.0000 -0.8075 -0.5899
vn -0.4463 -0.8948 -0.0139
vn 0.0019 -0.8032 -0.5958
vn 0.4472 -0.8944 -0.0125
vn -0.7914 -0.4666 -0.3950
vn 0.1822 -0.8301 0.5270
vn 0.4539 -0.8306 0.3225
vn -0.1324 -0.7385 0.6612
vn -0.1822 -0.8301 0.5270
vn -0.1977 -0.6997 0.6865
vn -0.0000 -0.8815 0.4723
vn -0.0015 -0.8845 0.4666
vn 0.1985 -0.6887 0.6974
vn 0.4482 -0.8939 0.0005
vn 0.4472 -0.8944 -0.0000
vn 0.9352 -0.3507 0.0487
vn 0.8685 -0.4957 -0.0000
vn 0.4663 -0.8846 0.0005
vn 0.1324 -0.7385 0.6612
vn 0.8020 -0.4419 0.4020
vn 0.3957 -0.4659 0.7914
vn 0.4651 -0.8853 0.0003
vn -0.8020 -0.4418 0.4020
vn -0.8689 -0.4950 -0.0000
vn -0.8478 -0.5064 -0.1572
vn -0.8846 -0.4663 -0.0103
vn -0.0000 -0.4760 0.8794
vn -0.0118 -0.4417 0.8971
vn 0.5446 -0.4416 0.7130
vn -0.4539 -0.8306 0.3225
vn -0.4675 -0.8840 0.0005
vn -0.4650 -0.8853 -0.0000
vn -0.4471 -0.8945 0.0005
vn -0.4462 -0.8949 -0.0000
vn -0.9352 -0.3507 0.0487
vn -0.1568 -0.5070 -0.8475
vn 0.7914 -0.4666 -0.3950
vn 0.6754 -0.4727 0.5660
vn 0.8845 -0.4663 -0.0103
vn 0.8478 -0.5064 -0.1572
vn -0.3957 -0.4658 0.7914
vn -0.5446 -0.4416 0.7130
vn -0.6755 -0.4727 0.5660
vn 0.1568 -0.5071 -0.8475
vn -0.4013 -0.4414 0.8026
vn 0.4013 -0.4414 0.8026
vn 0.0118 -0.4417 0.8971
vt -8.000000 0.033203
vt -8.019532 6.271484
vt 0.986328 0.033203
vt -5.826172 6.271484
vt -5.820312 4.748047
vt 1.279297 2.556641
vt 2.904297 0.033203
vt -0.279297 0.033203
vt -0.529297 0.033203
vt 1.095703 2.556641
vt 2.656250 0.033203
vt 0.000000 0.033203
vt 3.960937 3.480469
vt 16.941410 0.033203
vt -1.816406 -1.648437
vt 0.941406 2.828125
vt 0.966797 0.033203
vt 12.949220 3.458984
vt 2.753906 -1.654297
vt 0.000000 2.822266
vt 0.966797 6.271484
vt -0.527344 -0.214844
vt 0.601562 2.564453
vt 1.142578 -0.214844
vt 3.492187 1.546875
vt 2.462891 0.033203
vt -1.382812 1.939453
vt 0.855469 2.222656
vt 1.593750 0.033203
vt 3.818359 1.939453
vt 2.513672 0.033203
vt -1.056641 1.546875
vt 1.279297 3.144531
vt 0.025391 -0.072266
vt 6.705078 1.531250
vt 4.400391 -0.060547
vt -2.281250 1.529297
vt 1.154297 3.123047
vt -5.269531 2.822266
vt -5.794922 0.039062
vt 0.966797 2.822266
vt 0.000000 4.693359
vt 2.582031 2.492187
vt 0.000000 2.044922
vt 1.466797 0.033203
vt 1.466797 2.044922
vt 3.751953 -1.220703
vt -5.794922 1.000000
vt 0.966797 1.000000
vt -0.078125 0.033203
vt 0.490234 2.775391
vt 0.509766 2.812500
vt 1.642578 0.033203
vt -5.044922 -1.220703
vt 0.681641 2.775391
vt 1.083984 0.033203
vt -0.527344 0.019531
vt -0.527344 2.029297
vt 0.966797 2.029297
vt 0.966797 0.019531
vt 0.806641 2.833984
vt -0.511719 1.019531
vt 4.958984 0.033203
vt 1.328125 4.490234
vt 3.599609 4.490234
vt 0.373047 2.775391
vt 0.705078 2.222656
vt 6.732422 1.000000
vt -2.814453 -0.650391
vt 0.000000 1.000000
vt 5.982422 -0.658203
vt 6.759766 -0.009766
vt -0.003906 -0.015625
vt 6.207031 2.777344
vt 0.000000 2.777344
vt -1.644531 2.072266
vt 0.966797 4.275391
vt 0.966797 -0.382812
vt 0.912109 3.626953
vt 1.927734 1.167969
vt 0.000000 0.025391
vt -0.056641 -0.492187
vt -0.015625 2.833984
vt 1.333984 0.935547
vt 1.101562 2.812500
vt -0.873047 1.261719
vt 0.025391 3.355469
vt 0.832031 0.123047
vt 0.605469 2.484375
s 0
usemtl Shape_134.002
f 78/65/15 79/66/15 80/67/15
f 81/68/15 82/69/15 79/66/15
f 83/70/16 84/71/16 85/72/16
f 86/73/17 87/74/17 88/75/17
f 89/76/18 90/77/18 91/78/18
f 92/79/19 93/80/19 94/81/19
f 95/78/20 96/77/20 97/82/20
f 98/83/21 99/76/21 100/84/21
f 80/67/15 81/68/15 101/85/15
f 80/67/15 82/69/15 81/68/15
f 102/86/22 103/87/22 104/88/22
f 105/89/23 106/90/23 107/91/23
f 108/92/24 109/93/24 110/76/24
f 111/76/25 112/94/25 113/95/25
f 114/76/26 115/96/26 116/94/26
f 117/96/27 118/97/27 119/94/27
f 120/98/28 121/99/28 122/100/28
f 123/101/29 124/99/29 125/98/29
f 126/91/30 127/102/30 128/89/30
f 129/103/31 130/81/31 131/104/31
f 132/103/32 133/105/32 134/81/32
f 135/76/33 136/106/33 137/107/33
f 138/108/34 139/109/34 140/76/34
f 138/108/34 141/110/34 139/109/34
f 142/111/35 143/112/35 144/113/35
s 1
f 145/91/36 146/90/36 147/114/36
s 0
f 148/115/37 149/81/37 150/76/37
f 151/76/38 152/116/38 153/117/38
f 154/112/39 155/111/39 156/118/39
f 157/76/40 158/119/40 159/120/40
f 160/121/41 161/122/41 162/123/41
f 160/121/41 162/123/41 163/124/41
f 164/125/42 165/81/42 166/126/42
f 167/86/43 168/87/43 169/88/43
f 170/127/44 171/128/44 172/129/44
f 170/127/44 173/76/44 171/128/44
f 174/76/45 175/130/45 176/120/45
f 177/119/46 178/76/46 179/120/46
f 180/76/47 181/131/47 182/93/47
f 183/132/48 184/133/48 185/134/48
f 186/133/49 187/132/49 188/135/49
f 189/136/50 190/137/50 191/138/50
f 192/138/51 193/137/51 194/139/51
f 195/140/52 196/141/52 197/142/52
f 198/143/53 199/144/53 200/145/53
f 201/116/54 202/117/54 203/76/54
f 204/76/55 205/116/55 206/117/55
f 207/87/56 208/86/56 209/88/56
f 210/146/57 211/147/57 212/148/57
f 213/149/58 214/117/58 215/76/58
f 216/76/59 217/119/59 218/120/59
f 219/116/60 220/76/60 221/117/60
f 222/150/61 223/151/61 224/152/61
f 225/76/62 226/130/62 227/120/62
f 228/153/63 229/81/63 230/76/63
f 231/130/64 232/76/64 233/120/64
o Object_6
v 3.128011 1.900504 2.326709
v 2.502017 1.797505 2.639703
v 3.128010 1.797505 2.326710
v 3.127997 0.454518 2.326719
v 2.503004 0.351518 2.637715
v 3.127996 0.351519 2.326721
v 2.503005 0.454517 2.637713
v -3.640929 0.352516 2.537704
v -3.849926 0.460516 2.951698
v -3.849927 0.352516 2.951698
v -3.640928 0.460515 2.537705
v -3.232933 0.352516 2.326710
v -3.232932 0.460515 2.326708
v -3.640928 0.460515 2.537705
v -3.232933 0.352516 2.326710
v -3.640928 0.460515 2.537705
v -3.640929 0.352516 2.537704
v 0.480042 2.204500 1.954706
v -0.051946 2.929493 1.914700
v 0.362043 2.170501 1.914707
v 3.128011 1.900504 2.326709
v 2.503018 1.900504 2.637702
v 2.503017 1.797505 2.637702
v -3.232920 1.793503 2.326698
v -3.640915 1.901502 2.537693
v -3.640916 1.793503 2.537694
v -3.232919 1.901502 2.326697
v -3.640916 1.793503 2.537694
v -3.849913 1.901502 2.951685
v -3.849914 1.793503 2.951685
v -3.640915 1.901502 2.537693
v 0.480042 2.204500 1.954706
v -0.051944 3.138493 1.954697
v -0.051946 2.929493 1.914700
v 0.479037 1.674505 1.954710
v 0.362039 1.761504 1.914711
v -0.466952 1.761504 1.914708
v -0.051946 2.929493 1.914700
v -0.584946 2.204500 1.954704
v -0.466948 2.170501 1.914705
v -0.051944 3.138493 1.954697
v -0.584946 2.204500 1.954704
v -0.051946 2.929493 1.914700
v 0.479037 1.674505 1.954710
v 0.480042 2.204500 1.954706
v 0.362043 2.170501 1.914707
v 0.479037 1.674505 1.954710
v 0.362043 2.170501 1.914707
v 0.362039 1.761504 1.914711
v -0.584946 2.204500 1.954704
v -0.583951 1.674505 1.954709
v -0.466952 1.761504 1.914708
v -0.584946 2.204500 1.954704
v -0.466952 1.761504 1.914708
v -0.466948 2.170501 1.914705
v -2.607939 0.460515 2.637705
v -2.607940 0.357516 2.637705
v -1.588952 0.357517 2.433711
v -0.583951 1.674505 1.954709
v 2.503017 1.797505 2.637702
v 2.503018 1.900504 2.637702
v 1.484029 1.900504 2.433703
v 1.484028 1.797504 2.433705
v 2.503004 0.351518 2.637715
v 2.503005 0.454517 2.637713
v 1.484016 0.454517 2.433715
v 1.484015 0.351518 2.433716
v -1.588951 0.460516 2.433710
v -0.605965 0.159519 2.034720
v -0.605965 0.365516 0.069749
v -0.605963 0.357517 2.034719
v -2.607926 1.900502 2.637692
v -2.607927 1.797504 2.637693
v -1.588939 1.797504 2.433697
v -1.588938 1.900503 2.433697
v -1.588938 1.900503 2.433697
v -1.075943 1.917502 2.023705
v -1.075942 2.021502 2.023704
v -1.588939 1.797504 2.433697
v 0.971034 1.917503 2.023709
v -1.075942 2.021502 2.023704
v -1.075943 1.917502 2.023705
v 0.971035 2.021502 2.023707
v -0.605962 0.357517 2.136717
v -0.605963 0.518514 0.165746
v -0.605962 0.511516 2.034717
v -0.605966 0.161517 0.069751
v 3.744991 0.454518 2.951711
v 3.744990 0.351519 2.951713
v 3.437994 0.351519 3.574702
v 3.437995 0.454518 3.574700
v 3.745004 1.900505 2.951699
v 3.745003 1.797506 2.951699
v 3.438007 1.797505 3.574691
v 3.438008 1.900505 3.574690
v 3.535993 0.454518 2.537717
v 3.744990 0.351519 2.951713
v 3.744991 0.454518 2.951711
v 3.535992 0.351519 2.537719
v 3.536006 1.900504 2.537705
v 3.536005 1.797505 2.537705
v 3.745003 1.797506 2.951699
v 3.745004 1.900505 2.951699
v 1.484028 1.797504 2.433705
v 1.484029 1.900504 2.433703
v 0.971035 2.021502 2.023707
v 0.971034 1.917503 2.023709
v 3.127997 0.454518 2.326719
v 3.127996 0.351519 2.326721
v 3.535992 0.351519 2.537719
v 3.535993 0.454518 2.537717
v 3.128011 1.900504 2.326709
v 3.128010 1.797505 2.326710
v 3.536005 1.797505 2.537705
v 3.536006 1.900504 2.537705
v -2.606940 0.460516 2.639705
v -3.232932 0.460515 2.326708
v -3.232933 0.352516 2.326710
v -2.606941 0.352516 2.639705
v -2.606927 1.901502 2.639693
v -3.232920 1.793503 2.326698
v -2.606928 1.793504 2.639693
v -3.232919 1.901502 2.326697
v -3.849927 0.352516 2.951698
v -3.542929 0.460515 3.574687
v -3.542930 0.352516 3.574690
v -3.849926 0.460516 2.951698
v -3.849914 1.793503 2.951685
v -3.849913 1.901502 2.951685
v -3.542916 1.901502 3.574677
v -3.542916 1.793503 3.574677
v 0.501022 0.161518 0.069753
v 0.501023 0.158519 2.034722
v 0.501025 0.357517 2.034720
v 0.501024 0.365516 0.069751
v 0.501025 0.357517 2.136719
v 0.501027 0.511516 2.034719
v 0.501025 0.518514 0.171749
vn 0.4472 -0.0000 0.8944
vn 0.4455 -0.0000 0.8953
vn 0.8927 -0.0000 0.4507
vn 0.4594 -0.0000 0.8882
vn 0.4594 -0.0000 0.8883
vn -0.2779 -0.1516 0.9486
vn -0.3134 -0.1785 0.9327
vn -0.0000 0.4177 0.9086
vn 0.2778 -0.1519 0.9486
vn 0.3129 -0.1785 0.9329
vn -0.3212 0.0006 0.9470
vn -0.3235 -0.0000 0.9462
vn 0.3231 0.0006 0.9464
vn 0.3210 -0.0000 0.9471
vn 0.1963 -0.0000 0.9805
vn -0.1963 -0.0000 0.9805
vn 1.0000 -0.0000 -0.0000
vn 0.6243 -0.0000 0.7812
vn -0.0000 -0.0000 1.0000
vn -0.8970 -0.0000 -0.4420
vn -0.8927 -0.0000 0.4507
vn -0.6243 -0.0000 0.7812
vn -0.4594 -0.0000 0.8882
vn -0.4594 -0.0000 0.8883
vn -0.4472 -0.0000 0.8944
vn 0.8970 -0.0000 -0.4420
vn -1.0000 -0.0000 -0.0000
vt 0.000000 1.000000
vt 6.789062 0.033203
vt 0.000000 0.033203
vt 6.789062 1.000000
vt -3.554687 0.033203
vt 0.966797 1.000000
vt 0.966797 0.033203
vt -3.554687 1.000000
vt -3.937500 0.033203
vt -3.937500 1.000000
vt 0.449219 1.000000
vt 0.449219 0.033203
vt 8.664063 0.013672
vt 10.449220 1.000000
vt -1.527344 1.019531
vt -0.376953 0.033203
vt 7.703125 0.070312
vt -3.964844 1.000000
vt 1.265625 1.000000
vt -3.068359 0.033203
vt 9.949219 0.033203
vt 8.851563 1.068359
vt 9.949219 1.000000
vt 4.880859 0.162109
vt 0.091797 0.654297
vt 4.880859 0.644531
vt -0.021484 1.000000
vt 6.304687 0.035156
vt 6.490234 1.000000
vt -0.201172 0.048828
vt -0.570312 0.033203
vt 19.388670 1.046875
vt 19.388670 0.033203
vt -0.570312 1.046875
vt 5.130859 0.644531
vt 0.328125 1.029297
vt 4.880859 1.019531
vt 0.093750 0.158203
vt -5.806641 0.033203
vt -5.806641 1.000000
vt 0.466797 1.000000
vt -4.052734 0.033203
vt -4.052734 1.000000
vt 0.468750 0.033203
vt -3.500000 0.033203
vt -3.500000 1.000000
vt -5.851562 1.000000
vt -5.851562 0.033203
vt -5.972656 0.033203
vt 0.966797 1.056641
vt -5.972656 1.056641
vt 4.880859 0.158203
vt 0.093750 0.644531
vt 4.882812 0.654297
vt -0.152344 0.644531
vt 0.095703 1.019531
vt 4.632812 1.029297
s 0
usemtl Shape_135.002
f 234/154/65 235/155/65 236/156/65
f 237/154/66 238/155/66 239/156/66
f 237/154/66 240/157/66 238/155/66
f 241/158/67 242/159/67 243/160/67
f 241/158/67 244/161/67 242/159/67
f 245/162/68 246/163/68 247/164/68
f 248/162/69 249/164/69 250/165/69
s 1
f 251/154/70 252/166/70 253/156/70
s 0
f 254/154/66 255/157/66 256/155/66
f 257/162/68 258/164/68 259/165/68
f 257/162/68 260/163/68 258/164/68
f 261/158/67 262/159/67 263/160/67
f 261/158/67 264/161/67 262/159/67
f 265/154/71 266/167/71 267/166/71
f 268/168/72 269/169/72 270/170/72
f 271/166/73 272/154/73 273/156/73
f 274/167/74 275/154/74 276/166/74
f 277/171/75 278/172/75 279/160/75
f 280/171/76 281/160/76 282/173/76
f 283/172/77 284/171/77 285/173/77
f 286/172/78 287/173/78 288/160/78
f 289/154/79 290/156/79 291/174/79
f 268/168/72 270/170/72 292/175/72
f 293/156/80 294/154/80 295/176/80
f 293/156/80 295/176/80 296/174/80
f 297/156/80 298/154/80 299/176/80
f 297/156/80 299/176/80 300/174/80
f 289/154/79 291/174/79 301/176/79
f 302/177/81 303/178/81 304/179/81
f 305/154/79 306/156/79 307/174/79
f 305/154/79 307/174/79 308/176/79
f 309/180/82 310/181/82 311/182/82
f 309/180/82 312/183/82 310/181/82
f 313/184/83 314/185/83 315/186/83
f 313/184/83 316/187/83 314/185/83
f 317/188/81 318/189/81 319/190/81
f 317/188/81 303/178/81 318/189/81
f 302/177/81 320/191/81 303/178/81
f 321/159/84 322/160/84 323/192/84
f 321/159/84 323/192/84 324/193/84
f 325/159/84 326/160/84 327/192/84
f 325/159/84 327/192/84 328/193/84
s 1
f 329/194/85 330/195/85 331/196/85
s 0
f 329/194/85 332/197/85 330/195/85
f 333/194/85 334/197/85 335/195/85
f 333/194/85 335/195/85 336/196/85
f 337/183/86 338/180/86 339/182/86
f 337/183/86 339/182/86 340/181/86
f 341/159/87 342/160/87 343/198/87
f 341/159/87 343/198/87 344/199/87
f 345/159/88 346/160/88 347/198/88
f 345/159/87 347/198/87 348/199/87
f 349/200/89 350/159/89 351/160/89
s 1
f 349/200/89 351/160/89 352/201/89
s 0
f 353/200/89 354/160/89 355/201/89
f 353/200/89 356/159/89 354/160/89
f 357/202/90 358/203/90 359/160/90
f 357/202/90 360/204/90 358/203/90
f 361/202/90 362/204/90 363/203/90
f 361/202/90 363/203/90 364/160/90
f 365/205/91 366/191/91 367/206/91
f 365/205/91 367/206/91 368/207/91
f 368/207/91 369/208/91 370/209/91
f 368/207/91 370/209/91 371/210/91
o Object_7
v 5.733953 -1.673460 6.054682
v 3.991971 -1.673461 5.976682
v 3.991971 -1.673461 5.464692
v 3.428977 -1.673463 3.570718
v 3.428978 -1.673462 6.056684
v 5.733951 -1.673462 3.570723
v 3.479977 -1.673461 5.464691
v 3.479977 -1.673461 5.976680
v -0.605966 0.161517 0.069751
v 0.501023 0.158519 2.034722
v 0.501022 0.161518 0.069753
v -0.605966 0.161517 0.069751
v -0.605965 0.159519 2.034720
v 0.501023 0.158519 2.034722
vn -0.0000 -1.0000 -0.0000
vn -0.0000 1.0000 0.0015
vn 0.0009 1.0000 0.0010
vt 0.000000 0.033203
vt 0.121094 3.503906
vt 1.119141 3.503906
vt 4.812500 4.599609
vt 0.000000 4.601562
vt 4.810547 0.033203
vt 1.119141 4.501953
vt 0.121094 4.501953
vt 0.925781 0.050781
vt 0.000000 1.000000
vt 0.925781 1.000000
vt 0.000000 0.050781
s 0
usemtl Shape_136.002
f 372/211/92 373/212/92 374/213/92
f 372/211/92 374/213/92 375/214/92
f 372/211/92 376/215/92 373/212/92
f 372/211/92 375/214/92 377/216/92
f 378/217/92 375/214/92 374/213/92
f 378/217/92 376/215/92 375/214/92
f 378/217/92 379/218/92 376/215/92
f 373/212/92 376/215/92 379/218/92
f 380/219/93 381/220/93 382/221/93
f 383/219/94 384/222/94 385/220/94
o Object_8
v 3.172984 -0.956470 1.778740
v 3.479978 -1.263467 1.778743
v 3.172981 -1.263467 1.778743
v 3.479978 -1.263467 2.085738
v 3.172984 -0.956470 2.085736
v 3.172981 -1.263467 2.085738
v 3.172984 -0.956470 2.085736
v 3.172981 -1.263467 1.778743
v 3.172981 -1.263467 2.085738
v 3.172984 -0.956470 1.778740
v 3.479980 -0.956470 1.778741
v 0.501025 0.357517 2.136719
v 0.398028 0.511516 2.034719
v 0.501027 0.511516 2.034719
v 0.398026 0.357517 2.136720
v -0.502963 0.357518 2.136717
v -0.605962 0.511516 2.034717
v -0.502963 0.511516 2.034718
v -0.605962 0.357517 2.136717
v 0.398026 0.357517 2.136720
v 0.398025 0.365516 0.069750
v 0.398026 0.518515 0.171749
v 0.398025 0.365516 0.069750
v 0.501024 0.365516 0.069751
v 0.398026 0.518515 0.171749
v 0.398028 0.511516 2.034719
v 0.398026 0.518515 0.171749
v 0.501025 0.518514 0.171749
v 0.398028 0.511516 2.034719
v 0.501025 0.518514 0.171749
v 0.501027 0.511516 2.034719
v -0.605965 0.365516 0.069749
v -0.502964 0.518514 0.165747
v -0.605963 0.518514 0.165746
v -0.502966 0.365516 0.069749
v -0.605962 0.511516 2.034717
v -0.605963 0.518514 0.165746
v -0.502964 0.518514 0.165747
v -0.502963 0.511516 2.034718
v 3.479980 -0.956470 1.778741
v 3.479978 -1.263467 2.085738
v 3.479978 -1.263467 1.778743
v 3.479980 -0.956470 2.085736
v -0.502966 0.365516 0.069749
v -0.502963 0.357518 2.136717
v -0.502963 0.511516 2.034718
v 3.479980 -0.956470 2.085736
v -0.502964 0.518514 0.165747
vn -0.0000 -0.0000 -1.0000
vn -0.0000 -0.0000 1.0000
vn -1.0000 -0.0000 -0.0000
vn -0.0000 -0.5522 -0.8337
vn 1.0000 -0.0000 -0.0000
vn -0.0000 -0.5547 0.8321
vn -0.0000 -1.0000 -0.0038
vn -0.0000 -0.5315 0.8471
vn -0.0000 -1.0000 -0.0037
vt 0.000000 1.000000
vt 0.966797 0.017578
vt 0.966797 1.000000
vt 0.000000 0.017578
vt 0.095703 5.054687
vt 0.468750 4.804687
vt 0.113281 0.078125
vt 0.539062 0.330078
vt 0.093750 0.017578
vt 0.468750 0.265625
vt 0.109375 5.117187
vt 0.539062 4.882812
s 0
usemtl Shape_137.002
f 386/223/95 387/224/95 388/225/95
f 389/225/96 390/226/96 391/224/96
f 392/223/97 393/224/97 394/225/97
f 392/223/97 395/226/97 393/224/97
f 386/223/95 396/226/95 387/224/95
f 397/227/98 398/228/98 399/228/98
f 397/227/98 400/227/98 398/228/98
f 401/229/98 402/230/98 403/230/98
f 401/229/98 404/229/98 402/230/98
f 405/227/99 406/231/99 407/232/99
f 408/231/100 409/231/100 410/232/100
f 411/228/101 412/232/101 413/232/101
f 405/227/99 407/232/99 414/228/99
f 410/232/100 409/231/100 415/232/100
f 411/228/101 413/232/101 416/228/101
f 417/233/102 418/234/102 419/234/102
f 417/233/102 420/233/102 418/234/102
f 421/230/103 422/234/103 423/234/103
f 421/230/103 423/234/103 424/230/103
f 425/226/99 426/225/99 427/224/99
f 425/226/99 428/223/99 426/225/99
f 429/233/97 430/229/97 431/230/97
f 389/225/96 432/223/96 390/226/96
f 429/233/97 431/230/97 433/234/97
o Object_9
v 3.479977 -1.673461 5.464691
v 3.991966 -2.287456 5.464697
v 3.479971 -2.287456 5.464696
v 3.991971 -1.673461 5.464692
v 3.991971 -1.673461 5.464692
v 3.991966 -2.287456 5.976688
v 3.991966 -2.287456 5.464697
v 3.991971 -1.673461 5.976682
v 3.991971 -1.673461 5.976682
v 3.479977 -1.673461 5.976680
v 3.479972 -2.287455 5.976686
v 3.991966 -2.287456 5.976688
v 3.479977 -1.673461 5.976680
v 3.479971 -2.287456 5.464696
v 3.479972 -2.287455 5.976686
v 3.479977 -1.673461 5.464691
vn -0.0000 -0.0000 -1.0000
vn 1.0000 -0.0000 -0.0000
vn -0.0000 -0.0000 1.0000
vn -1.0000 -0.0000 -0.0000
vt 0.000000 0.515625
vt 0.966797 0.017578
vt 0.000000 0.017578
vt 0.966797 0.515625
vt 0.000000 0.517578
vt 0.966797 0.517578
s 0
usemtl Shape_138.002
f 434/235/104 435/236/104 436/237/104
f 434/235/104 437/238/104 435/236/104
f 438/235/105 439/236/105 440/237/105
f 438/235/105 441/238/105 439/236/105
f 442/235/106 443/238/106 444/236/106
f 442/235/106 444/236/106 445/237/106
f 446/239/107 447/236/107 448/237/107
f 446/239/107 449/240/107 447/236/107
o Object_10
v 3.428977 -1.673463 3.570718
v 3.530981 -0.956469 3.058721
v 3.531978 -1.314466 3.058723
v -0.605963 0.357517 2.034719
v 0.501026 0.357517 3.011705
v -0.605962 0.357517 3.011704
v 0.479037 1.674505 1.954710
v -0.583952 1.521507 2.034708
v 0.479036 1.521507 2.034709
v -0.583951 1.674505 1.954709
v 0.479036 1.521507 2.034709
v 0.479038 1.727505 2.034708
v 0.479037 1.674505 1.954710
v 0.501025 0.357517 2.034720
v -0.583951 1.674505 1.954709
v -0.583951 1.727505 2.034708
v -0.583952 1.521507 2.034708
v -4.421919 0.099520 6.056651
v -4.421902 1.893504 7.694608
v -4.421918 0.099521 7.694621
v -4.421903 1.893504 6.056637
v -3.533912 1.893504 7.181620
v -4.421902 1.893504 7.694608
v -4.421903 1.893504 6.056637
v -3.533913 1.893504 6.056636
v 4.317001 1.893507 7.667626
v 3.429010 1.893506 6.056651
v 4.317000 1.893507 6.056651
v 3.429012 1.893506 7.181633
v -3.533929 0.099521 6.056650
v -3.533913 1.893504 6.056636
v -4.421903 1.893504 6.056637
v -4.421919 0.099520 6.056651
v 3.735991 0.357519 2.955712
v 3.529989 0.015522 3.055713
v 3.428995 0.357519 3.570701
v 3.530981 -0.956469 3.058721
v 3.428977 -1.673463 3.570718
v 3.529989 0.015522 3.055713
v 3.428977 -1.673463 3.570718
v 3.428995 0.357519 3.570701
v 3.529989 0.015522 3.055713
v 3.735991 0.357519 2.955712
v 3.429009 1.893505 3.570689
v 3.736005 1.893505 2.955698
v 3.428995 0.357519 3.570701
v 0.101033 0.613515 3.113700
v 0.101030 0.357518 3.011705
v 0.101033 0.613515 3.011702
v 3.530992 0.357519 2.546719
v 3.529989 0.015522 3.055713
v 3.735991 0.357519 2.955712
v 0.296036 1.246510 3.011698
v 0.296035 1.246509 2.034713
v -0.400957 1.246509 2.034710
v -0.400956 1.246509 3.011696
v -0.205964 0.613515 3.113701
v 0.101033 0.613515 3.113700
v 0.101033 0.613515 3.011702
v -0.205964 0.613515 3.011703
v 0.101030 0.357518 3.113703
v 4.316968 -1.673461 6.056683
v 4.317001 1.893507 7.667626
v 4.317000 1.893507 6.056651
v -0.205964 0.613515 3.011703
v -0.205966 0.357517 3.113701
v -0.205964 0.613515 3.113701
v -0.205966 0.357517 3.011705
v -0.400957 1.246509 2.034710
v -0.605955 1.041511 3.058697
v -0.400956 1.246510 3.058695
v -0.605957 1.041511 2.034713
v 3.428978 -1.673462 6.056684
v 3.429009 1.893505 3.570689
v 3.428977 -1.673463 3.570718
v 3.429010 1.893506 6.056651
v 3.429010 1.893506 6.056651
v 3.428978 -1.673462 6.056684
v 4.316968 -1.673461 6.056683
v -3.635929 0.357516 2.546704
v -3.225933 0.357516 2.341709
v -3.225919 1.893501 2.341696
v 3.018986 -0.956470 2.546727
v 3.017995 0.015522 2.546721
v 2.506992 -0.956470 2.648725
v 3.017995 0.015522 2.546721
v 2.507004 0.357518 2.648715
v 2.506992 -0.956470 2.648725
v 2.507004 0.357518 2.648715
v 3.120997 0.357519 2.341720
v 3.121011 1.893504 2.341707
v 2.507018 1.893504 2.648703
v -1.587938 1.893503 2.443697
v -1.587964 -0.956471 2.443721
v -1.075942 2.014502 2.034703
v -1.075969 -0.956471 2.034729
v -3.123946 -0.956472 2.546716
v -3.122938 0.015519 2.546709
v -3.325942 -0.700474 2.747711
v -3.635915 1.893502 2.546693
v -3.840926 0.357516 2.955698
v -3.635915 1.893502 2.546693
v -3.840912 1.893502 2.955686
v -3.635929 0.357516 2.546704
v -3.533929 0.357517 3.570690
v -3.533941 -0.956472 3.570700
v -3.634932 0.015519 3.055700
v -3.533941 -0.956472 3.570700
v -3.635941 -0.956472 3.058709
v -3.634932 0.015519 3.055700
v -3.123946 -0.956472 2.546716
v -3.325942 -0.700474 2.747711
v -3.325943 -0.956472 2.748713
v -3.535913 1.893504 7.181624
v -3.533941 -0.956472 3.570700
v -3.533915 1.893503 3.570677
v -3.325942 -0.700474 2.747711
v -3.122938 0.015519 2.546709
v -3.433940 -0.700474 2.856710
v -3.433940 -0.700474 2.856710
v -3.122938 0.015519 2.546709
v -3.634932 0.015519 3.055700
v -3.433940 -0.700474 2.856710
v -3.635941 -0.956472 3.058709
v -3.433942 -0.956472 2.856711
v -3.433940 -0.700474 2.856710
v -3.634932 0.015519 3.055700
v -3.635941 -0.956472 3.058709
v -0.583946 2.206500 2.753692
v -0.583947 2.206500 1.954703
v 0.501025 0.357517 2.034720
v 0.501031 1.041511 2.034715
v 0.501026 0.357517 3.011705
v -3.535937 -0.956469 7.181640
v 3.530992 0.357519 2.546719
v 3.736005 1.893505 2.955698
v 3.531006 1.893504 2.546705
v 3.735991 0.357519 2.955712
v 3.120997 0.357519 2.341720
v 3.017995 0.015522 2.546721
v 3.530992 0.357519 2.546719
v -3.634932 0.015519 3.055700
v -3.840926 0.357516 2.955698
v -3.533929 0.357517 3.570690
v -3.634932 0.015519 3.055700
v -3.635929 0.357516 2.546704
v -3.840926 0.357516 2.955698
v 0.501031 1.041511 2.034715
v 0.296035 1.246509 2.034713
v 0.501032 1.041511 3.058700
v 0.296036 1.246510 3.058697
v 3.529989 0.015522 3.055713
v 3.530992 0.357519 2.546719
v 3.017995 0.015522 2.546721
v -3.635929 0.357516 2.546704
v -3.634932 0.015519 3.055700
v -3.122938 0.015519 2.546709
v -0.605957 1.041511 2.034713
v -0.605962 0.357517 3.011704
v -0.605956 1.041512 3.011697
v -3.122938 0.015519 2.546709
v -3.225933 0.357516 2.341709
v -3.635929 0.357516 2.546704
v -3.122938 0.015519 2.546709
v -2.606941 0.352516 2.639705
v -3.225933 0.357516 2.341709
v 0.479043 2.206501 2.753693
v 0.479042 2.206501 1.954705
v -0.605963 0.357517 2.034719
v -0.205966 0.357517 3.011705
v 0.101030 0.357518 3.113703
v -0.205966 0.357517 3.113701
v 0.101030 0.357518 3.011705
v 0.971008 -0.956470 2.034732
v 0.501025 0.357517 2.034720
v -0.403967 0.189519 2.034720
v -0.605963 0.357517 2.034719
v -0.134979 -0.956471 2.034730
v -3.325942 -0.700474 2.747711
v -3.433940 -0.700474 2.856710
v -3.361940 -0.700474 2.928708
v 3.530981 -0.956469 3.058721
v 3.529989 0.015522 3.055713
v 3.018986 -0.956470 2.546727
v 3.018986 -0.956470 2.546727
v 3.529989 0.015522 3.055713
v 3.017995 0.015522 2.546721
v 1.483003 -0.956470 2.443727
v 1.483029 1.893504 2.443703
v 0.971035 2.014503 2.034706
v 0.971008 -0.956470 2.034732
v -3.225919 1.893501 2.341696
v -2.606941 0.352516 2.639705
v -2.611927 1.893503 2.648693
v -3.225933 0.357516 2.341709
v -2.606941 0.352516 2.639705
v -3.225919 1.893501 2.341696
v -3.252942 -0.700474 2.820710
v -3.325943 -0.956472 2.748713
v -3.252942 -0.700474 2.820710
v -3.252944 -0.956472 2.820714
v -3.325943 -0.956472 2.748713
v -3.325942 -0.700474 2.747711
v -3.252942 -0.700474 2.820710
v -3.433940 -0.700474 2.856710
v -3.433942 -0.956472 2.856711
v -3.361944 -0.956472 2.929711
v -3.433940 -0.700474 2.856710
v -3.361944 -0.956472 2.929711
v -3.361940 -0.700474 2.928708
v 0.501032 1.041512 3.011700
v 2.506992 -0.956470 2.648725
v 2.507018 1.893504 2.648703
v 1.483029 1.893504 2.443703
v 1.483003 -0.956470 2.443727
v -3.122938 0.015519 2.546709
v -3.123946 -0.956472 2.546716
v -2.611952 -0.956472 2.648715
v 3.120997 0.357519 2.341720
v 3.530992 0.357519 2.546719
v 3.531006 1.893504 2.546705
v 3.121011 1.893504 2.341707
v 2.507004 0.357518 2.648715
v 3.017995 0.015522 2.546721
v 3.120997 0.357519 2.341720
v -2.606941 0.352516 2.639705
v -3.122938 0.015519 2.546709
v -2.611952 -0.956472 2.648715
v 0.971035 2.014503 2.034706
v -1.075942 2.014502 2.034703
v -1.075949 1.246509 2.034710
v 0.971028 1.246510 2.034714
v 0.501033 1.246510 2.034713
v 0.971020 0.357518 2.034721
v -1.075957 0.357517 2.034717
v -0.605955 1.246510 2.034710
v -1.075969 -0.956471 2.034729
v -0.605957 1.041511 2.034713
v -0.400957 1.246509 2.034710
v -3.533929 0.357517 3.570690
v -3.840912 1.893502 2.955686
v -3.533915 1.893503 3.570677
v 0.501031 1.041511 2.034715
v 0.296035 1.246509 2.034713
v -2.611927 1.893503 2.648693
v -2.611952 -0.956472 2.648715
v -1.587964 -0.956471 2.443721
v -1.587938 1.893503 2.443697
v -3.840926 0.357516 2.955698
v -0.583947 2.206500 1.954703
v 0.479042 2.206501 1.954705
v -0.051944 3.138493 1.954697
v -0.583951 1.674505 1.954709
v 0.479037 1.674505 1.954710
v 4.317000 1.893507 6.056651
v -3.535937 -0.956469 7.181640
v -5.048895 1.893503 7.992610
v -5.048920 -0.956470 7.992623
v -3.535913 1.893504 7.181624
v 0.501026 0.357517 3.011705
v 0.501034 1.246509 3.011698
v 0.101033 0.613515 3.011702
v 0.101030 0.357518 3.011705
v -0.205964 0.613515 3.011703
v -0.605954 1.246509 3.011696
v -0.605962 0.357517 3.011704
v -0.205966 0.357517 3.011705
vn -0.9800 -0.0027 -0.1991
vn -0.0000 -1.0000 -0.0000
vn -0.0000 0.4634 0.8862
vn -1.0000 -0.0000 -0.0000
vn 1.0000 -0.0000 -0.0000
vn -0.0000 -0.0000 1.0000
vn -0.8283 0.3780 -0.4135
vn -0.9803 -0.0016 -0.1976
vn -0.9813 -0.0000 -0.1924
vn -0.8947 -0.0000 -0.4466
vn -0.7429 0.5563 0.3723
vn -0.0000 1.0000 -0.0000
vn -0.7071 0.7071 -0.0000
vn 0.4472 -0.0000 0.8944
vn 0.1954 0.0002 0.9807
vn 0.1957 -0.0000 0.9807
vn 0.6241 -0.0000 0.7813
vn 0.7049 -0.0007 0.7093
vn 0.8940 -0.0000 0.4481
vn 0.9813 -0.0000 -0.1925
vn 0.9807 -0.0016 -0.1954
vn 0.7071 0.0028 0.7071
vn 1.0000 -0.0000 0.0006
vn 0.7104 -0.0038 0.7038
vn 0.7050 0.0008 0.7092
vn 0.7071 -0.0000 0.7071
vn 0.7062 0.0015 0.7080
vn -0.8940 -0.0000 0.4481
vn -0.3714 0.5571 0.7428
vn 0.8283 0.3780 -0.4135
vn 0.7429 0.5563 0.3723
vn 0.7071 0.7071 -0.0000
vn -0.4844 0.7266 0.4873
vn 0.4844 0.7266 0.4873
vn 0.3714 0.5571 0.7428
vn -0.3987 0.3802 0.8346
vn -0.7071 0.0015 0.7071
vn -0.7050 -0.0007 0.7092
vn -0.6241 -0.0000 0.7813
vn -0.4472 -0.0067 0.8944
vn -0.4338 -0.0000 0.9010
vn 0.7022 -0.0000 -0.7120
vn 0.7071 -0.0028 -0.7071
vn -0.7120 -0.0000 0.7022
vn -0.7071 0.0028 0.7071
vn -0.1963 -0.0000 0.9805
vn -0.1954 0.0002 0.9807
vn -0.4472 -0.0000 0.8944
vn 0.4150 0.3726 0.8300
vn -0.1821 0.0075 0.9833
vn 0.8947 -0.0000 -0.4466
vn 0.1963 -0.0000 0.9805
vn 0.4724 -0.0000 0.8814
vt -0.304688 0.033203
vt 0.964844 3.527344
vt 0.964844 1.779297
vt 0.835938 0.033203
vt -1.859375 4.792969
vt 0.835938 4.792969
vt 0.183594 1.000000
vt 2.777344 0.191406
vt 0.183594 0.191406
vt 2.777344 1.000000
vt 0.791016 -2.298828
vt 0.791016 -1.294922
vt 0.984375 -1.552734
vt -1.859375 0.033203
vt 0.000000 -1.552734
vt 0.175781 -1.294922
vt 0.175781 -2.298828
vt 0.000000 -0.326172
vt 3.976562 8.416016
vt 3.976562 -0.326172
vt 0.000000 8.416016
vt 2.148437 5.515625
vt 0.000000 7.884766
vt 0.000000 0.033203
vt 2.148437 0.033203
vt 0.066406 0.167969
vt 0.066406 8.912109
vt 2.230469 8.912109
vt 2.230469 0.167969
vt 0.916016 1.058594
vt 0.457031 -0.757812
vt -0.841797 0.992188
vt 1.232422 0.033203
vt -0.039062 -3.458984
vt 1.238281 4.773437
vt -0.039062 6.443359
vt 0.876953 -0.074219
vt -0.794922 7.408203
vt 0.876953 7.408203
vt -0.794922 -0.074219
vt 0.234375 1.205078
vt 0.000000 -0.041016
vt 0.000000 1.205078
vt 1.125000 1.046875
vt -0.009766 -0.757812
vt -0.011719 1.064453
vt 2.365234 3.431641
vt 0.000000 3.431641
vt 2.365234 0.033203
vt 1.119141 0.533203
vt 0.371094 0.533203
vt 0.371094 0.033203
vt 1.119141 0.033203
vt 0.234375 -0.041016
vt 0.982422 0.033203
vt -2.941406 17.421879
vt 0.982422 17.421879
vt 0.000000 1.195312
vt 0.183594 -0.050781
vt 0.183594 1.195312
vt 0.000000 -0.050781
vt 0.000000 0.810547
vt 2.410156 -0.281250
vt 2.410156 0.810547
vt 0.000000 -0.281250
vt -4.822266 0.033203
vt 1.232422 17.421879
vt -4.822266 17.421879
vt 1.150391 17.421879
vt 1.150391 0.033203
vt -1.011719 0.033203
vt 1.232422 -0.037109
vt 0.115234 -0.037109
vt 0.115234 7.445312
vt -0.011719 4.773437
vt 1.255859 0.033203
vt 1.255859 6.443359
vt 0.982422 -0.050781
vt -0.689453 -0.050781
vt -0.689453 7.433594
vt 0.982422 7.433594
vt 1.082031 13.927730
vt 1.082031 0.033203
vt -0.513672 14.519529
vt -0.513672 0.033203
vt -1.013672 4.773437
vt -0.316406 1.281250
vt 1.232422 7.445312
vt 1.349609 -0.035156
vt 0.234375 7.449219
vt 1.349609 7.449219
vt 0.234375 -0.035156
vt 1.007812 6.443359
vt 1.007812 0.033203
vt -0.269531 4.773437
vt -0.263672 0.033203
vt -0.316406 0.033203
vt 8.783204 13.927730
vt 0.000000 13.927730
vt 0.054688 1.281250
vt 0.744141 4.773437
vt 0.750000 0.033203
vt 0.054688 0.033203
vt 1.929687 1.000000
vt 0.000000 1.039062
vt -0.205078 -0.041016
vt -0.205078 3.289062
vt 2.173828 -0.041016
vt 8.783204 0.033203
vt 0.980469 -0.083984
vt -0.134766 7.398437
vt 0.980469 7.398437
vt -0.134766 -0.083984
vt 0.978516 1.035156
vt 0.976562 -0.710937
vt -0.289062 1.041016
vt 0.177734 -0.769531
vt -0.263672 1.000000
vt 1.408203 1.000000
vt 0.822266 -0.753906
vt -0.267578 1.023438
vt 0.849609 1.000000
vt -0.951172 -0.250000
vt -0.009766 1.556641
vt 0.939453 -0.267578
vt 0.736328 1.000000
vt 1.601562 -0.763672
vt -0.162109 -0.763672
vt 1.505859 3.289062
vt -0.871094 -0.041016
vt -0.871094 3.289062
vt 0.613281 -0.759766
vt 0.615234 1.000000
vt 1.730469 1.033203
vt 1.208984 -0.763672
vt 0.000000 1.000000
vt 1.658203 1.000000
vt -0.960938 1.000000
vt 0.982422 1.039062
vt 1.505859 -0.041016
vt 1.125000 0.265625
vt 0.376953 0.765625
vt 1.125000 0.765625
vt 0.376953 0.265625
vt -3.505859 0.033203
vt -2.361328 6.443359
vt -0.154297 5.623047
vt 0.335938 6.443359
vt -0.808594 0.033203
vt 0.675781 0.033203
vt 1.048828 0.033203
vt 1.048828 0.533203
vt -0.761719 0.033203
vt -0.755859 4.773437
vt 1.000000 0.033203
vt 1.001953 4.773437
vt -0.613281 0.033203
vt -0.613281 13.927730
vt 0.982422 14.519529
vt 2.156250 7.451172
vt 0.484375 -0.033203
vt 0.484375 7.451172
vt 2.156250 -0.033203
vt 0.675781 0.531250
vt 0.234375 1.281250
vt 0.234375 0.033203
vt 0.000000 1.281250
vt 0.982422 1.281250
vt 0.732422 0.033203
vt 0.732422 1.281250
vt 2.173828 3.289062
vt -1.261719 0.033203
vt -1.261719 13.927730
vt 1.281250 13.927730
vt 1.281250 0.033203
vt 1.003906 4.773437
vt 1.099609 -0.074219
vt 0.000000 -0.074219
vt 0.000000 7.408203
vt 1.099609 7.408203
vt -0.025391 0.968750
vt 1.146484 -0.753906
vt 1.574219 1.068359
vt -0.263672 6.443359
vt -3.507812 14.519529
vt 1.480469 14.519529
vt 1.480469 10.771485
vt -3.507812 10.771485
vt -2.361328 10.771485
vt -3.505859 6.443359
vt 1.480469 6.443359
vt 0.335938 10.771485
vt 1.480469 0.033203
vt 0.335938 9.773438
vt -0.162109 10.771485
vt 1.980469 -0.046875
vt 0.306641 7.435547
vt 1.980469 7.435547
vt -2.361328 9.773438
vt -1.861328 10.771485
vt 0.732422 13.927730
vt -1.810547 0.033203
vt -1.810547 13.927730
vt 0.306641 -0.046875
vt 2.580078 2.628906
vt 0.000000 2.628906
vt 1.281250 7.169922
vt 2.580078 0.033203
vt -1.011719 17.421879
vt 0.093750 0.033203
vt 4.474609 13.927730
vt 4.474609 0.033203
vt 0.093750 13.927730
vt -2.859375 6.443359
vt -2.859375 10.771485
vt -1.884766 7.689453
vt -1.884766 6.443359
vt -1.136719 7.689453
vt -0.162109 6.443359
vt -1.136719 6.443359
s 0
usemtl Shape_139.002
f 450/241/108 451/242/108 452/243/108
f 453/244/109 454/245/109 455/246/109
f 456/247/110 457/248/110 458/249/110
f 456/247/110 459/250/110 457/248/110
f 460/251/111 461/252/111 462/253/111
f 463/254/109 454/245/109 453/244/109
f 464/255/112 465/256/112 466/257/112
f 467/258/112 468/259/112 469/260/112
f 467/258/112 470/261/112 468/259/112
f 471/262/109 472/263/109 473/264/109
f 471/262/109 473/264/109 474/265/109
f 475/263/109 476/265/109 477/264/109
f 475/263/109 478/262/109 476/265/109
f 479/266/113 480/267/113 481/268/113
f 479/266/113 481/268/113 482/269/113
f 483/270/114 484/271/114 485/272/114
f 486/273/115 487/274/115 488/275/115
f 489/274/116 490/276/116 491/275/116
f 492/277/117 493/278/117 494/279/117
f 492/277/117 495/280/117 493/278/117
f 496/281/112 497/282/112 498/283/112
f 499/284/118 500/285/118 501/286/118
f 502/287/119 503/288/119 504/264/119
f 502/287/119 504/264/119 505/289/119
f 506/290/119 507/291/119 508/292/119
f 506/290/119 508/292/119 509/293/119
f 496/281/112 510/294/112 497/282/112
f 511/295/111 512/296/111 513/297/111
f 514/298/111 515/299/111 516/300/111
f 514/298/111 517/301/111 515/299/111
f 518/302/120 519/303/120 520/304/120
f 518/302/120 521/305/120 519/303/120
f 522/306/111 523/307/111 524/273/111
f 522/306/111 525/308/111 523/307/111
f 526/309/113 527/310/113 528/311/113
f 529/312/121 530/313/121 531/314/121
f 532/264/122 533/315/122 534/316/122
f 535/315/123 536/317/123 537/316/123
f 538/318/121 539/319/121 540/320/121
f 538/318/121 540/320/121 541/321/121
f 542/322/124 543/323/124 544/324/124
f 544/324/124 543/323/124 545/325/124
f 546/311/125 547/326/125 548/327/125
f 529/312/121 531/314/121 549/328/121
f 550/329/126 551/330/126 552/331/126
f 550/329/126 553/332/126 551/330/126
f 554/333/127 555/334/127 556/335/127
f 557/334/128 558/336/128 559/335/128
f 560/311/129 561/327/129 562/337/129
f 563/338/130 564/264/130 565/339/130
f 566/327/131 567/326/131 568/340/131
f 569/340/132 570/326/132 571/341/132
f 572/340/133 573/342/133 574/343/133
f 575/340/134 576/341/134 577/342/134
f 578/344/112 464/255/112 579/345/112
f 580/346/112 581/347/112 582/348/112
f 563/338/130 583/349/130 564/264/130
f 584/350/135 585/351/135 586/352/135
f 584/350/135 587/353/135 585/351/135
f 588/354/136 589/355/136 590/356/136
f 591/357/137 592/358/137 593/359/137
f 594/360/138 595/361/138 596/362/138
f 597/305/139 598/302/139 599/303/139
f 599/303/139 598/302/139 600/304/139
f 601/363/140 602/364/140 603/365/140
f 604/366/141 605/367/141 606/368/141
f 607/369/111 608/370/111 609/371/111
f 610/372/142 611/373/142 612/374/142
s 1
f 613/375/143 614/376/143 615/377/143
s 0
f 462/253/111 616/378/111 617/379/111
f 618/380/111 608/370/111 607/369/111
f 619/381/109 620/382/109 621/383/109
f 619/381/109 622/384/109 620/382/109
f 623/385/113 624/386/113 625/387/113
f 623/385/113 626/388/113 627/389/113
f 628/390/119 629/391/119 630/392/119
f 631/393/144 632/394/144 633/395/144
f 634/395/145 635/394/145 636/396/145
f 637/397/146 638/398/146 639/399/146
f 637/397/146 639/399/146 640/295/146
f 641/400/147 642/401/147 643/402/147
f 644/403/148 645/401/148 646/400/148
f 628/390/119 630/392/119 647/404/119
f 648/264/149 649/405/149 650/406/149
f 651/264/150 652/407/150 653/405/150
f 654/408/151 655/295/151 656/409/151
f 657/408/152 658/409/152 659/410/152
f 660/411/112 582/348/112 581/347/112
f 661/412/153 662/413/153 663/414/153
s 1
f 661/412/153 663/414/153 664/415/153
s 0
f 665/416/154 666/334/154 667/336/154
f 668/417/155 669/418/155 670/419/155
f 668/417/155 670/419/155 671/420/155
f 672/421/156 673/422/156 674/423/156
f 675/424/157 676/416/157 677/336/157
f 678/425/113 679/426/113 680/427/113
f 678/425/113 680/427/113 681/428/113
f 682/429/113 683/430/113 681/428/113
f 684/431/113 685/432/113 680/427/113
f 626/388/113 685/432/113 684/431/113
f 627/389/113 626/388/113 684/431/113
f 627/389/113 684/431/113 686/433/113
f 685/432/113 687/434/113 688/435/113
f 689/436/158 690/437/158 691/438/158
f 692/439/113 682/429/113 693/440/113
f 682/429/113 624/386/113 683/430/113
f 624/386/113 623/385/113 683/430/113
f 694/441/159 695/409/159 696/442/159
f 694/441/159 696/442/159 697/443/159
f 689/436/158 698/444/158 690/437/158
f 699/445/113 700/446/113 701/447/113
f 700/446/113 699/445/113 702/448/113
f 700/446/113 702/448/113 703/264/113
f 526/309/113 528/311/113 704/449/113
f 705/450/160 706/451/160 707/452/160
f 705/450/160 708/453/160 706/451/160
f 709/454/113 710/455/113 711/456/113
f 709/454/113 711/456/113 712/457/113
f 711/456/113 710/455/113 713/458/113
f 713/458/113 710/455/113 714/435/113
f 713/458/113 715/459/113 716/460/113
f 713/458/113 714/435/113 715/459/113
o Object_11
v 3.488977 -1.417465 3.268720
v 4.633965 -1.366465 3.268723
v 4.633965 -1.417465 3.268723
v 3.488978 -1.366466 3.268720
v -4.781932 -1.314471 0.558748
v -3.546945 -1.110472 0.108756
v -4.781930 -1.110473 0.558746
v -3.546947 -1.314471 0.108757
v -3.713946 -1.417470 -0.346235
v -4.948931 -1.366471 0.101756
v -4.948932 -1.417470 0.101755
v -3.713946 -1.366470 -0.346236
v 3.735975 -1.366466 3.268723
v 3.428979 -1.366466 3.268722
v 3.428981 -1.161468 3.268719
v 3.735977 -1.161468 3.268720
v 4.633965 -1.314466 3.058727
v 3.530981 -0.956469 3.058721
v 4.633968 -0.956469 3.058722
v 3.531978 -1.314466 3.058723
v 3.859974 -1.314466 3.058726
v 3.735975 -1.366466 3.268723
v 3.735977 -1.161468 3.268720
v 3.859976 -1.161467 3.058723
v -3.413946 -1.110472 0.474749
v -3.413945 -0.956473 0.474749
v -4.648931 -0.956474 0.923739
v -4.648932 -1.110472 0.923740
vn -0.0000 -0.0000 -1.0000
vn 0.3424 -0.0000 0.9396
vn 0.3410 -0.0000 0.9401
vn -0.8611 -0.0000 -0.5085
vn 0.3417 -0.0000 0.9398
vt -2.281250 0.531250
vt 2.179687 0.033203
vt 2.179687 0.533203
vt -2.281250 0.033203
vt 3.228516 0.033203
vt 0.025391 1.000000
vt 3.228516 1.000000
vt 0.025391 0.033203
vt -2.218750 0.033203
vt 0.982422 0.533203
vt 0.982422 0.033203
vt -2.218750 0.531250
vt 0.732422 0.283203
vt 0.000000 0.283203
vt 0.000000 1.000000
vt 0.732422 1.000000
vt 2.669922 0.273438
vt 0.000000 2.029297
vt 2.671875 2.021484
vt 0.775391 0.531250
vt 0.000000 0.365234
vt 0.775391 1.000000
vt -2.218750 1.017578
vt 0.982422 1.017578
s 0
usemtl Shape_140.002
f 717/461/161 718/462/161 719/463/161
f 717/461/161 720/464/161 718/462/161
f 721/465/162 722/466/162 723/467/162
f 721/465/162 724/468/162 722/466/162
f 725/469/163 726/470/163 727/471/163
f 725/469/163 728/472/163 726/470/163
f 729/473/161 730/474/161 731/475/161
f 729/473/161 731/475/161 732/476/161
f 733/477/161 734/478/161 735/479/161
f 733/477/161 736/474/161 734/478/161
f 737/480/164 738/481/164 739/475/164
f 737/480/164 739/475/164 740/482/164
f 741/469/165 742/483/165 743/484/165
f 741/469/165 743/484/165 744/471/165
o Object_12
v -3.253941 -0.546475 3.254702
v -3.252944 -0.951472 3.255705
v -2.927948 -0.951472 2.929710
v 3.172981 -1.263467 2.085738
v 3.479978 -1.263467 1.778743
v 3.479978 -1.263467 2.085738
v 3.172981 -1.263467 1.778743
v -2.927944 -0.546475 2.928708
v -2.927948 -0.951472 2.929710
v -3.144943 -0.546476 2.711710
v -3.144943 -0.546476 2.711710
v -2.927948 -0.951472 2.929710
v -3.144947 -0.956472 2.711714
v -3.470938 -0.546475 3.037704
v -3.252944 -0.951472 3.255705
v -3.253941 -0.546475 3.254702
v -3.470942 -0.956472 3.037709
v 0.510026 0.357518 3.625696
v 0.510036 1.490508 3.625688
v -0.614951 1.490508 3.625683
v -3.253941 -0.546475 3.254702
v -2.927948 -0.951472 2.929710
v -2.927944 -0.546475 2.928708
v 0.510026 0.357517 3.113703
v 0.510036 1.484507 3.113694
v 0.510037 1.484507 3.625685
v 0.510026 0.357518 3.625696
v -0.614962 0.357517 3.625694
v -0.614952 1.484507 3.625685
v -0.614952 1.484507 3.113693
v -0.614962 0.357517 3.113701
v -0.614962 0.357517 3.625694
v 3.991966 -2.287456 5.976688
v 3.479971 -2.287456 5.464696
v 3.991966 -2.287456 5.464697
v 3.479972 -2.287455 5.976686
vn 0.7082 0.0035 0.7060
vn -0.0000 -1.0000 -0.0000
vn 0.7071 -0.0018 -0.7071
vn 0.7087 -0.0000 -0.7055
vn -0.7071 -0.0000 0.7071
vn -0.0000 -0.0000 1.0000
vn 0.7071 0.0017 0.7071
vn 1.0000 -0.0000 -0.0000
vn -1.0000 -0.0000 -0.0000
s 0
usemtl Shape_141.002
f 745//166 746//166 747//166
f 748//167 749//167 750//167
f 748//167 751//167 749//167
f 752//168 753//168 754//168
f 755//169 756//169 757//169
f 758//170 759//170 760//170
f 758//170 761//170 759//170
f 762//171 763//171 764//171
f 765//172 766//172 767//172
f 768//173 769//173 770//173
f 768//173 770//173 771//173
f 772//174 773//174 774//174
f 772//174 774//174 775//174
f 762//171 764//171 776//171
f 777//167 778//167 779//167
f 777//167 780//167 778//167
o Object_13
v -3.606936 -0.102481 -0.055251
v -3.607936 -0.040482 -0.056252
v -4.842922 -0.102482 0.392740
v -4.842921 -0.040482 0.392740
v -4.842922 -0.102482 0.392740
v -3.607936 -0.040482 -0.056252
vn 0.3407 0.0207 0.9399
vn 0.3417 -0.0000 0.9398
vt 0.000000 0.064453
vt 0.000000 1.000000
vt 6.365234 0.064453
vt 6.367187 1.000000
s 0
usemtl Shape_142.002
f 781/485/175 782/486/175 783/487/175
f 784/488/176 785/487/176 786/486/176
o Object_14
v -3.414938 -0.102481 0.473741
v -4.648922 -0.102481 0.923733
v -3.413937 -0.040482 0.474741
v -4.648922 -0.040482 0.923732
v -3.413937 -0.040482 0.474741
v -4.648922 -0.102481 0.923733
vn -0.3425 0.0207 -0.9393
vn -0.3417 -0.0000 -0.9398
vt 0.000000 0.064453
vt 6.404297 0.064453
vt -0.037109 1.000000
vt 6.396484 1.000000
s 0
usemtl Shape_143.002
f 787/489/177 788/490/177 789/491/177
f 790/492/178 791/491/178 792/490/178
o Object_15
v -5.040912 0.099520 6.979631
v -4.116921 0.099521 7.492623
v -5.048911 0.099520 7.992622
v 6.846951 -0.074476 1.954736
v 5.385967 -0.040478 1.429742
v 7.632941 -0.185477 -0.092228
v 4.772969 0.107516 -5.380153
v 6.625950 0.144518 -4.501163
v 4.265974 -0.185480 -3.415182
v 1.994997 -0.185482 -5.884148
v 4.772969 0.107516 -5.380153
v 3.418983 -0.185480 -4.715163
v 4.265974 -0.185480 -3.415182
v 3.418983 -0.185480 -4.715163
v 4.772969 0.107516 -5.380153
v 4.265974 -0.185480 -3.415182
v 6.625950 0.144518 -4.501163
v 4.546971 -0.185479 -2.391197
v 7.362942 0.062519 -3.275181
v 4.546971 -0.185479 -2.391197
v 6.625950 0.144518 -4.501163
v 7.632937 -0.185478 -2.361192
v 4.546971 -0.185479 -2.391197
v 7.362942 0.062519 -3.275181
v 4.546971 -0.185479 -2.391197
v 7.632937 -0.185478 -2.361192
v 4.613973 -0.185478 -1.493212
v 7.632941 -0.185477 -0.092228
v 4.310977 -0.074479 -0.347231
v 4.613973 -0.185478 -1.493212
v 7.632941 -0.185477 -0.092228
v 4.310977 -0.074479 -0.347231
v 7.632941 -0.185477 -0.092228
v 5.385967 -0.040478 1.429742
v 2.265000 0.193517 -2.140209
v -0.051973 0.281515 -2.238212
v 0.764013 -0.185481 -3.462188
v -6.674901 -0.074483 -0.092256
v -6.352903 0.028517 0.865729
v -7.219894 0.028516 -0.092257
v -6.352903 0.028517 0.865729
v -6.674901 -0.074483 -0.092256
v -5.300916 -0.048482 0.543736
v -7.254891 0.181516 1.852710
v -7.219894 0.028516 -0.092257
v -6.352903 0.028517 0.865729
v -6.352903 0.028517 0.865729
v -5.300916 -0.048482 0.543736
v -5.684910 -0.074481 1.954714
v -6.352903 0.028517 0.865729
v -5.684910 -0.074481 1.954714
v -7.254891 0.181516 1.852710
v 2.264996 -0.185480 -3.671182
v 2.265000 0.193517 -2.140209
v 0.764013 -0.185481 -3.462188
v 2.264996 -0.185480 -3.671182
v 3.319985 -0.185480 -3.025190
v 2.265000 0.193517 -2.140209
v 3.674981 -0.185479 -2.140203
v 2.265000 0.193517 -2.140209
v 3.319985 -0.185480 -3.025190
v 2.265001 0.072519 -1.021225
v 2.265000 0.193517 -2.140209
v 3.307988 -0.025480 -1.279219
v 2.265000 0.193517 -2.140209
v 3.674981 -0.185479 -2.140203
v 3.307988 -0.025480 -1.279219
v -0.051973 0.281515 -2.238212
v 2.265000 0.193517 -2.140209
v 1.060016 0.355516 -1.488222
v 2.265001 0.072519 -1.021225
v 1.060016 0.355516 -1.488222
v 2.265000 0.193517 -2.140209
v 5.254971 0.097522 3.386712
v 5.167971 -0.023477 2.651723
v 5.811965 0.097522 3.596708
v 6.846951 -0.074476 1.954736
v 6.588957 0.097523 3.480711
v 5.385967 -0.040478 1.429742
v 5.167971 -0.023477 2.651723
v 5.385967 -0.040478 1.429742
v 6.588957 0.097523 3.480711
v -7.254891 0.181516 1.852710
v -5.684910 -0.074481 1.954714
v -7.356886 0.422515 4.002675
v -7.356886 0.422515 4.002675
v -5.684910 -0.074481 1.954714
v -5.014915 0.098518 3.669688
v 5.811965 0.097522 3.596708
v 5.167971 -0.023477 2.651723
v 6.588957 0.097523 3.480711
v 5.811965 0.097522 3.596708
v 6.588957 0.097523 3.480711
v 6.426960 0.097523 4.403696
v -6.840889 0.576515 5.586646
v -7.356886 0.422515 4.002675
v -5.489907 0.258518 5.586649
v -5.489907 0.258518 5.586649
v -7.356886 0.422515 4.002675
v -5.014915 0.098518 3.669688
v -5.048911 0.099520 7.992622
v -6.025897 0.464517 7.098625
v -5.032912 0.099519 6.074650
v 5.731967 0.097523 4.267697
v -5.489907 0.258518 5.586649
v -5.014915 0.098518 3.669688
v -5.032912 0.099519 6.074650
v -6.840889 0.576515 5.586646
v -5.489907 0.258518 5.586649
v -6.025897 0.464517 7.098625
v -5.489907 0.258518 5.586649
v -5.032912 0.099519 6.074650
v -6.025897 0.464517 7.098625
vn -0.0000 -1.0000 -0.0000
vn -0.0375 -0.9985 0.0397
vn 0.0799 -0.9887 -0.1268
vn 0.1324 -0.9780 -0.1613
vn 0.1609 -0.9814 -0.1048
vn 0.1231 -0.9918 -0.0338
vn 0.0561 -0.9934 -0.1001
vn 0.0026 -0.9649 -0.2626
vn -0.0399 -0.9955 0.0859
vn -0.0365 -0.9985 0.0412
vn -0.0497 -0.9437 0.3270
vn -0.1831 -0.9690 0.1657
vn -0.0362 -0.9922 0.1189
vn -0.0847 -0.9935 0.0766
vn -0.0856 -0.9955 -0.0416
vn -0.1613 -0.9869 0.0056
vn 0.0334 -0.9702 0.2402
vn -0.1456 -0.9604 0.2377
vn -0.2582 -0.9605 0.1036
vn -0.1192 -0.9871 -0.1067
vn -0.2590 -0.9634 0.0687
vn -0.0443 -0.9856 0.1630
vn -0.1884 -0.9764 -0.1056
vn -0.0639 -0.9835 0.1695
vn -0.0597 -0.9930 0.1018
vn 0.0696 -0.9972 0.0263
vn -0.1665 -0.9807 0.1020
vn -0.1155 -0.9828 0.1442
vn 0.0172 -0.9932 0.1154
vn -0.2259 -0.9597 0.1669
vn -0.1298 -0.9903 0.0505
vn -0.3476 -0.9376 -0.0029
vn -0.3266 -0.9451 -0.0021
vn -0.2288 -0.9721 0.0513
vn -0.3370 -0.9415 0.0088
vt -3.099609 1.457031
vt -3.835937 0.957031
vt -3.810547 1.853516
vt 3.501953 7.535156
vt 4.076172 5.648437
vt 1.060547 6.335937
vt -1.757812 -1.421875
vt -2.302734 1.167969
vt 0.455078 -0.019531
vt -0.160156 -4.525391
vt -0.121094 -2.060547
vt 1.193359 1.218750
vt -1.701172 3.039062
vt -1.025391 4.175781
vt 1.968750 2.138672
vt 3.228516 2.935547
vt 0.351562 0.744141
vt 2.966797 0.535156
vt 1.804687 -0.712891
vt 2.556641 -0.044922
vt 1.744141 0.093750
vt 2.771484 0.380859
vt 1.550781 -0.833984
vt 1.404297 1.175781
vt 0.712891 -0.005859
vt 0.060547 -0.863281
vt -1.013672 -0.134766
vt -1.246094 0.810547
vt 0.566406 1.921875
vt -0.666016 1.697266
vt 1.845703 1.375000
vt 5.953125 7.380859
vt 5.357422 6.603516
vt 5.742187 8.109375
vt 5.068359 8.736328
vt -0.082031 2.113281
vt -0.775391 0.167969
vt 6.035156 9.460938
vt -1.416016 2.351562
vt -1.945312 1.285156
vt -2.804687 2.300781
vt -2.464844 1.105469
vt 6.416016 8.671875
s 0
usemtl Shape_144.002
f 793/493/179 794/494/179 795/495/179
f 796/496/180 797/497/180 798/498/180
f 799/499/181 800/500/181 801/501/181
s 1
f 802/502/182 803/499/182 804/503/182
s 0
f 805/501/183 806/503/183 807/499/183
f 808/501/184 809/500/184 810/504/184
f 811/505/185 812/504/185 813/500/185
f 814/506/186 815/504/186 816/505/186
f 817/504/179 818/506/179 819/507/179
f 818/506/179 820/498/179 819/507/179
f 821/508/187 822/507/187 823/498/187
f 824/508/188 825/498/188 826/497/188
f 827/509/189 828/510/189 829/511/189
f 830/512/190 831/513/190 832/514/190
f 833/513/191 834/512/191 835/515/191
f 836/516/192 837/514/192 838/513/192
f 839/513/193 840/515/193 841/517/193
f 842/513/194 843/517/194 844/516/194
f 845/518/195 846/509/195 847/511/195
f 848/518/196 849/519/196 850/509/196
f 851/520/197 852/509/197 853/519/197
f 854/521/198 855/509/198 856/522/198
f 857/509/199 858/520/199 859/522/199
f 860/510/200 861/509/200 862/523/200
f 863/521/201 864/523/201 865/509/201
f 866/524/202 867/525/202 868/526/202
f 869/496/203 870/527/203 871/497/203
f 872/525/204 873/497/204 874/527/204
f 875/516/205 876/517/205 877/528/205
f 878/528/206 879/517/206 880/529/206
f 881/526/207 882/525/207 883/527/207
f 884/526/179 885/527/179 886/530/179
f 887/531/208 888/528/208 889/532/208
f 890/532/209 891/528/209 892/529/209
f 893/495/210 894/533/210 895/534/210
f 884/526/179 886/530/179 896/535/179
f 897/532/211 898/529/211 899/534/211
f 900/531/212 901/532/212 902/533/212
f 903/532/213 904/534/213 905/533/213
o Object_16
v -3.519930 0.099520 5.345659
v -4.116921 0.099521 7.492623
v -5.040912 0.099520 6.979631
v -5.032912 0.099519 6.074650
v -4.460920 0.099520 5.344663
v 2.265001 0.072519 -1.021225
v 3.307988 -0.025480 -1.279219
v 1.995005 0.072519 0.069757
v 4.265974 -0.185480 -3.415182
v 3.319985 -0.185480 -3.025190
v 3.831977 -0.185481 -6.097141
v 4.546971 -0.185479 -2.391197
v 3.674981 -0.185479 -2.140203
v -0.774971 -0.185481 -3.025198
v -0.774972 -0.185483 -6.097149
v 4.613973 -0.185478 -1.493212
v 3.307988 -0.025480 -1.279219
v 3.674981 -0.185479 -2.140203
v 4.310977 -0.074479 -0.347231
v 4.613973 -0.185478 -1.493212
v 4.310977 -0.074479 -0.347231
v 3.674981 -0.185479 -2.140203
v 3.307988 -0.025480 -1.279219
v 4.310977 -0.074479 -0.347231
v 1.995005 0.072519 0.069757
v 4.310977 -0.074479 -0.347231
v 4.079981 -0.074479 0.469756
v 1.995005 0.072519 0.069757
v 4.618977 -0.023477 2.452724
v 4.743974 -0.040478 1.513739
v 5.167971 -0.023477 2.651723
v -4.842921 -0.040482 0.392740
v -4.648922 -0.040482 0.923732
v -5.300916 -0.048482 0.543736
v -5.684910 -0.074481 1.954714
v -5.300916 -0.048482 0.543736
v -5.103917 -0.074481 1.960714
v -4.648922 -0.040482 0.923732
v -5.103917 -0.074481 1.960714
v -5.300916 -0.048482 0.543736
v -5.684910 -0.074481 1.954714
v -5.103917 -0.074481 1.960714
v -5.014915 0.098518 3.669688
v -4.458921 0.099519 3.596689
v -5.014915 0.098518 3.669688
v -5.103917 -0.074481 1.960714
v 4.743974 -0.040478 1.513739
v 4.079981 -0.074479 0.469756
v 5.385967 -0.040478 1.429742
v 4.079981 -0.074479 0.469756
v 4.310977 -0.074479 -0.347231
v 5.385967 -0.040478 1.429742
v 4.743974 -0.040478 1.513739
v 5.385967 -0.040478 1.429742
v 5.167971 -0.023477 2.651723
v 5.254971 0.097522 3.386712
v 4.647978 0.097521 3.570707
v 5.167971 -0.023477 2.651723
v 4.647978 0.097521 3.570707
v 4.618977 -0.023477 2.452724
v 5.167971 -0.023477 2.651723
v 1.995005 0.072519 0.069757
v 0.501024 0.365516 0.069751
v 2.265001 0.072519 -1.021225
v -4.458921 0.099519 3.596689
v -4.460920 0.099520 5.344663
v -5.014915 0.098518 3.669688
v -5.032912 0.099519 6.074650
v -5.014915 0.098518 3.669688
v -4.460920 0.099520 5.344663
v 1.060016 0.355516 -1.488222
v 2.265001 0.072519 -1.021225
v 0.501024 0.365516 0.069751
v -2.365949 -0.074481 0.069749
v -2.369950 -0.074481 -0.775238
v -0.605965 0.365516 0.069749
v -0.605965 0.365516 0.069749
v 1.060016 0.355516 -1.488222
v 0.501024 0.365516 0.069751
v -2.369950 -0.074481 -0.775238
v -0.142971 0.355516 -1.488225
v -0.605965 0.365516 0.069749
v -2.365949 -0.074481 0.069749
v -3.413937 -0.040482 0.474741
v -3.607936 -0.040482 -0.056252
v -2.369950 -0.074481 -0.775238
v -2.365949 -0.074481 0.069749
v -3.607936 -0.040482 -0.056252
v 4.647978 0.097521 3.570707
v 5.254971 0.097522 3.386712
v 4.875976 0.097521 4.100699
v 5.811965 0.097522 3.596708
v 5.731967 0.097523 4.267697
v -0.142971 0.355516 -1.488225
v -3.535929 0.099520 7.181637
vn -0.0000 -1.0000 -0.0000
vn -0.0996 -0.9947 -0.0246
vn -0.1557 -0.9810 0.1159
vn -0.0562 -0.9951 0.0815
vn -0.0610 -0.9981 0.0132
vn -0.0667 -0.9976 -0.0189
vn -0.0063 -0.9998 0.0173
vn 0.0156 -0.9999 -0.0057
vn 0.0002 -0.9998 -0.0184
vn 0.0250 -0.9995 -0.0218
vn -0.0010 -0.9949 0.1008
vn 0.0149 -0.9949 0.0999
vn 0.0039 -0.9995 0.0301
vn 0.0215 -0.9997 0.0061
vn 0.0019 -0.9999 0.0142
vn 0.0475 -0.9865 0.1568
vn -0.0393 -0.9933 0.1085
vn -0.1922 -0.9802 -0.0476
vn 0.0018 -1.0000 -0.0000
vn 0.0005 -1.0000 0.0004
vn -0.2035 -0.9768 -0.0668
vn 0.2425 -0.9701 -0.0011
vn -0.0000 -1.0000 0.0064
vn 0.2103 -0.9752 0.0688
vn -0.0284 -0.9995 0.0104
vn -0.0274 -0.9996 0.0001
vt 0.353516 7.871094
vt 2.273437 10.720704
vt 3.373047 9.519532
vt 2.921875 8.201172
vt 1.728516 7.412109
vt -1.912109 5.789062
vt -3.841797 5.285156
vt -1.810547 7.917969
vt -4.878906 1.123047
vt -3.185547 1.882812
vt -2.986328 -4.103516
vt -5.824219 3.119141
vt -4.222656 3.607422
vt 4.796875 1.882812
vt 5.994141 -4.103516
vt -6.306641 4.869141
vt -6.160156 7.101562
vt -6.029297 8.699219
vt 1.417969 1.326172
vt 1.228516 -0.230469
vt 0.351562 1.722656
vt -0.123047 -0.011719
vt -0.146484 0.857422
vt 0.617188 -0.015625
vt 1.867187 1.859375
vt 1.019531 2.150391
vt 1.722656 4.693359
vt 0.875000 4.857422
vt 2.431641 -2.009766
vt 0.000000 0.033203
vt 2.050781 -3.363281
vt 0.269531 2.919922
vt 1.333984 3.193359
vt 1.101562 7.917969
vt 0.617188 4.878906
vt 6.691406 7.917969
vt 7.029297 6.269531
vt 3.259766 7.917969
vt 2.966797 4.878906
vt 8.576172 8.707031
vt 8.783204 7.605469
vt 0.916016 4.089844
vt -0.716797 3.302734
vt -0.597656 4.416016
vt 1.273437 10.546875
s 0
usemtl Shape_145.002
f 906/536/214 907/537/214 908/538/214
f 906/536/214 909/539/214 910/540/214
f 911/541/215 912/542/215 913/543/215
f 914/544/214 915/545/214 916/546/214
f 917/547/214 918/548/214 914/544/214
f 915/545/214 914/544/214 918/548/214
f 916/546/214 915/545/214 919/549/214
f 916/546/214 919/549/214 920/550/214
f 917/547/214 921/551/214 918/548/214
f 922/542/216 923/548/216 924/552/216
f 925/551/217 926/552/217 927/548/217
f 928/542/218 929/552/218 930/543/218
f 931/552/219 932/553/219 933/543/219
f 934/554/220 935/555/220 936/556/220
f 937/557/221 938/558/221 939/559/221
f 940/560/222 941/559/222 942/561/222
f 943/558/223 944/561/223 945/559/223
s 1
f 946/560/224 947/561/224 948/562/224
s 0
f 949/563/225 950/562/225 951/561/225
f 952/555/226 953/564/226 954/565/226
f 955/564/227 956/566/227 957/565/227
f 958/555/228 959/565/228 960/556/228
f 961/567/229 962/568/229 963/556/229
f 964/568/230 965/554/230 966/556/230
f 967/543/231 968/569/231 969/541/231
f 970/563/232 971/540/232 972/562/232
f 973/539/233 974/562/233 975/540/233
f 976/570/234 977/541/234 978/569/234
f 979/571/235 980/572/235 981/573/235
f 982/573/236 983/570/236 984/569/236
f 985/572/237 986/574/237 987/573/237
f 988/571/238 989/575/238 990/576/238
f 991/572/239 992/571/239 993/576/239
f 994/568/214 995/567/214 996/577/214
f 995/567/214 997/578/214 996/577/214
f 998/579/214 996/577/214 997/578/214
f 982/573/236 999/574/236 983/570/236
f 906/536/214 908/538/214 909/539/214
f 907/537/214 906/536/214 1000/580/214
o Object_17
v -5.760931 -1.775469 -4.126176
v -5.423930 -1.369473 -3.390189
v -5.718930 -1.775468 -3.317189
v -5.718930 -1.775468 -3.317189
v -5.423930 -1.369473 -3.390189
v -5.435933 -1.775468 -3.074193
v -5.435933 -1.775468 -3.074193
v -5.423930 -1.369473 -3.390189
v -4.883939 -1.775469 -3.774180
v -5.176937 -1.775469 -4.169175
v -5.423930 -1.369473 -3.390189
v -5.760931 -1.775469 -4.126176
v -4.883939 -1.775469 -3.774180
v -5.423930 -1.369473 -3.390189
v -5.176937 -1.775469 -4.169175
v -5.045939 -1.775470 -4.947162
v -5.306934 -1.570471 -4.840166
v -5.436935 -1.775470 -5.056160
v -5.451934 -1.775470 -4.551168
v -5.306934 -1.570471 -4.840166
v -5.045939 -1.775470 -4.947162
v -5.436935 -1.775470 -5.056160
v -5.306934 -1.570471 -4.840166
v -5.451934 -1.775470 -4.551168
vn 0.8047 -0.5922 -0.0418
vn 0.5562 -0.5206 -0.6478
vn -0.7137 -0.4170 -0.5628
vn 0.0346 -0.8817 0.4705
vn -0.4197 -0.8526 0.3113
vn -0.2051 -0.6453 0.7359
vn -0.6207 -0.4581 -0.6363
vn 0.8323 -0.5538 0.0247
vt 0.185547 2.123047
vt 0.552734 0.816406
vt -0.039062 0.746094
vt 0.410156 0.283203
vt 1.736328 1.365234
vt 1.322266 2.087891
vt 0.521484 1.673828
vt 0.636719 0.068359
vt 0.578125 0.474609
vt -0.093750 -0.515625
s 0
usemtl Shape_146.002
f 1001/581/240 1002/582/240 1003/583/240
f 1004/583/241 1005/582/241 1006/584/241
f 1007/584/242 1008/582/242 1009/585/242
f 1010/586/243 1011/582/243 1012/581/243
f 1013/585/244 1014/582/244 1015/586/244
s 1
f 1016/587/245 1017/588/245 1018/589/245
s 0
f 1019/590/246 1020/588/246 1021/587/246
f 1022/589/247 1023/588/247 1024/590/247
o Object_18
v -1.755961 -0.404480 -2.604204
v -2.153955 -0.387480 -1.784219
v -2.127957 -0.430479 -2.372208
v -1.755961 -0.404480 -2.604204
v -2.127957 -0.430479 -2.372208
v -2.652952 -0.546479 -3.031198
v -1.755961 -0.404480 -2.604204
v -2.154955 -0.356479 -1.397224
v -2.153955 -0.387480 -1.784219
v -2.127957 -0.430479 -2.372208
v -2.808950 -0.517479 -2.430208
v -2.652952 -0.546479 -3.031198
v -2.154955 -0.356479 -1.397224
v -2.759949 -0.455479 -1.731220
v -2.153955 -0.387480 -1.784219
v -2.154955 -0.356479 -1.397224
v -3.289944 -0.534479 -1.879217
v -2.759949 -0.455479 -1.731220
v -3.289944 -0.534479 -1.879217
v -2.808950 -0.517479 -2.430208
v -2.759949 -0.455479 -1.731220
v -3.289944 -0.534479 -1.879217
v -2.652952 -0.546479 -3.031198
v -2.808950 -0.517479 -2.430208
v -1.764962 -0.452479 -3.812185
v -3.638954 -1.775469 -4.431168
v -3.018961 -1.775469 -5.097156
v -3.638954 -1.775469 -4.431168
v -2.652952 -0.546479 -3.031198
v -4.453944 -1.775469 -3.318186
v -2.652952 -0.546479 -3.031198
v -3.638954 -1.775469 -4.431168
v -1.764962 -0.452479 -3.812185
v -1.764962 -0.452479 -3.812185
v -1.755961 -0.404480 -2.604204
v -2.652952 -0.546479 -3.031198
v -2.154955 -0.356479 -1.397224
v -3.413942 -0.445479 -0.817235
v -3.289944 -0.534479 -1.879217
vn 0.1176 -0.9900 0.0776
vn 0.1188 -0.9897 0.0796
vn 0.1217 -0.9894 0.0796
vn 0.1197 -0.9897 0.0788
vn 0.1180 -0.9898 0.0796
vn 0.1328 -0.9897 0.0529
vn 0.1254 -0.9890 0.0789
vn 0.1275 -0.9885 0.0808
vn 0.4345 -0.8047 0.4045
vn 0.4871 -0.7972 0.3567
vn 0.4369 -0.8058 0.3997
vn 0.1384 -0.9896 0.0383
vn 0.1142 -0.9888 0.0962
vt 1.839844 0.224609
vt 0.908203 -0.804687
vt 1.138672 0.138672
vt 0.460938 1.644531
vt 0.783203 -1.441406
vt 0.007812 0.779297
vt -0.128906 -0.410156
vt -0.976562 0.257812
vt 2.214844 2.208984
vt -0.943359 4.966797
vt 0.306641 5.574219
vt -2.667969 3.783203
vt -1.519531 -1.394531
s 0
usemtl Shape_147.002
f 1025/591/248 1026/592/248 1027/593/248
f 1028/591/249 1029/593/249 1030/594/249
f 1031/591/250 1032/595/250 1033/592/250
s 1
f 1034/593/251 1035/596/251 1036/594/251
s 0
f 1037/595/252 1038/597/252 1039/592/252
f 1040/595/253 1041/598/253 1042/597/253
f 1043/598/254 1044/596/254 1045/597/254
f 1046/598/255 1047/594/255 1048/596/255
f 1049/599/256 1050/600/256 1051/601/256
f 1052/600/257 1053/594/257 1054/602/257
f 1055/594/258 1056/600/258 1057/599/258
s 1
f 1058/599/259 1059/591/259 1060/594/259
s 0
f 1061/595/260 1062/603/260 1063/598/260
o Object_19
v -2.749966 -1.775470 -6.236137
v -2.749959 -1.775466 -0.232232
v -7.734905 -1.775468 -0.232240
v -7.775909 -1.775471 -6.089149
vn -0.0000 -1.0000 -0.0000
vt 2.146484 4.009766
vt 3.222656 -1.119141
vt -3.251953 -0.712891
vt -4.353516 4.292969
s 0
usemtl Shape_148.002
f 1064/604/261 1065/605/261 1066/606/261
f 1064/604/261 1066/606/261 1067/607/261
o Object_20
v -3.835948 -1.775466 -0.682227
v -4.150946 -1.775468 -1.575213
v -3.413942 -0.445479 -0.817235
v -3.413942 -0.445479 -0.817235
v -4.150946 -1.775468 -1.575213
v -4.453944 -1.775469 -3.318186
v -4.453944 -1.775469 -3.318186
v -3.289944 -0.534479 -1.879217
v -3.413942 -0.445479 -0.817235
v -4.453944 -1.775469 -3.318186
v -2.652952 -0.546479 -3.031198
v -3.289944 -0.534479 -1.879217
vn 0.8947 -0.3159 -0.3156
vn 0.8990 -0.4091 -0.1563
vn 0.6375 -0.7580 0.1380
vn 0.5077 -0.8115 0.2892
vt -2.513672 -0.980469
vt -2.742187 0.712891
vt -1.519531 -1.394531
vt -2.667969 3.783203
vt -0.976562 0.257812
vt 0.460938 1.644531
s 0
usemtl Shape_149.002
f 1068/608/262 1069/609/262 1070/610/262
f 1071/610/263 1072/609/263 1073/611/263
f 1074/611/264 1075/612/264 1076/610/264
f 1077/611/265 1078/613/265 1079/612/265
o Object_21
v -3.413937 -0.040482 0.474741
v -4.648922 -0.040482 0.923732
v -3.607936 -0.040482 -0.056252
v -4.842921 -0.040482 0.392740
vn -0.0000 -1.0000 -0.0000
vt 0.000000 1.035156
vt 3.972656 1.035156
vt 0.000000 0.033203
vt 3.972656 0.033203
s 0
usemtl Shape_150.002
f 1080/614/266 1081/615/266 1082/616/266
f 1083/617/266 1082/616/266 1081/615/266
o Object_22
v -3.414938 -0.102481 0.473741
v -3.606936 -0.102481 -0.055251
v -4.648922 -0.102481 0.923733
v -4.842922 -0.102482 0.392740
vn -0.0000 1.0000 -0.0000
vt 0.000000 1.033203
vt 0.000000 0.035156
vt 3.972656 1.035156
vt 3.972656 0.033203
s 0
usemtl Shape_151.002
f 1084/618/267 1085/619/267 1086/620/267
f 1085/619/267 1087/621/267 1086/620/267
o Object_23
v -7.603897 -0.503481 -2.348219
v -6.288910 -0.497479 -0.915239
v -6.674901 -0.074483 -0.092256
v -7.603897 -0.503481 -2.348219
v -6.674901 -0.074483 -0.092256
v -7.219894 0.028516 -0.092257
v -6.674901 -0.074483 -0.092256
v -6.288910 -0.497479 -0.915239
v -5.300916 -0.048482 0.543736
v -5.300916 -0.048482 0.543736
v -6.288910 -0.497479 -0.915239
v -4.842921 -0.040482 0.392740
v 0.764013 -0.185481 -3.462188
v -0.563967 0.479513 -3.619193
v -0.099978 -0.185481 -4.004181
v -0.051973 0.281515 -2.238212
v -0.563967 0.479513 -3.619193
v 0.764013 -0.185481 -3.462188
v -0.051973 0.281515 -2.238212
v -1.113964 0.112516 -3.557193
v -0.563967 0.479513 -3.619193
v -0.051973 0.281515 -2.238212
v -2.369950 -0.074481 -0.775238
v -2.154955 -0.356479 -1.397224
v -2.369950 -0.074481 -0.775238
v -0.051973 0.281515 -2.238212
v -0.142971 0.355516 -1.488225
v -0.142971 0.355516 -1.488225
v -0.051973 0.281515 -2.238212
v 1.060016 0.355516 -1.488222
v -3.607936 -0.040482 -0.056252
v -3.413942 -0.445479 -0.817235
v -2.369950 -0.074481 -0.775238
v -2.154955 -0.356479 -1.397224
v -2.369950 -0.074481 -0.775238
v -3.413942 -0.445479 -0.817235
v -2.154955 -0.356479 -1.397224
v -1.755961 -0.404480 -2.604204
v -1.224964 -0.121482 -2.477208
v -2.154955 -0.356479 -1.397224
v -1.224964 -0.121482 -2.477208
v -0.051973 0.281515 -2.238212
v -1.224964 -0.121482 -2.477208
v -1.755961 -0.404480 -2.604204
v -1.113964 0.112516 -3.557193
v -0.051973 0.281515 -2.238212
v -1.224964 -0.121482 -2.477208
v -1.113964 0.112516 -3.557193
v -1.113964 0.112516 -3.557193
v -1.755961 -0.404480 -2.604204
v -1.764962 -0.452479 -3.812185
vn -0.3286 -0.8938 0.3053
vn -0.1796 -0.9502 0.2546
vn -0.1631 -0.9065 0.3894
vn 0.0941 -0.9677 0.2341
vn -0.4027 -0.6526 0.6419
vn -0.4511 -0.8916 0.0394
vn 0.5051 -0.8081 -0.3031
vn 0.4269 -0.7590 0.4917
vn 0.2259 -0.9664 0.1228
vn -0.0000 -0.9952 0.0982
vn 0.2709 -0.8194 0.5052
vn 0.2777 -0.8352 0.4747
vn 0.4295 -0.8855 0.1772
vn 0.3128 -0.9477 0.0631
vn 0.4911 -0.8604 -0.1360
vn 0.3502 -0.9222 -0.1638
vn 0.6496 -0.7599 0.0254
vt 3.210937 4.232422
vt 2.388672 1.949219
vt 1.605469 1.921875
vt 1.457031 2.533203
vt 1.455078 0.019531
vt 1.705078 -0.410156
vt -1.160156 1.242188
vt -1.509766 -0.607422
vt -1.955078 -0.078125
vt 0.322266 0.455078
vt -1.492187 -1.339844
vt 1.947266 -2.310547
vt 1.169922 -2.183594
vt 1.277344 0.531250
vt 1.412109 2.171875
vt 2.734375 -3.804687
vt 1.775391 -3.744141
vt -0.337891 -1.960937
vt -0.113281 -1.203125
vt -1.892578 -2.294922
s 0
usemtl Shape_152.002
f 1088/622/268 1089/623/268 1090/624/268
f 1091/622/269 1092/624/269 1093/625/269
f 1094/624/270 1095/623/270 1096/626/270
f 1097/626/271 1098/623/271 1099/627/271
f 1100/628/272 1101/629/272 1102/630/272
f 1103/631/273 1104/629/273 1105/628/273
f 1106/631/274 1107/632/274 1108/629/274
f 1109/631/275 1110/633/275 1111/634/275
f 1112/633/276 1113/631/276 1114/635/276
f 1115/635/277 1116/631/277 1117/636/277
f 1118/637/278 1119/638/278 1120/633/278
f 1121/634/279 1122/633/279 1123/638/279
f 1124/634/280 1125/639/280 1126/640/280
f 1127/634/281 1128/640/281 1129/631/281
f 1130/640/282 1131/639/282 1132/632/282
f 1133/631/283 1134/640/283 1135/632/283
f 1136/632/284 1137/639/284 1138/641/284
o Object_24
v -7.296908 -1.147475 -4.872172
v -6.096921 -0.999478 -5.709157
v -5.933929 -1.775471 -5.462155
v -6.710919 -1.775469 -4.328176
v -7.296908 -1.147475 -4.872172
v -5.933929 -1.775471 -5.462155
v -2.867956 -0.956477 -5.468156
v -2.099958 -0.209482 -4.852171
v -2.681957 -0.893476 -4.838166
v -2.681957 -0.893476 -4.838166
v -3.018961 -1.775469 -5.097156
v -2.867956 -0.956477 -5.468156
v -1.764962 -0.452479 -3.812185
v -3.018961 -1.775469 -5.097156
v -2.681957 -0.893476 -4.838166
v -3.835948 -1.775466 -0.682227
v -3.607936 -0.040482 -0.056252
v -3.413946 -1.110472 0.474749
v -3.413946 -1.110472 0.474749
v -3.607936 -0.040482 -0.056252
v -3.414938 -0.102481 0.473741
vn -0.5046 -0.3563 -0.7864
vn -0.5130 -0.7831 -0.3515
vn 0.7505 -0.6418 -0.1574
vn 0.9274 -0.2822 -0.2456
vn 0.7634 -0.1045 -0.6374
vn 0.9394 0.0002 -0.3428
vn 0.9397 0.0006 -0.3421
vt 1.460937 0.507812
vt 0.589844 0.638672
vt 0.539062 0.126953
vt 1.507812 0.078125
vt 8.691407 0.656250
vt 8.205079 1.113281
vt 8.367188 0.669922
vt 8.623047 0.111328
vt 7.695312 0.912109
vt 0.515625 0.109375
vt 1.115234 0.996094
vt 1.939453 0.298828
vt 1.820312 0.837891
s 0
usemtl Shape_153.002
f 1139/642/285 1140/643/285 1141/644/285
f 1142/645/286 1143/642/286 1144/644/286
f 1145/646/287 1146/647/287 1147/648/287
f 1148/648/288 1149/649/288 1150/646/288
f 1151/650/289 1152/649/289 1153/648/289
f 1154/651/290 1155/652/290 1156/653/290
f 1157/653/291 1158/652/291 1159/654/291
o Object_25
v 4.079973 -0.956471 0.469762
v 1.994995 -0.956472 0.069766
v 4.079981 -0.074479 0.469756
v 1.995005 0.072519 0.069757
v 1.994995 -0.956472 0.069766
v 0.501012 -0.956472 0.069762
v 1.995005 0.072519 0.069757
v -3.413937 -0.040482 0.474741
v -2.372957 -0.956473 0.069758
v -3.413945 -0.956473 0.474749
v -3.413937 -0.040482 0.474741
v -2.365949 -0.074481 0.069749
v -2.372957 -0.956473 0.069758
v -2.372957 -0.956473 0.069758
v -2.365949 -0.074481 0.069749
v -0.605976 -0.956473 0.069760
v 0.501024 0.365516 0.069751
v -0.605965 0.365516 0.069749
vn 0.1884 -0.0000 -0.9821
vn -0.0000 -0.0000 -1.0000
vn -0.3626 -0.0000 -0.9320
vn -0.3604 0.0029 -0.9328
vt 3.015625 0.564453
vt 2.167969 0.564453
vt 3.130859 0.841797
vt 2.302734 0.888672
vt 1.560547 0.564453
vt 0.091797 0.853516
vt 0.394531 0.564453
vt -0.029297 0.564453
vt 0.511719 0.841797
vt 1.111328 0.564453
vt 1.734375 0.980469
vt 1.285156 0.980469
s 0
usemtl Shape_154.002
f 1160/655/292 1161/656/292 1162/657/292
f 1161/656/292 1163/658/292 1162/657/292
f 1164/656/293 1165/659/293 1166/658/293
f 1167/660/294 1168/661/294 1169/662/294
f 1170/660/295 1171/663/295 1172/661/295
f 1173/661/293 1174/663/293 1175/664/293
f 1166/658/293 1165/659/293 1176/665/293
f 1174/663/293 1177/666/293 1175/664/293
o Object_26
v 4.875976 0.097521 4.100699
v 4.649962 -1.673462 3.570721
v 4.647978 0.097521 3.570707
v 4.876960 -1.673462 4.101714
v 4.649962 -1.673462 3.570721
v 4.875976 0.097521 4.100699
vn 0.9186 0.0010 -0.3952
vn 0.9195 0.0003 -0.3931
vt 2.083984 0.919922
vt 1.548828 0.302734
vt 1.826172 0.919922
vt 1.806641 0.302734
s 0
usemtl Shape_155.002
f 1178/667/296 1179/668/296 1180/669/296
f 1181/670/297 1182/668/297 1183/667/297
o Object_27
v -4.454939 -1.102476 -5.807153
v -4.353938 -0.635481 -6.408147
v -3.561945 -0.445482 -6.450147
v -6.288910 -0.497479 -0.915239
v -7.603897 -0.503481 -2.348219
v -6.915917 -1.775469 -2.997195
v -6.096924 -1.775468 -1.666214
v -6.288910 -0.497479 -0.915239
v -6.915917 -1.775469 -2.997195
v -6.915917 -1.775469 -2.997195
v -7.603897 -0.503481 -2.348219
v -6.710919 -1.775469 -4.328176
v -7.296908 -1.147475 -4.872172
v -6.710919 -1.775469 -4.328176
v -8.069893 -0.546481 -3.372203
v -7.603897 -0.503481 -2.348219
v -8.069893 -0.546481 -3.372203
v -6.710919 -1.775469 -4.328176
v -2.099958 -0.209482 -4.852171
v -1.764962 -0.452479 -3.812185
v -2.681957 -0.893476 -4.838166
v -2.099958 -0.209482 -4.852171
v -2.867956 -0.956477 -5.468156
v -3.561945 -0.445482 -6.450147
v -4.454939 -1.102476 -5.807153
v -3.561945 -0.445482 -6.450147
v -2.867956 -0.956477 -5.468156
v 5.887975 1.020516 6.782650
v 5.847968 0.087524 6.618656
v 7.265962 1.121514 5.312675
v -5.070934 -1.775468 -0.232236
v -4.842921 -0.040482 0.392740
v -6.288910 -0.497479 -0.915239
v -6.288910 -0.497479 -0.915239
v -6.096924 -1.775468 -1.666214
v -5.070934 -1.775468 -0.232236
v 5.733952 -1.673462 4.269712
v 6.560956 -0.242474 4.912690
v 5.578965 -0.445471 6.562664
v 4.651965 -1.673461 5.818686
v 5.733952 -1.673462 4.269712
v 5.578965 -0.445471 6.562664
v 4.651965 -1.673461 5.818686
v 5.578965 -0.445471 6.562664
v 4.316982 -0.072475 6.056666
v 5.847968 0.087524 6.618656
v 4.316982 -0.072475 6.056666
v 5.578965 -0.445471 6.562664
v 5.847968 0.087524 6.618656
v 5.578965 -0.445471 6.562664
v 6.560956 -0.242474 4.912690
v 6.560956 -0.242474 4.912690
v 7.265962 1.121514 5.312675
v 5.847968 0.087524 6.618656
v 5.847968 0.087524 6.618656
v 5.291984 1.048516 6.831645
v 4.316982 -0.072475 6.056666
v 5.291984 1.048516 6.831645
v 5.847968 0.087524 6.618656
v 5.887975 1.020516 6.782650
v 6.177978 1.503512 6.916642
v 5.887975 1.020516 6.782650
v 7.410964 1.628510 5.656664
v 3.853974 -1.673461 6.056678
v 4.651965 -1.673461 5.818686
v 4.316982 -0.072475 6.056666
v 4.743966 -0.956470 1.513747
v 4.079973 -0.956471 0.469762
v 4.743974 -0.040478 1.513739
v 4.079981 -0.074479 0.469756
v 4.743974 -0.040478 1.513739
v 4.618977 -0.023477 2.452724
v 4.743966 -0.956470 1.513747
v 4.618968 -0.956469 2.452733
v 7.410964 1.628510 5.656664
v 5.887975 1.020516 6.782650
v 7.265962 1.121514 5.312675
v 5.887975 1.020516 6.782650
v 6.177978 1.503512 6.916642
v 5.291984 1.048516 6.831645
v 8.138966 2.675500 6.493648
v 8.138966 2.633502 7.477627
v 7.743965 2.123506 6.299652
v 8.138966 2.675500 6.493648
v 7.743965 2.123506 6.299652
v 7.410964 1.628510 5.656664
v 7.410964 1.628510 5.656664
v 7.743965 2.123506 6.299652
v 6.177978 1.503512 6.916642
v 7.743965 2.123506 6.299652
v 8.138966 2.633502 7.477627
v 7.111974 2.242505 7.243634
v 7.111974 2.242505 7.243634
v 6.177978 1.503512 6.916642
v 7.743965 2.123506 6.299652
v 8.138966 2.633502 7.477627
v 6.869978 2.419503 7.284635
v 7.111974 2.242505 7.243634
v 4.618977 -0.023477 2.452724
v 4.647978 0.097521 3.570707
v 4.618968 -0.956469 2.452733
v 4.647978 0.097521 3.570707
v 4.649962 -1.673462 3.570721
v 4.618968 -0.956469 2.452733
v 6.869978 2.419503 7.284635
v 6.177978 1.503512 6.916642
v 7.111974 2.242505 7.243634
v 5.291984 1.048516 6.831645
v 6.177978 1.503512 6.916642
v 6.869978 2.419503 7.284635
v -4.454939 -1.102476 -5.807153
v -5.933929 -1.775471 -5.462155
v -6.096921 -0.999478 -5.709157
v -7.929896 -0.546481 -4.757181
v -7.296908 -1.147475 -4.872172
v -8.069893 -0.546481 -3.372203
v -7.603897 -0.503481 -2.348219
v -8.243876 0.909507 -1.742241
v -8.069893 -0.546481 -3.372203
v -6.428914 -0.546482 -6.081157
v -6.096921 -0.999478 -5.709157
v -7.296908 -1.147475 -4.872172
v -6.428914 -0.546482 -6.081157
v -7.296908 -1.147475 -4.872172
v -7.929896 -0.546481 -4.757181
v -6.428914 -0.546482 -6.081157
v -4.353938 -0.635481 -6.408147
v -4.454939 -1.102476 -5.807153
v -6.428914 -0.546482 -6.081157
v -4.454939 -1.102476 -5.807153
v -6.096921 -0.999478 -5.709157
v -3.018961 -1.775469 -5.097156
v -3.964951 -1.775470 -5.587150
v -2.867956 -0.956477 -5.468156
v -4.454939 -1.102476 -5.807153
v -3.964951 -1.775470 -5.587150
v -5.933929 -1.775471 -5.462155
v -2.867956 -0.956477 -5.468156
v -3.964951 -1.775470 -5.587150
v -4.454939 -1.102476 -5.807153
vn 0.1589 -0.7924 -0.5890
vn -0.5900 -0.5967 0.5439
vn -0.7807 -0.3996 0.4804
vn -0.8990 -0.4156 -0.1385
vn -0.6968 -0.7136 -0.0732
vn -0.5310 -0.8014 0.2753
vn 0.7042 -0.6068 -0.3686
vn 0.7348 -0.2290 -0.6385
vn 0.1933 -0.8078 -0.5569
vn 0.7265 -0.1491 0.6708
vn -0.6247 -0.1907 0.7572
vn -0.7377 -0.4210 0.5278
vn 0.7277 -0.5829 0.3614
vn 0.5897 -0.6947 0.4119
vn -0.4181 -0.2185 0.8817
vn -0.3508 0.0790 0.9331
vn 0.7929 -0.4440 0.4173
vn 0.7536 -0.5108 0.4138
vn -0.2875 -0.3628 0.8864
vn 0.0725 -0.1757 0.9818
vn 0.6299 -0.5345 0.5634
vn 0.2848 -0.0824 0.9550
vn 0.8438 -0.0000 -0.5367
vn 0.9913 -0.0000 0.1320
vn 0.6268 -0.5522 0.5497
vn 0.0640 -0.3023 0.9511
vn 0.8171 -0.5760 -0.0246
vn 0.8066 -0.5900 0.0365
vn 0.4654 -0.8013 0.3759
vn 0.2785 -0.9119 0.3014
vn 0.4714 -0.7788 0.4138
vn -0.0862 -0.3351 0.9382
vn 0.9997 -0.0000 -0.0259
vn 0.9996 0.0011 -0.0270
vn -0.0756 -0.3220 0.9437
vn 0.1569 -0.4679 0.8697
vn -0.0763 -0.3169 -0.9454
vn -0.6935 -0.7170 -0.0701
vn -0.7741 -0.5109 0.3737
vn -0.3272 -0.7313 -0.5985
vn -0.5788 -0.4841 -0.6562
vn -0.1311 -0.7720 -0.6219
vn -0.0860 -0.6692 -0.7381
vn 0.4135 -0.4379 -0.7983
vn -0.0594 -0.3490 -0.9353
vn 0.2200 -0.1547 -0.9632
vt 9.558594 0.576172
vt 9.578125 0.904297
vt 9.228516 1.031250
vt 4.218750 0.757812
vt 3.037109 0.814453
vt 2.652344 0.019531
vt 4.042969 -0.035156
vt 1.507812 0.078125
vt 1.460937 0.507812
vt 2.423828 0.832031
vt 8.205079 1.113281
vt 7.695312 0.912109
vt 8.367188 0.669922
vt 8.691407 0.656250
vt 0.687500 0.798828
vt 0.650391 0.667969
vt -0.214844 0.820312
vt 4.970703 -0.097656
vt 5.066406 0.996094
vt -0.076172 0.398438
vt -0.125000 0.617188
vt 0.716797 0.589844
vt 0.761719 0.396484
vt 0.933594 0.613281
vt 0.884766 0.792969
vt 0.640625 0.871094
vt -0.148438 0.896484
vt 1.082031 0.386719
vt 0.658203 0.552734
vt 0.150391 0.552734
vt 0.824219 0.919922
vt 0.287109 0.859375
vt 1.261719 0.876953
vt 1.115234 0.552734
vt 0.615234 0.677734
vt 0.583984 0.773438
vt 0.783203 0.671875
vt -0.101562 1.060547
vt 0.220703 1.066406
vt -0.041016 0.976562
vt 0.458984 0.992188
vt 0.544922 1.013672
vt 1.826172 0.919922
vt 1.548828 0.302734
vt 10.519529 0.126953
vt 10.570310 0.638672
vt 1.708984 0.890625
vt 0.220703 0.560547
vt 0.046875 0.992188
vt 0.859375 0.562500
vt 0.681641 0.949219
vt 0.589844 0.638672
vt 10.662109 0.949219
vt 8.623047 0.111328
vt 9.242188 0.132812
s 0
usemtl Shape_156.002
f 1184/671/298 1185/672/298 1186/673/298
f 1187/674/299 1188/675/299 1189/676/299
f 1190/677/300 1191/674/300 1192/676/300
f 1193/676/301 1194/675/301 1195/678/301
f 1196/679/302 1197/678/302 1198/680/302
f 1199/675/303 1200/680/303 1201/678/303
f 1202/681/304 1203/682/304 1204/683/304
f 1205/681/305 1206/684/305 1207/673/305
f 1208/671/306 1209/673/306 1210/684/306
s 1
f 1211/685/307 1212/686/307 1213/687/307
s 0
f 1214/688/308 1215/689/308 1216/674/308
f 1217/674/309 1218/677/309 1219/688/309
f 1220/690/310 1221/691/310 1222/692/310
f 1223/693/311 1224/690/311 1225/692/311
f 1226/693/312 1227/692/312 1228/694/312
f 1229/686/313 1230/694/313 1231/692/313
f 1232/686/314 1233/692/314 1234/691/314
f 1235/691/315 1236/687/315 1237/686/315
f 1238/686/316 1239/695/316 1240/694/316
f 1241/695/317 1242/686/317 1243/685/317
f 1244/696/318 1245/685/318 1246/697/318
f 1247/698/319 1248/693/319 1249/694/319
f 1250/699/320 1251/700/320 1252/701/320
f 1251/700/320 1253/702/320 1252/701/320
f 1254/701/321 1255/703/321 1256/699/321
f 1257/704/321 1256/699/321 1255/703/321
f 1258/697/322 1259/685/322 1260/687/322
f 1261/705/323 1262/706/323 1263/707/323
f 1264/708/324 1265/709/324 1266/710/324
f 1267/708/325 1268/710/325 1269/697/325
f 1270/697/326 1271/710/326 1272/696/326
f 1273/710/327 1274/709/327 1275/711/327
f 1276/711/328 1277/696/328 1278/710/328
f 1279/709/329 1280/712/329 1281/711/329
f 1282/703/330 1283/713/330 1284/704/330
f 1285/713/331 1286/714/331 1287/704/331
f 1288/712/332 1289/696/332 1290/711/332
f 1291/695/333 1292/696/333 1293/712/333
f 1294/671/334 1295/715/334 1296/716/334
f 1297/717/335 1298/679/335 1299/680/335
f 1300/718/336 1301/719/336 1302/720/336
f 1303/721/337 1304/722/337 1305/679/337
f 1306/721/338 1307/679/338 1308/717/338
f 1309/723/339 1310/672/339 1311/671/339
f 1312/723/340 1313/671/340 1314/716/340
f 1315/724/341 1316/725/341 1317/684/341
f 1318/671/342 1319/725/342 1320/715/342
f 1321/684/343 1322/725/343 1323/671/343
o Object_28
v 6.560956 -0.242474 4.912690
v 5.731967 0.097523 4.267697
v 6.426960 0.097523 4.403696
v 6.560956 -0.242474 4.912690
v 5.733952 -1.673462 4.269712
v 5.731967 0.097523 4.267697
v 5.731967 0.097523 4.267697
v 5.733952 -1.673462 4.269712
v 4.875976 0.097521 4.100699
v 5.733952 -1.673462 4.269712
v 4.876960 -1.673462 4.101714
v 4.875976 0.097521 4.100699
vn 0.1120 -0.8125 -0.5722
vn 0.6140 -0.0002 -0.7893
vn 0.1915 -0.0009 -0.9815
vn 0.1924 -0.0005 -0.9813
vt 0.960938 0.697266
vt 0.531250 0.810547
vt 0.871094 0.792969
vt 0.421875 0.345703
vt 0.111328 0.833984
vt 0.001953 0.369141
s 0
usemtl Shape_157.002
f 1324/726/344 1325/727/344 1326/728/344
f 1327/726/345 1328/729/345 1329/727/345
f 1330/727/346 1331/729/346 1332/730/346
f 1333/729/347 1334/731/347 1335/730/347
o Object_29
v 6.426960 0.097523 4.403696
v 7.265962 1.121514 5.312675
v 6.560956 -0.242474 4.912690
v -4.648922 -0.040482 0.923732
v -4.842921 -0.040482 0.392740
v -4.648932 -1.110472 0.923740
v -4.842921 -0.040482 0.392740
v -5.070934 -1.775468 -0.232236
v -4.648932 -1.110472 0.923740
vn 0.8469 -0.3114 -0.4310
vn -0.9393 -0.0000 0.3432
vn -0.9393 -0.0001 0.3430
vt 0.871094 0.792969
vt 1.416016 1.035156
vt 0.960938 0.697266
vt 0.326172 0.914062
vt 0.738281 1.021484
vt 0.203125 0.400391
vt 1.003906 0.216797
s 0
usemtl Shape_158.002
f 1336/732/348 1337/733/348 1338/734/348
f 1339/735/349 1340/736/349 1341/737/349
f 1342/736/350 1343/738/350 1344/737/350
o Object_30
v -3.413942 -0.445478 -0.817235
v -3.607936 -0.040482 -0.056252
v -3.835948 -1.775466 -0.682227
vn 0.8987 -0.2485 0.3613
vt 0.337891 0.994141
vt 1.115234 0.996094
vt 0.515625 0.109375
s 0
usemtl Shape_159.002
f 1345/739/351 1346/740/351 1347/741/351
o Object_31
v 7.958946 1.184510 -4.042178
v 6.625950 0.144518 -4.501163
v 7.114956 1.491506 -5.212162
v -7.254891 0.181516 1.852710
v -8.243865 1.743503 4.002662
v -8.243870 1.430505 1.954697
v -7.254891 0.181516 1.852710
v -7.356886 0.422515 4.002675
v -8.243865 1.743503 4.002662
v -7.254891 0.181516 1.852710
v -8.243870 1.430505 1.954697
v -8.243873 1.264504 -0.092269
v -7.254891 0.181516 1.852710
v -8.243873 1.264504 -0.092269
v -7.219894 0.028516 -0.092257
v -8.243873 1.264504 -0.092269
v -8.243876 0.909507 -1.742241
v -7.219894 0.028516 -0.092257
v -7.603897 -0.503481 -2.348219
v -7.219894 0.028516 -0.092257
v -8.243876 0.909507 -1.742241
v -7.356886 0.422515 4.002675
v -8.243861 2.094501 6.050628
v -8.243865 1.743503 4.002662
v -7.356886 0.422515 4.002675
v -6.840889 0.576516 5.586646
v -8.243861 2.094501 6.050628
v 6.625950 0.144518 -4.501163
v 7.958946 1.184510 -4.042178
v 7.362942 0.062520 -3.275181
v 7.958946 1.184510 -4.042178
v 8.138945 1.283509 -2.416203
v 7.362942 0.062520 -3.275181
v 8.138948 1.221511 -0.092238
v 7.782945 0.573516 -0.092235
v 8.138945 1.283509 -2.416203
v 4.037983 0.785510 -6.722138
v 5.697969 1.258506 -6.236147
v 4.772969 0.107517 -5.380153
v 6.625950 0.144518 -4.501163
v 4.772969 0.107517 -5.380153
v 5.697969 1.258506 -6.236147
v 5.697969 1.258506 -6.236147
v 7.114956 1.491506 -5.212162
v 6.625950 0.144518 -4.501163
v 1.994997 -0.185482 -5.884148
v 4.037983 0.785510 -6.722138
v 4.772969 0.107517 -5.380153
v 7.632937 -0.185478 -2.361192
v 7.362942 0.062520 -3.275181
v 8.138945 1.283509 -2.416203
v 4.037983 0.785510 -6.722138
v 1.994997 -0.185482 -5.884148
v 2.017005 0.723510 -6.247149
v 2.012008 1.104506 -6.905142
v 4.037983 0.785510 -6.722138
v 2.017005 0.723510 -6.247149
v 7.632937 -0.185478 -2.361192
v 8.138945 1.283509 -2.416203
v 7.782945 0.573516 -0.092235
v -2.206951 0.611509 -6.564151
v -0.836965 0.550511 -5.205169
v -1.587959 0.272514 -4.790174
v -2.206951 0.611509 -6.564151
v -1.587959 0.272514 -4.790174
v -2.099958 -0.209482 -4.852171
v -2.206951 0.611509 -6.564151
v -2.099958 -0.209482 -4.852171
v -3.561945 -0.445482 -6.450147
v -2.206951 0.611509 -6.564151
v -0.032971 1.027506 -6.819147
v -0.836965 0.550511 -5.205169
v 7.632937 -0.185478 -2.361192
v 7.782945 0.573516 -0.092235
v 7.632941 -0.185476 -0.092228
v 2.017005 0.723510 -6.247149
v 0.213024 0.680509 -6.256151
v 2.012008 1.104506 -6.905142
v -0.032971 1.027506 -6.819147
v 2.012008 1.104506 -6.905142
v 0.213024 0.680509 -6.256151
v 1.994997 -0.185482 -5.884148
v 0.777011 -0.185482 -5.750152
v 2.017005 0.723510 -6.247149
v 0.213024 0.680509 -6.256151
v 2.017005 0.723510 -6.247149
v 0.777011 -0.185482 -5.750152
v -0.032971 1.027506 -6.819147
v 0.213024 0.680509 -6.256151
v -0.836965 0.550511 -5.205169
v -0.563967 0.479513 -3.619193
v -0.836965 0.550511 -5.205169
v -0.027980 -0.185482 -5.101163
v 0.777011 -0.185482 -5.750152
v -0.027980 -0.185482 -5.101163
v 0.213024 0.680509 -6.256151
v -0.836965 0.550511 -5.205169
v 0.213024 0.680509 -6.256151
v -0.027980 -0.185482 -5.101163
v 7.632941 -0.185476 -0.092228
v 7.814948 0.791516 1.305743
v 6.846951 -0.074476 1.954736
v 7.632941 -0.185476 -0.092228
v 7.782945 0.573516 -0.092235
v 7.814948 0.791516 1.305743
v 7.782945 0.573516 -0.092235
v 8.138948 1.221511 -0.092238
v 7.814948 0.791516 1.305743
v 8.111957 1.967506 2.586712
v 7.814948 0.791516 1.305743
v 8.138948 1.221511 -0.092238
v -0.563967 0.479513 -3.619193
v -1.587959 0.272514 -4.790174
v -0.836965 0.550511 -5.205169
v -1.113964 0.112516 -3.557193
v -1.587959 0.272514 -4.790174
v -0.563967 0.479513 -3.619193
v -0.027980 -0.185482 -5.101163
v -0.099978 -0.185481 -4.004181
v -0.563967 0.479513 -3.619193
v 7.284957 1.075513 2.761716
v 7.814948 0.791516 1.305743
v 8.111957 1.967506 2.586712
v 6.846951 -0.074476 1.954736
v 7.814948 0.791516 1.305743
v 7.284957 1.075513 2.761716
v 6.588957 0.097523 3.480711
v 6.846951 -0.074476 1.954736
v 7.284957 1.075513 2.761716
v 6.588957 0.097523 3.480711
v 7.284957 1.075513 2.761716
v 7.038962 1.146514 4.001695
v 8.138958 2.128505 4.002688
v 7.038962 1.146514 4.001695
v 7.284957 1.075513 2.761716
v 8.111957 1.967506 2.586712
v 8.138958 2.128505 4.002688
v 7.284957 1.075513 2.761716
v 6.588957 0.097523 3.480711
v 7.038962 1.146514 4.001695
v 6.426960 0.097523 4.403696
v 7.038962 1.146514 4.001695
v 8.138958 2.128505 4.002688
v 7.265962 1.121515 5.312675
v 7.265962 1.121515 5.312675
v 6.426960 0.097523 4.403696
v 7.038962 1.146514 4.001695
v 7.410964 1.628510 5.656664
v 8.138958 2.128505 4.002688
v 8.138966 2.675501 6.493648
v 7.265962 1.121515 5.312675
v 8.138958 2.128505 4.002688
v 7.410964 1.628510 5.656664
v -1.113964 0.112516 -3.557193
v -2.099958 -0.209482 -4.852171
v -1.587959 0.272514 -4.790174
v 5.291984 1.048516 6.831645
v 4.317000 1.749509 7.667627
v 4.316982 -0.072475 6.056666
v 5.291984 1.048516 6.831645
v 6.869978 2.419503 7.284635
v 4.317000 1.749509 7.667627
v -5.048911 0.099520 7.992622
v -5.048896 1.755506 7.992610
v -6.025897 0.464517 7.098625
v -6.025897 0.464517 7.098625
v -5.048896 1.755506 7.992610
v -6.735875 2.094501 7.671607
v -6.025897 0.464517 7.098625
v -8.243861 2.094501 6.050628
v -6.840889 0.576516 5.586646
v -6.025897 0.464517 7.098625
v -6.735875 2.094501 7.671607
v -8.243861 2.094501 6.050628
v -1.764962 -0.452479 -3.812185
v -2.099958 -0.209482 -4.852171
v -1.113964 0.112516 -3.557193
vn 0.6150 -0.5310 -0.5830
vn -0.7766 -0.6227 0.0952
vn -0.8300 -0.5573 0.0231
vn -0.7810 -0.6225 0.0505
vn -0.7696 -0.6376 0.0363
vn -0.7629 -0.6320 0.1360
vn -0.8341 -0.4880 0.2571
vn -0.8264 -0.5549 0.0951
vn -0.6598 -0.6962 0.2826
vn 0.6428 -0.6347 -0.4289
vn 0.8622 -0.5024 -0.0649
vn 0.8764 -0.4815 -0.0128
vn 0.3754 -0.7282 -0.5735
vn 0.3111 -0.7153 -0.6257
vn 0.5503 -0.5372 -0.6392
vn 0.1825 -0.8337 -0.5212
vn 0.8827 -0.3171 -0.3468
vn -0.2031 -0.3589 -0.9110
vn -0.0907 -0.8621 -0.4985
vn 0.9450 -0.3238 0.0458
vn 0.2095 -0.9444 -0.2536
vn 0.6628 -0.6582 -0.3571
vn 0.5458 -0.7417 -0.3898
vn 0.1607 -0.9654 -0.2053
vn 0.9810 -0.1939 -0.0000
vn 0.0231 -0.8651 -0.5011
vn 0.0098 -0.8493 -0.5278
vn -0.1017 -0.3668 -0.9247
vn 0.0162 -0.4966 -0.8679
vn -0.2969 -0.8654 -0.4037
vn -0.6765 -0.7317 0.0837
vn -0.4750 -0.6536 -0.5892
vn -0.5045 -0.6370 -0.5829
vn 0.7415 -0.5914 0.3168
vn 0.9810 -0.1939 0.0078
vn 0.8751 -0.4808 0.0549
vn 0.9299 -0.3518 0.1073
vn 0.2995 -0.9495 -0.0941
vn 0.5060 -0.8089 -0.2995
vn -0.8335 -0.5499 -0.0547
vn 0.7153 -0.5895 0.3753
vn 0.7451 -0.5493 0.3784
vn 0.8616 -0.4673 0.1983
vn 0.8615 -0.4677 0.1977
vn 0.6559 -0.7349 0.1722
vn 0.7380 -0.6720 0.0623
vn 0.8780 -0.4532 0.1541
vn 0.6605 -0.7397 -0.1285
vn 0.8268 -0.5412 -0.1535
vn 0.7569 -0.6383 0.1402
vn 0.8699 -0.4220 0.2553
vn 0.6657 -0.6632 -0.3420
vn 0.1639 -0.6534 0.7390
vn 0.2653 -0.5638 0.7822
vn -0.6751 -0.0000 0.7377
vn -0.2500 -0.4162 0.8742
vn -0.6529 -0.6953 0.3004
vn -0.6393 -0.4875 0.5947
vn 0.6875 -0.6262 -0.3678
vt 0.703125 3.117187
vt 0.347656 3.484375
vt 0.841797 3.818359
vt 0.136719 0.662109
vt 0.832031 1.644531
vt 0.785156 0.472656
vt 0.140625 1.908203
vt 0.816406 -0.724609
vt 0.167969 -0.476562
vt 0.701172 -1.871094
vt 0.125000 -1.650391
vt 0.898438 2.806641
vt 0.130859 2.832031
vt 0.287109 2.732422
vt 0.695312 2.101562
vt 0.615234 0.667969
vt 0.384766 0.718750
vt 0.603516 -0.582031
vt 0.753906 -1.406250
vt 0.302734 -1.072266
vt 0.267578 -2.062500
vt 0.812500 -2.136719
vt 0.257812 0.376953
vt 0.175781 2.185547
vt 0.632812 0.494141
vt 0.791016 0.548828
vt 0.703125 2.748047
vt 0.640625 2.001953
vt 0.544922 2.367187
vt 0.359375 2.574219
vt 0.302734 3.326172
vt 0.814453 1.636719
vt 0.117188 0.779297
vt 0.666016 1.457031
vt 0.291016 1.031250
vt 0.671875 1.490234
vt 0.785156 0.640625
vt 0.322266 0.345703
vt 0.312500 1.464844
vt 0.425781 -0.162109
vt 0.103516 -0.496094
vt 0.843750 -1.132812
vt 0.593750 0.738281
vt 0.441406 1.347656
vt 0.275391 0.957031
vt 0.488281 -1.087891
vt 0.064453 -1.441406
vt 0.482422 -1.861328
vt 0.828125 -1.941406
vt 0.101562 -2.027344
vt 0.439453 -2.671875
vt 0.609375 -2.925781
vt 0.957031 -3.527344
vt 0.296875 0.472656
vt 0.382812 0.130859
vt 0.435547 0.865234
vt -0.052734 0.021484
vt 0.939453 -0.007812
vt 0.046875 4.714844
vt 0.500000 4.238281
vt 0.037109 3.978516
vt 0.542969 3.853516
vt -0.015625 3.765625
vt 0.806641 3.783203
vt 0.146484 1.158203
s 1
usemtl Shape_160.002
f 1348/742/352 1349/743/352 1350/744/352
s 0
f 1351/745/353 1352/746/353 1353/747/353
f 1354/745/354 1355/748/354 1356/746/354
f 1357/745/355 1358/747/355 1359/749/355
f 1360/745/356 1361/749/356 1362/750/356
f 1363/749/357 1364/751/357 1365/750/357
f 1366/752/358 1367/750/358 1368/751/358
f 1369/748/359 1370/753/359 1371/746/359
f 1372/748/360 1373/754/360 1374/753/360
f 1375/743/361 1376/742/361 1377/755/361
f 1378/742/362 1379/756/362 1380/755/362
f 1381/757/363 1382/758/363 1383/756/363
f 1384/759/364 1385/760/364 1386/761/364
f 1387/762/365 1388/761/365 1389/760/365
f 1390/760/366 1391/763/366 1392/762/366
f 1393/764/367 1394/759/367 1395/761/367
f 1396/765/368 1397/755/368 1398/756/368
f 1399/759/369 1400/764/369 1401/766/369
f 1402/767/370 1403/759/370 1404/766/370
f 1405/765/371 1406/756/371 1407/758/371
f 1408/768/372 1409/769/372 1410/770/372
f 1411/768/373 1412/770/373 1413/771/373
f 1414/768/374 1415/771/374 1416/772/374
s 1
f 1417/768/375 1418/773/375 1419/769/375
s 0
f 1420/765/376 1421/758/376 1422/774/376
f 1423/766/377 1424/775/377 1425/767/377
f 1426/773/378 1427/767/378 1428/775/378
f 1429/764/379 1430/776/379 1431/766/379
f 1432/775/380 1433/766/380 1434/776/380
f 1435/773/381 1436/775/381 1437/769/381
f 1438/777/382 1439/778/382 1440/779/382
f 1441/776/383 1442/780/383 1443/775/383
f 1444/769/384 1445/775/384 1446/780/384
f 1447/774/385 1448/781/385 1449/782/385
f 1450/774/386 1451/758/386 1452/781/386
f 1453/758/387 1454/757/387 1455/781/387
f 1456/783/388 1457/781/388 1458/757/388
f 1459/777/389 1460/784/389 1461/778/389
f 1462/785/390 1463/784/390 1464/777/390
s 1
f 1465/779/391 1466/786/391 1467/777/391
s 0
f 1468/787/392 1469/781/392 1470/783/392
f 1471/782/393 1472/781/393 1473/787/393
f 1474/788/394 1475/782/394 1476/787/394
f 1477/788/395 1478/787/395 1479/789/395
f 1480/790/396 1481/789/396 1482/787/396
f 1483/783/397 1484/790/397 1485/787/397
f 1486/788/398 1487/789/398 1488/791/398
f 1489/789/399 1490/790/399 1491/792/399
f 1492/792/400 1493/791/400 1494/789/400
f 1495/793/401 1496/790/401 1497/794/401
f 1498/792/402 1499/790/402 1500/793/402
f 1501/785/403 1502/795/403 1503/784/403
f 1504/796/404 1505/797/404 1506/798/404
f 1507/796/405 1508/799/405 1509/797/405
f 1510/800/406 1511/801/406 1512/802/406
f 1513/802/407 1514/801/407 1515/803/407
f 1516/804/408 1517/753/408 1518/754/408
f 1519/804/409 1520/805/409 1521/753/409
f 1522/806/410 1523/795/410 1524/785/410
o Object_32
v -0.605976 -0.956472 0.069760
v 0.501022 0.161518 0.069753
v 0.501012 -0.956472 0.069762
v -5.103925 -0.956473 1.960722
v -4.648922 -0.040482 0.923732
v -4.648931 -0.956474 0.923739
v -5.103917 -0.074480 1.960714
v -4.458930 -0.956472 3.596698
v -4.460920 0.099520 5.344663
v -4.458921 0.099519 3.596689
v -0.605966 0.161518 0.069751
vn -0.0000 -0.0000 -1.0000
vn -0.9157 -0.0000 -0.4018
vn -1.0000 -0.0000 -0.0011
vt 0.281250 0.033203
vt 2.978516 6.478516
vt 2.978516 0.033203
vt -2.748047 0.199219
vt 1.031250 4.500000
vt 0.982422 0.033203
vt -2.701172 4.500000
vt 0.851562 0.224609
vt -3.406250 5.375000
vt 0.851562 5.375000
vt 0.281250 6.478516
s 0
usemtl Shape_161.002
f 1525/807/411 1526/808/411 1527/809/411
f 1528/810/412 1529/811/412 1530/812/412
f 1528/810/412 1531/813/412 1529/811/412
f 1532/814/413 1533/815/413 1534/816/413
f 1525/807/411 1535/817/411 1526/808/411
o Object_33
v -5.103925 -0.956473 1.960722
v -4.458930 -0.956472 3.596698
v -5.103917 -0.074480 1.960714
v -4.458921 0.099519 3.596689
vn -0.9303 -0.0000 0.3668
vt 1.177734 0.208984
vt -3.105469 0.208984
vt 1.177734 4.509766
vt -3.105469 5.357422
s 0
usemtl Shape_162.002
f 1536/818/414 1537/819/414 1538/820/414
f 1537/819/414 1539/821/414 1538/820/414
o Object_34
v -2.334958 -0.867475 -2.164208
v -2.536956 -0.867475 -1.941212
v -2.536956 -0.867475 -2.164209
v -2.334959 -0.867475 -1.941212
v -2.536951 -0.356480 -2.164213
v -2.334954 -0.356480 -2.164212
v -2.334958 -0.867475 -2.164208
v -2.536956 -0.867475 -2.164209
v -2.536951 -0.356480 -1.941217
v -2.536951 -0.356480 -2.164213
v -2.536956 -0.867475 -2.164209
v -2.536956 -0.867475 -1.941212
vn -0.0000 -1.0000 -0.0000
vn -0.0000 -0.0000 -1.0000
vn -1.0000 -0.0000 -0.0000
vt 0.005859 0.109375
vt 0.292969 0.214844
vt 0.201172 -0.027344
vt 0.097656 0.353516
vt 0.000000 0.025391
vt 0.000000 0.683594
vt 0.421875 0.683594
vt 0.421875 0.025391
vt 0.000000 0.017578
vt 0.000000 0.738281
vt 0.800781 0.738281
vt 0.800781 0.017578
s 0
usemtl Shape_163.002
f 1540/822/415 1541/823/415 1542/824/415
f 1540/822/415 1543/825/415 1541/823/415
f 1544/826/416 1545/827/416 1546/828/416
f 1544/826/416 1546/828/416 1547/829/416
f 1548/830/417 1549/831/417 1550/832/417
f 1548/830/417 1550/832/417 1551/833/417
o Object_35
v -2.334954 -0.356480 -1.941216
v -2.536951 -0.356480 -1.941217
v -2.536956 -0.867475 -1.941212
v -2.334959 -0.867475 -1.941212
v -2.334954 -0.356480 -2.164212
v -2.334954 -0.356480 -1.941216
v -2.334959 -0.867475 -1.941212
v -2.334958 -0.867475 -2.164208
vn -0.0000 -0.0000 1.0000
vn 1.0000 -0.0000 -0.0000
vt 0.000000 0.025391
vt 0.000000 0.683594
vt 0.523438 0.683594
vt 0.523438 0.025391
vt 0.000000 0.017578
vt 0.000000 1.099609
vt 0.324219 1.113281
vt 0.324219 0.031250
s 0
usemtl Shape_164.002
f 1552/834/418 1553/835/418 1554/836/418
f 1552/834/418 1554/836/418 1555/837/418
f 1556/838/419 1557/839/419 1558/840/419
f 1556/838/419 1558/840/419 1559/841/419
o Object_36
v -2.691950 -0.356480 -2.315211
v -2.334954 -0.356480 -2.164212
v -2.536951 -0.356480 -2.164213
v -2.536951 -0.356480 -1.941217
v -2.688949 -0.356480 -1.803219
v -2.179956 -0.356480 -2.318210
v -2.334954 -0.356480 -1.941216
v -2.176955 -0.356480 -1.806218
v -2.759949 -0.455479 -1.731220
v -2.808950 -0.517479 -2.430208
v -2.688949 -0.356480 -1.803219
v -2.688949 -0.356480 -1.803219
v -2.808950 -0.517479 -2.430208
v -2.691950 -0.356480 -2.315211
vn -0.0000 -1.0000 -0.0000
vn 0.8109 -0.5852 -0.0049
vn 0.8106 -0.5856 -0.0048
vt 0.982422 2.029297
vt 0.683594 0.640625
vt 0.685547 1.429688
vt 0.251953 1.435547
vt 0.000000 2.029297
vt 0.982422 0.033203
vt 0.250000 0.648438
vt 0.000000 0.033203
vt 2.240234 0.431641
vt 0.052734 0.058594
vt 2.019531 1.000000
vt 0.417969 1.000000
s 0
usemtl Shape_165.002
f 1560/842/420 1561/843/420 1562/844/420
f 1560/842/420 1562/844/420 1563/845/420
f 1560/842/420 1563/845/420 1564/846/420
f 1560/842/420 1565/847/420 1561/843/420
f 1566/848/420 1567/849/420 1564/846/420
f 1566/848/420 1564/846/420 1563/845/420
f 1561/843/420 1567/849/420 1566/848/420
f 1565/847/420 1567/849/420 1561/843/420
f 1568/850/421 1569/851/421 1570/852/421
f 1571/852/422 1572/851/422 1573/853/422
o Object_37
v -2.153955 -0.387479 -1.784219
v -2.688949 -0.356480 -1.803219
v -2.176955 -0.356480 -1.806218
v -2.153955 -0.387479 -1.784219
v -2.759949 -0.455479 -1.731220
v -2.688949 -0.356480 -1.803219
vn -0.0048 -0.5811 -0.8138
vn -0.0052 -0.5857 -0.8105
vt 1.720703 0.845703
vt 0.000000 1.000000
vt 1.648437 1.000000
vt -0.246094 0.431641
s 0
usemtl Shape_166.002
f 1574/854/423 1575/855/423 1576/856/423
f 1577/854/424 1578/857/424 1579/855/424
o Object_38
v -2.127957 -0.430479 -2.372208
v -2.153955 -0.387479 -1.784219
v -2.176955 -0.356480 -1.806218
v -2.127957 -0.430479 -2.372208
v -2.176955 -0.356480 -1.806218
v -2.179956 -0.356480 -2.318210
vn -0.8057 -0.5923 0.0077
vn -0.8165 -0.5773 0.0048
vt 1.728516 0.585938
vt -0.113281 0.845703
vt -0.042969 1.000000
vt 1.562500 1.000000
s 0
usemtl Shape_167.002
f 1580/858/425 1581/859/425 1582/860/425
f 1583/858/426 1584/860/426 1585/861/426
o Object_39
v -2.808950 -0.517479 -2.430208
v -2.179956 -0.356480 -2.318210
v -2.691950 -0.356480 -2.315211
v -2.808950 -0.517479 -2.430208
v -2.127957 -0.430479 -2.372208
v -2.179956 -0.356480 -2.318210
vn 0.0048 -0.5835 0.8121
vn 0.0060 -0.5867 0.8098
vt 1.343750 0.058594
vt -0.605469 1.029297
vt 0.982422 1.000000
vt -0.769531 0.585938
s 0
usemtl Shape_168.002
f 1586/862/427 1587/863/427 1588/864/427
f 1589/862/428 1590/865/428 1591/863/428
o Object_40
v -0.400914 6.090543 3.675691
v -0.410914 6.083544 4.206682
v -0.559914 5.852546 3.604693
v -0.606925 4.560557 4.349692
v -0.988924 4.172562 4.485693
v -0.613926 4.571557 3.587705
v -0.613926 4.571557 3.587705
v -0.988924 4.172562 4.485693
v -0.996925 4.172560 3.447710
v -0.613926 4.571557 3.587705
v -0.996925 4.172560 3.447710
v -0.358928 4.575557 3.280710
v -0.358928 4.575557 3.280710
v -0.996925 4.172560 3.447710
v -0.517931 4.172560 2.905719
v 0.254065 4.575558 3.280710
v -0.358928 4.575557 3.280710
v 0.413059 4.172561 2.905720
v -0.517931 4.172560 2.905719
v -0.410914 6.083544 4.206682
v -0.560913 5.851547 4.318682
v -0.559914 5.852546 3.604693
v -0.400914 6.090543 3.675691
v -0.559914 5.852546 3.604693
v -0.253916 6.093544 3.491694
v -0.253916 6.093544 3.491694
v -0.559914 5.852546 3.604693
v -0.333917 5.852547 3.328699
v -0.253916 6.093544 3.491694
v -0.333917 5.852547 3.328699
v 0.149080 6.093545 3.491695
v 0.229077 5.852546 3.328699
v -0.051908 7.162535 3.927678
v -0.410914 6.083544 4.206682
v -0.400914 6.090543 3.675691
v -0.051908 7.162535 3.927678
v -0.400914 6.090543 3.675691
v -0.253916 6.093544 3.491694
v -0.051908 7.162535 3.927678
v -0.253916 6.093544 3.491694
v 0.149080 6.093545 3.491695
v -0.051908 7.162535 3.927678
v 0.306079 6.083545 4.206684
v -0.051917 6.081545 4.377681
v -0.051931 4.557559 4.623689
v 0.502063 4.560558 4.349694
v -0.051934 4.172563 5.026686
v 0.502063 4.560558 4.349694
v 0.884055 4.172563 4.485697
v -0.051934 4.172563 5.026686
v -0.051917 6.081545 4.377681
v 0.306079 6.083545 4.206684
v -0.051919 5.852548 4.564680
v 0.306079 6.083545 4.206684
v 0.456075 5.851547 4.318684
v -0.051919 5.852548 4.564680
v -0.051917 6.081545 4.377681
v -0.051919 5.852548 4.564680
v -0.410914 6.083544 4.206682
v -0.410914 6.083544 4.206682
v -0.051919 5.852548 4.564680
v -0.560913 5.851547 4.318682
v -0.051908 7.162535 3.927678
v 0.296078 6.090544 3.675692
v 0.306079 6.083545 4.206684
v 0.509062 4.571558 3.587708
v 0.892054 4.172562 3.447712
v 0.884055 4.172563 4.485697
v 0.502063 4.560558 4.349694
v 0.509062 4.571558 3.587708
v 0.884055 4.172563 4.485697
v -0.051931 4.557559 4.623689
v -0.051934 4.172563 5.026686
v -0.606925 4.560557 4.349692
v -0.606925 4.560557 4.349692
v -0.051934 4.172563 5.026686
v -0.988924 4.172562 4.485693
v 0.296078 6.090544 3.675692
v 0.455074 5.852547 3.604696
v 0.306079 6.083545 4.206684
v 0.306079 6.083545 4.206684
v 0.455074 5.852547 3.604696
v 0.456075 5.851547 4.318684
v 0.509062 4.571558 3.587708
v 0.254065 4.575558 3.280710
v 0.892054 4.172562 3.447712
v 0.254065 4.575558 3.280710
v 0.413059 4.172561 2.905720
v 0.892054 4.172562 3.447712
v 0.296078 6.090544 3.675692
v 0.149080 6.093545 3.491695
v 0.455074 5.852547 3.604696
v 0.149080 6.093545 3.491695
v 0.229077 5.852546 3.328699
v 0.455074 5.852547 3.604696
v -0.051908 7.162535 3.927678
v 0.149080 6.093545 3.491695
v 0.296078 6.090544 3.675692
v -0.051908 7.162535 3.927678
v -0.051917 6.081545 4.377681
v -0.410914 6.083544 4.206682
vn 0.8303 -0.5572 0.0083
vn 0.7096 -0.7044 -0.0167
vn 0.7224 -0.6915 -0.0056
vn 0.5577 -0.6947 0.4542
vn 0.5537 -0.6738 0.4893
vn -0.0000 -0.6812 0.7321
vn 0.8399 -0.5428 0.0004
vn 0.6417 -0.5788 0.5032
vn 0.6382 -0.5653 0.5226
vn -0.0000 -0.5602 0.8283
vn 0.9498 -0.3125 0.0138
vn 0.7281 -0.3723 0.5756
vn -0.0000 -0.3776 0.9260
vn -0.4018 -0.3519 -0.8454
vn -0.3200 -0.6851 -0.6545
vn -0.3915 -0.6229 -0.6773
vn -0.3441 -0.5939 -0.7273
vn -0.3552 -0.5826 -0.7311
vn 0.3432 -0.5941 -0.7275
vn 0.3547 -0.5824 -0.7314
vn -0.9501 -0.3117 0.0138
vn -0.7224 -0.6915 -0.0056
vn -0.7096 -0.7044 -0.0167
vn 0.3195 -0.6852 -0.6546
vn 0.3912 -0.6227 -0.6776
vn -0.8303 -0.5572 0.0083
vn -0.8399 -0.5428 0.0004
vn -0.5577 -0.6947 0.4542
vn -0.5537 -0.6738 0.4893
vn -0.6417 -0.5788 0.5032
vn -0.6382 -0.5653 0.5226
vn -0.7282 -0.3717 0.5757
vn 0.4009 -0.3521 -0.8458
vt 0.193359 0.679688
vt 1.921875 0.642578
vt 0.000000 0.033203
vt 2.904297 1.437500
vt 3.345703 0.033203
vt 0.425781 1.427734
vt 1.830078 1.416016
vt 2.318359 0.033203
vt 0.531250 1.382812
vt 0.484375 1.400391
vt 2.478516 1.400391
vt 2.996094 0.033203
vt 2.289062 0.033203
vt 0.974609 0.701172
vt 1.128906 0.033203
vt 0.208984 0.689453
vt 1.542969 0.681641
vt 1.800781 0.033203
vt 0.228516 0.681641
vt 0.710938 3.289062
vt 1.697266 0.033203
vt 0.966797 3.373047
vt 0.966797 0.033203
vt 0.201172 0.046875
vt 0.625000 3.382812
vt 1.283203 0.033203
vt 0.630859 3.376953
vt 1.261719 0.033203
vt 0.626953 1.132812
vt 2.634766 1.003906
vt 3.482422 0.033203
vt 0.234375 0.687500
vt 1.527344 0.687500
vt 1.806641 0.033203
vt 1.541016 0.687500
vt 0.248047 0.687500
vt 0.955078 3.289062
vt 2.837891 1.427734
vt 3.294922 0.033203
vt -0.080078 0.033203
vt 0.359375 1.437500
vt 2.824219 1.339844
vt 0.816406 1.236328
vt 2.064453 0.679688
vt 0.335938 0.642578
vt 0.457031 1.416016
vt 1.755859 1.382812
vt 0.121094 0.701172
vt 0.886719 0.689453
vt 0.025391 3.373047
vt 0.734375 0.033203
vt 0.597656 3.376953
s 0
usemtl Shape_192.002
f 1592/866/429 1593/867/429 1594/868/429
f 1595/869/430 1596/870/430 1597/871/430
f 1598/871/431 1599/870/431 1600/868/431
f 1601/872/432 1602/873/432 1603/874/432
f 1604/874/433 1605/873/433 1606/868/433
f 1607/875/434 1608/876/434 1609/868/434
f 1608/876/434 1610/877/434 1609/868/434
f 1611/867/435 1612/878/435 1613/868/435
f 1614/879/436 1615/880/436 1616/881/436
f 1617/881/437 1618/880/437 1619/868/437
f 1620/882/438 1621/883/438 1622/884/438
f 1622/884/438 1621/883/438 1623/868/438
f 1624/885/439 1625/886/439 1626/868/439
f 1627/887/440 1628/888/440 1629/889/440
f 1630/890/441 1631/891/441 1632/868/441
f 1633/892/442 1634/893/442 1635/868/442
f 1636/894/443 1637/895/443 1638/868/443
f 1639/895/444 1640/896/444 1641/868/444
f 1642/897/445 1643/898/445 1644/868/445
f 1645/898/446 1646/899/446 1647/868/446
f 1648/900/447 1649/899/447 1650/901/447
f 1651/901/448 1652/899/448 1653/868/448
f 1654/902/449 1655/886/449 1656/868/449
f 1657/903/450 1658/904/450 1659/905/450
f 1660/906/451 1661/903/451 1662/905/451
f 1663/907/452 1664/896/452 1665/908/452
f 1666/908/453 1667/896/453 1668/868/453
f 1669/909/454 1670/878/454 1671/910/454
f 1672/910/455 1673/878/455 1674/868/455
f 1675/911/456 1676/912/456 1677/868/456
f 1678/912/457 1679/873/457 1680/868/457
f 1681/913/458 1682/914/458 1683/868/458
f 1684/914/459 1685/880/459 1686/868/459
f 1687/915/460 1688/916/460 1689/868/460
f 1690/917/461 1691/893/461 1692/868/461
o Object_41
v 0.884055 4.172563 4.485697
v -0.051950 2.421578 5.026700
v -0.051934 4.172563 5.026686
v -0.988940 2.421577 4.485708
v -0.988924 4.172562 4.485693
v -0.051934 4.172563 5.026686
v -0.051950 2.421578 5.026700
v -0.606925 4.560557 4.349692
v -0.560913 5.851547 4.318682
v -0.051931 4.557559 4.623689
v -0.051931 4.557559 4.623689
v -0.560913 5.851547 4.318682
v -0.051919 5.852548 4.564680
v -0.996925 4.172560 3.447710
v -0.996941 2.421577 3.447723
v -0.517931 4.172560 2.905719
v -0.517947 2.421577 2.905734
v -0.559914 5.852546 3.604693
v -0.613926 4.571557 3.587705
v -0.358928 4.575557 3.280710
v -0.333917 5.852547 3.328699
v -0.559914 5.852546 3.604693
v -0.358928 4.575557 3.280710
v 0.456075 5.851547 4.318684
v 0.502063 4.560558 4.349694
v -0.051919 5.852548 4.564680
v 0.884040 2.421578 4.485711
v -0.051919 5.852548 4.564680
v 0.502063 4.560558 4.349694
v -0.051931 4.557559 4.623689
v 0.892054 4.172562 3.447712
v 0.892039 2.421577 3.447727
v 0.884040 2.421578 4.485711
v 0.884055 4.172563 4.485697
v 0.456075 5.851547 4.318684
v 0.455074 5.852547 3.604696
v 0.502063 4.560558 4.349694
v 0.455074 5.852547 3.604696
v 0.509062 4.571558 3.587708
v 0.502063 4.560558 4.349694
v -0.560913 5.851547 4.318682
v -0.606925 4.560557 4.349692
v -0.559914 5.852546 3.604693
v -0.988924 4.172562 4.485693
v -0.988940 2.421577 4.485708
v -0.996941 2.421577 3.447723
v -0.996925 4.172560 3.447710
v 0.892039 2.421577 3.447727
v 0.892054 4.172562 3.447712
v 0.413043 2.421577 2.905734
v 0.413059 4.172561 2.905720
v 0.455074 5.852547 3.604696
v 0.254065 4.575558 3.280710
v 0.509062 4.571558 3.587708
v 0.229077 5.852546 3.328699
v 0.254065 4.575558 3.280710
v 0.455074 5.852547 3.604696
v -0.559914 5.852546 3.604693
v -0.606925 4.560557 4.349692
v -0.613926 4.571557 3.587705
v -0.517931 4.172560 2.905719
v -0.517947 2.421577 2.905734
v 0.413043 2.421577 2.905734
v 0.413059 4.172561 2.905720
v -0.333917 5.852547 3.328699
v -0.358928 4.575557 3.280710
v 0.254065 4.575558 3.280710
v 0.229077 5.852546 3.328699
vn -0.5004 -0.0000 -0.8658
vn 0.5000 -0.0000 -0.8660
vn 0.4422 -0.0373 -0.8961
vn 0.4348 -0.0410 -0.8996
vn 0.7493 -0.0000 0.6622
vn 0.7689 -0.0409 0.6381
vn 0.7731 -0.0389 0.6331
vn -0.4356 -0.0371 -0.8994
vn -0.4428 -0.0408 -0.8957
vn -1.0000 -0.0000 -0.0077
vn -0.9994 -0.0356 0.0014
vn -0.9991 -0.0420 -0.0098
vn 0.9994 -0.0356 0.0013
vn 1.0000 -0.0000 -0.0077
vn -0.7493 -0.0000 0.6622
vn -0.7689 -0.0409 0.6381
vn -0.7731 -0.0389 0.6331
vn 0.9991 -0.0420 -0.0098
vn -0.0000 -0.0000 1.0000
vn -0.0000 -0.0376 0.9993
vt 0.982422 8.566406
vt -1.650391 0.033203
vt -1.650391 8.566406
vt 0.234375 0.033203
vt 0.234375 8.566406
vt 2.869141 8.566406
vt 2.869141 0.033203
vt 0.000000 0.033203
vt 0.031250 6.330078
vt 1.492187 0.033203
vt 1.410156 6.351562
vt 1.746094 8.566406
vt 1.746094 0.033203
vt 0.000000 8.566406
vt 0.873047 6.279297
vt 0.958984 0.033203
vt 0.003906 6.261719
vt 1.195312 6.330078
vt 1.242187 0.033203
vt -0.179688 6.351562
vt 0.982422 0.033203
vt -0.263672 0.033203
vt -1.548828 0.033203
vt -1.548828 8.566406
vt 0.351562 6.326172
vt 2.091797 6.283203
vt 2.091797 0.033203
vt 1.726562 6.326172
vt 1.841797 0.033203
vt 0.000000 6.283203
vt 2.267578 8.566406
vt 2.267578 0.033203
vt -0.263672 8.566406
vt -0.777344 0.033203
vt -0.777344 8.566406
vt 0.070312 6.279297
vt 0.939453 6.261719
vt -1.285156 0.033203
vt -1.285156 8.566406
vt 1.419922 6.261719
vt 1.480469 0.033203
vt 0.044922 6.261719
s 0
usemtl Shape_193.002
f 1693/918/462 1694/919/462 1695/920/462
f 1696/921/463 1697/922/463 1698/923/463
f 1696/921/463 1698/923/463 1699/924/463
f 1700/925/464 1701/926/464 1702/927/464
f 1703/927/465 1704/926/465 1705/928/465
f 1706/929/466 1707/930/466 1708/931/466
f 1707/930/466 1709/925/466 1708/931/466
f 1710/932/467 1711/933/467 1712/925/467
f 1713/934/468 1714/932/468 1715/925/468
f 1716/935/469 1717/936/469 1718/937/469
f 1693/918/462 1719/938/462 1694/919/462
f 1720/937/470 1721/936/470 1722/939/470
f 1723/918/471 1724/938/471 1725/940/471
f 1726/941/471 1723/918/471 1725/940/471
f 1727/942/472 1728/943/472 1729/921/472
f 1730/943/473 1731/944/473 1732/921/473
f 1733/945/474 1734/946/474 1735/947/474
f 1736/948/475 1737/949/475 1738/939/475
f 1739/950/475 1736/948/475 1738/939/475
f 1740/951/476 1741/952/476 1742/938/476
f 1741/952/476 1743/918/476 1742/938/476
f 1744/953/477 1745/933/477 1746/925/477
f 1747/954/478 1748/933/478 1749/953/478
f 1750/947/479 1751/946/479 1752/925/479
f 1753/918/480 1754/938/480 1755/955/480
f 1756/956/480 1753/918/480 1755/955/480
f 1757/957/481 1758/958/481 1759/925/481
f 1760/959/481 1757/957/481 1759/925/481
o Object_42
v -0.077909 7.060536 3.927680
v -0.051909 7.060535 3.907680
v -0.051903 7.674529 3.927675
v -0.051903 7.674529 3.927675
v -0.051909 7.060536 3.948680
v -0.077909 7.060536 3.927680
v -0.051903 7.674529 3.927675
v -0.051909 7.060535 3.907680
v -0.026909 7.060536 3.927678
v -0.026909 7.060536 3.927678
v -0.051909 7.060536 3.948680
v -0.051903 7.674529 3.927675
vn 0.6095 -0.0258 0.7923
vn 0.6281 -0.0266 -0.7777
vn -0.6245 -0.0254 0.7806
vn -0.6430 -0.0262 -0.7654
s 0
usemtl Shape_194.002
f 1761//482 1762//482 1763//482
f 1764//483 1765//483 1766//483
f 1767//484 1768//484 1769//484
f 1770//485 1771//485 1772//485
o Object_43
v -4.058892 3.217303 6.541176
v -3.886943 3.082651 6.554714
v -3.886942 3.262273 6.554985
v -3.886943 3.082651 6.554714
v -4.058892 2.947683 6.540757
v -3.886943 2.902654 6.554429
vn -0.0797 -0.0015 0.9968
vn -0.0797 -0.0016 0.9968
s 0
usemtl Shape_204.002
f 1773//486 1774//486 1775//486
f 1776//487 1777//487 1778//487
o Object_44
v -4.058892 2.947683 6.540757
v -3.886943 3.082651 6.554714
v -4.058892 3.217303 6.541176
vn -0.0797 -0.0015 0.9968
s 0
usemtl Shape_205.002
f 1779//488 1780//488 1781//488
o Object_45
v -4.058520 2.947677 6.540778
v -4.230158 3.172270 6.558306
v -4.230157 2.992648 6.558024
v -4.058520 2.947677 6.540778
v -4.058520 3.217297 6.541197
v -4.230158 3.172270 6.558306
vn 0.0996 -0.0016 0.9950
vn 0.0996 -0.0015 0.9950
s 0
usemtl Shape_206.002
f 1782//489 1783//489 1784//489
f 1785//490 1786//490 1787//490
o Object_46
v -4.230164 2.992651 6.558024
v -4.347948 3.138443 6.611762
v -4.347948 3.026319 6.611592
v -4.230164 2.992651 6.558024
v -4.230165 3.172272 6.558306
v -4.347948 3.138443 6.611762
vn 0.4137 -0.0014 0.9104
vn 0.4136 -0.0014 0.9104
s 0
usemtl Shape_207.002
f 1788//491 1789//491 1790//491
f 1791//492 1792//492 1793//492
o Object_47
v -4.347952 3.026320 6.611592
v -4.446342 3.110253 6.655331
v -4.446342 3.054378 6.655248
v -4.347952 3.138444 6.611762
vn 0.4053 -0.0014 0.9142
vn 0.4052 -0.0014 0.9142
s 0
usemtl Shape_208.002
f 1794//493 1795//493 1796//493
f 1794//494 1797//494 1795//494
o Object_48
v -4.446343 3.054379 6.655248
v -4.446343 3.110253 6.655331
v -4.547508 3.082449 6.692009
vn 0.3412 -0.0014 0.9400
s 0
usemtl Shape_209.002
f 1798//495 1799//495 1800//495
o Object_49
v 3.611756 3.217239 6.534593
v 3.783055 3.082580 6.554705
v 3.783054 3.262201 6.554985
v 3.783055 3.082580 6.554705
v 3.611757 2.947619 6.534174
v 3.783054 2.902582 6.554431
vn -0.1178 -0.0015 0.9930
s 0
usemtl Shape_210.002
f 1801//496 1802//496 1803//496
f 1804//496 1805//496 1806//496
o Object_50
v 3.611757 2.947619 6.534174
v 3.783055 3.082580 6.554705
v 3.611756 3.217239 6.534593
vn -0.1178 -0.0015 0.9930
s 0
usemtl Shape_211.002
f 1807//497 1808//497 1809//497
o Object_51
v 3.612129 2.947614 6.534216
v 3.441099 3.172202 6.556989
v 3.441100 2.992581 6.556708
v 3.612129 2.947614 6.534216
v 3.612129 3.217234 6.534634
v 3.441099 3.172202 6.556989
vn 0.1300 -0.0016 0.9915
vn 0.1300 -0.0015 0.9915
s 0
usemtl Shape_212.002
f 1810//498 1811//498 1812//498
f 1813//499 1814//499 1815//499
o Object_52
v 3.441093 2.992581 6.556716
v 3.321266 3.138378 6.605710
v 3.321265 3.026254 6.605540
v 3.441092 3.172204 6.556989
vn 0.3770 -0.0014 0.9262
s 0
usemtl Shape_213.002
f 1816//500 1817//500 1818//500
f 1816//500 1819//500 1817//500
o Object_53
v 3.321264 3.026258 6.605541
v 3.213647 3.110255 6.606826
v 3.213648 3.054381 6.606742
v 3.321264 3.138381 6.605710
vn 0.0108 -0.0015 0.9999
s 0
usemtl Shape_214.002
f 1820//501 1821//501 1822//501
f 1820//501 1823//501 1821//501
o Object_54
v 3.213646 3.054381 6.606742
v 3.213646 3.110255 6.606826
v 3.119600 3.082590 6.554453
vn -0.4862 -0.0013 0.8738
s 0
usemtl Shape_215.002
f 1824//502 1825//502 1826//502
o Object_55
v -3.436297 3.217187 2.938718
v -3.264943 3.082594 2.918711
v -3.264943 3.262216 2.918991
v -3.436298 2.947566 2.938299
v -3.264944 2.902598 2.918431
vn 0.1148 -0.0015 0.9934
s 0
usemtl Shape_216.002
f 1827//503 1828//503 1829//503
f 1828//503 1830//503 1831//503
o Object_56
v -3.436298 2.947566 2.938299
v -3.264943 3.082594 2.918711
v -3.436297 3.217187 2.938718
vn 0.1148 -0.0015 0.9934
s 1
usemtl Shape_217.002
f 1832//504 1833//504 1834//504
o Object_57
v -3.435929 2.947569 2.938260
v -3.605115 3.172246 2.904962
v -3.605114 2.992624 2.904683
v -3.435930 3.217188 2.938679
vn -0.1951 -0.0015 0.9808
s 0
usemtl Shape_218.002
f 1835//505 1836//505 1837//505
f 1835//505 1838//505 1836//505
o Object_58
v -3.605116 2.992620 2.904677
v -3.729477 3.138551 2.869252
v -3.729477 3.026427 2.869079
v -3.605116 3.172242 2.904956
vn -0.2756 -0.0015 0.9613
s 0
usemtl Shape_219.002
f 1839//506 1840//506 1841//506
f 1839//506 1842//506 1840//506
o Object_59
v -3.729481 3.026425 2.869077
v -3.836837 3.110412 2.876793
v -3.836837 3.054538 2.876707
v -3.729482 3.138548 2.869251
vn 0.0705 -0.0015 0.9975
s 0
usemtl Shape_220.002
f 1843//507 1844//507 1845//507
f 1843//507 1846//507 1844//507
o Object_60
v -3.836838 3.054539 2.876708
v -3.836838 3.110413 2.876795
v -3.922387 3.082562 2.942047
vn 0.6067 -0.0012 0.7949
s 0
usemtl Shape_221.002
f 1847//508 1848//508 1849//508
o Object_61
v 2.989084 3.217133 2.932398
v 3.161055 3.082535 2.918710
v 3.161054 3.262157 2.918989
v 3.161055 3.082535 2.918710
v 2.989084 2.947512 2.931980
v 3.161054 2.902538 2.918430
vn 0.0781 -0.0015 0.9969
vn 0.0781 -0.0016 0.9969
s 0
usemtl Shape_222.002
f 1850//509 1851//509 1852//509
f 1853//510 1854//510 1855//510
o Object_62
v 2.989084 2.947512 2.931980
v 3.161055 3.082535 2.918710
v 2.989084 3.217133 2.932398
vn 0.0781 -0.0015 0.9969
s 0
usemtl Shape_223.002
f 1856//511 1857//511 1858//511
o Object_63
v 2.989455 2.947518 2.931952
v 2.819501 3.172190 2.902811
v 2.819501 2.992569 2.902532
v 2.989455 3.217139 2.932371
vn -0.1710 -0.0015 0.9853
s 0
usemtl Shape_224.002
f 1859//512 1860//512 1861//512
f 1859//512 1862//512 1860//512
o Object_64
v 2.819495 2.992564 2.902531
v 2.690505 3.138455 2.892850
v 2.690505 3.026332 2.892675
v 2.819496 3.172185 2.902811
vn -0.0766 -0.0016 0.9971
s 0
usemtl Shape_225.002
f 1863//513 1864//513 1865//513
f 1863//513 1866//513 1864//513
o Object_65
v 2.690501 3.026329 2.892670
v 2.587229 3.110281 2.923090
v 2.587229 3.054406 2.923004
v 2.690501 3.138453 2.892845
vn 0.2815 -0.0015 0.9596
vn 0.2814 -0.0015 0.9596
s 0
usemtl Shape_226.002
f 1867//514 1868//514 1869//514
f 1867//515 1870//515 1868//515
o Object_66
v 2.587227 3.054409 2.923006
v 2.587227 3.110283 2.923093
v 2.518062 3.082407 3.005503
vn 0.7661 -0.0010 0.6427
s 0
usemtl Shape_227.002
f 1871//516 1872//516 1873//516
o Object_67
v -0.319965 0.357517 3.113703
v 0.193029 0.357518 2.751709
v 0.191029 0.357518 3.113704
v -0.317965 0.357517 2.751708
vn -0.0000 -1.0000 -0.0000
vt 0.966797 0.679688
vt 0.000000 0.052734
vt 0.000000 0.677734
vt 0.966797 0.056641
s 0
usemtl Shape_228.002
f 1874/960/517 1875/961/517 1876/962/517
f 1874/960/517 1877/963/517 1875/961/517
o Object_68
v -0.256963 0.664515 3.011701
v -0.256966 0.357518 3.011703
v -0.205966 0.357517 3.011705
v -0.205964 0.613516 3.011703
v -0.256963 0.664515 3.011701
v -0.205964 0.613516 3.011703
v 0.101033 0.613515 3.011702
v 0.152033 0.664515 3.011702
v 0.101033 0.613515 3.011702
v 0.101030 0.357518 3.011705
v 0.152030 0.357518 3.011704
v 0.152033 0.664515 3.011702
vn -0.0000 -0.0000 1.0000
vt -4.427734 1.000000
vt 1.558594 1.000000
vt 1.558594 0.033203
vt -3.429687 0.033203
vt 6.455078 1.000000
vt 5.457031 0.033203
vt -0.529297 0.033203
vt -1.527344 1.000000
vt 4.457031 0.033203
vt -0.531250 0.033203
vt -0.531250 1.000000
vt 5.455078 1.000000
s 0
usemtl Shape_229.002
f 1878/964/518 1879/965/518 1880/966/518
f 1878/964/518 1880/966/518 1881/967/518
f 1882/968/518 1883/969/518 1884/970/518
f 1882/968/518 1884/970/518 1885/971/518
f 1886/972/518 1887/973/518 1888/974/518
f 1886/972/518 1888/974/518 1889/975/518
o Object_69
v 4.764974 -0.040478 1.508740
v 4.639978 0.078522 2.453724
v 4.764975 0.062521 1.508739
v 5.803966 0.097522 4.259697
v 5.803967 0.200521 4.259696
v 4.889976 0.094522 4.082697
v 4.889977 0.196521 4.082696
v 4.889976 0.094522 4.082697
v 4.889977 0.196521 4.082696
v 4.670979 0.199521 3.570705
v 4.670979 0.097522 3.570707
v 4.670979 0.097522 3.570707
v 4.639978 0.078522 2.453724
v 4.639977 -0.023477 2.453724
v 4.670979 0.199521 3.570705
v 4.764974 -0.040478 1.508740
v 4.091982 0.027521 0.451756
v 4.091981 -0.075479 0.451756
v 4.639977 -0.023477 2.453724
v 4.091981 -0.075479 0.451756
v 3.045993 0.101519 0.250755
v 3.045992 -0.001480 0.250757
v 4.091982 0.027521 0.451756
v 3.045992 -0.001480 0.250757
v 1.999005 0.175518 0.049757
v 1.999004 0.072519 0.049757
v 3.045993 0.101519 0.250755
v 4.764975 0.062521 1.508739
v -5.282917 -0.058482 0.558737
v -4.846920 0.051517 0.415739
v -4.846921 -0.051482 0.415740
v 1.253015 0.321517 0.049754
v 1.243014 0.221518 0.049754
v 1.999004 0.072519 0.049757
v 1.999005 0.175518 0.049757
v 0.560024 0.457516 0.048750
v 0.540023 0.359516 0.048752
v 1.243014 0.221518 0.049754
v 0.560024 0.457516 0.048750
v 1.243014 0.221518 0.049754
v 1.253015 0.321517 0.049754
v -4.667922 -0.041482 0.915731
v -4.668921 0.061517 0.918731
v -5.121916 0.027519 1.949714
v -4.667922 -0.041482 0.915731
v -5.121916 0.027519 1.949714
v -5.119916 -0.074480 1.946716
v -2.367949 -0.074481 0.048750
v -3.374936 0.060518 0.437741
v -3.374937 -0.042481 0.437741
v -5.282917 -0.058482 0.558737
v -5.283915 0.043517 0.559735
v -4.846920 0.051517 0.415739
v -2.367948 0.027518 0.048749
v -2.367949 -0.074481 0.048750
v -1.510956 0.138518 0.048749
v -1.522955 0.238517 0.048749
v -1.522955 0.238517 0.048749
v -1.510956 0.138518 0.048749
v -0.654964 0.352516 0.048750
v -0.679963 0.448515 0.048749
v -2.367948 0.027518 0.048749
v 5.803966 0.097522 4.259697
v 6.567959 0.200522 3.744705
v 5.803967 0.200521 4.259696
v 6.567957 0.097523 3.744707
vn -0.9914 -0.0000 -0.1311
vn -0.1901 -0.0000 0.9818
vn -0.9194 -0.0000 0.3933
vn -0.9996 -0.0000 0.0277
vn -0.8435 -0.0000 0.5371
vn -0.1887 -0.0000 0.9820
vn -0.1885 -0.0000 0.9821
vn -0.3116 -0.0000 -0.9502
vn -0.0000 -0.0000 1.0000
vn -0.0014 0.0003 1.0000
vn -0.0014 0.0001 1.0000
vn 0.9156 -0.0028 0.4022
vn 0.9158 0.0062 0.4017
vn 0.3603 -0.0000 0.9328
vn -0.3131 0.0062 -0.9497
vn 0.5589 -0.0000 0.8292
vt 18.462889 0.017578
vt -0.150391 1.000000
vt 18.429689 1.000000
vt 0.000000 0.017578
vt -0.037109 1.000000
vt 18.121090 0.017578
vt 18.115240 1.000000
vt -0.019531 1.000000
vt 10.841800 1.000000
vt 10.830080 0.017578
vt 21.648439 1.009766
vt 21.865240 0.017578
vt -0.244141 1.009766
vt 0.488281 0.017578
vt 24.878910 1.000000
vt 24.935549 0.017578
vt -0.115234 0.017578
vt 20.935549 1.013672
vt 20.796879 0.017578
vt 0.107422 1.013672
vt -0.037109 0.019531
vt 20.927740 1.000000
vt 20.789059 0.019531
vt 0.099609 1.000000
vt 0.431641 1.000000
vt -8.013672 0.017578
vt 0.966797 1.000000
vt 0.933594 0.017578
vt 15.097660 1.000000
vt 14.908199 0.037109
vt -0.095703 0.037109
vt 0.287109 1.000000
vt 13.906250 1.000000
vt 13.902340 0.037109
vt -0.060547 0.037109
vt 0.126953 1.000000
vt 0.000000 1.000000
vt 21.925779 1.000000
vt 21.925779 0.017578
vt 20.927740 0.017578
vt -8.013672 1.000000
vt 16.873049 0.984375
vt 17.373049 0.017578
vt 0.187500 0.017578
vt -0.052734 0.984375
vt 16.912109 0.984375
vt 17.154299 0.017578
vt -0.015625 0.984375
vt 0.015625 1.000000
vt 17.933590 0.017578
vt 17.933590 1.000000
s 0
usemtl Shape_230.002
f 1890/976/519 1891/977/519 1892/978/519
f 1893/979/520 1894/980/520 1895/981/520
f 1895/981/520 1894/980/520 1896/982/520
f 1897/979/521 1898/983/521 1899/984/521
f 1897/979/521 1899/984/521 1900/985/521
f 1901/979/522 1902/986/522 1903/987/522
f 1901/979/522 1904/988/522 1902/986/522
f 1905/989/523 1906/990/523 1907/991/523
f 1908/992/519 1891/977/519 1890/976/519
f 1909/979/524 1910/993/524 1911/994/524
f 1909/979/524 1912/995/524 1910/993/524
f 1913/996/525 1914/997/525 1915/998/525
f 1913/996/525 1916/999/525 1914/997/525
f 1905/989/523 1917/1000/523 1906/990/523
f 1918/1001/526 1919/1002/526 1920/1003/526
f 1921/1004/527 1922/1005/527 1923/1006/527
f 1921/1004/527 1923/1006/527 1924/1007/527
f 1925/1008/528 1926/1009/528 1927/1010/528
f 1928/1008/529 1929/1010/529 1930/1011/529
f 1931/979/530 1932/1012/530 1933/1013/530
f 1934/979/531 1935/1013/531 1936/1014/531
f 1937/979/532 1938/997/532 1939/1015/532
f 1940/1001/533 1941/1016/533 1942/1002/533
f 1943/1017/527 1944/1018/527 1945/1019/527
f 1943/1017/527 1945/1019/527 1946/1020/527
f 1947/1021/527 1948/1022/527 1949/979/527
f 1947/1021/527 1949/979/527 1950/1023/527
f 1937/979/532 1951/1024/532 1938/997/532
f 1952/1025/534 1953/1012/534 1954/1026/534
f 1952/1025/534 1955/979/534 1953/1012/534
o Object_70
v 3.439003 1.184512 5.303668
v 3.439000 0.864516 5.623664
v 3.439003 1.184513 5.623660
v 3.439000 0.864516 5.303670
v 3.439003 1.181512 4.589676
v 3.439000 0.862516 4.909676
v 3.439003 1.181512 4.909674
v 3.439000 0.862514 4.589683
v 3.439002 1.184512 3.869690
v 3.438999 0.865515 4.189686
v 3.439002 1.184512 4.189684
v 3.438999 0.865515 3.869692
v 3.714001 1.550508 2.889704
v 3.576000 1.243511 2.614710
v 3.713999 1.243512 2.889705
v 3.576003 1.550508 2.614707
v 1.893018 1.291510 2.514708
v 1.579025 1.610507 2.451705
v 1.579022 1.291509 2.451708
v 1.893012 0.574516 2.514714
v 1.579019 0.894514 2.451711
v 1.579016 0.574516 2.451715
v 1.893015 0.894513 2.514711
v 2.395007 0.574517 2.614713
v 2.081013 0.894513 2.552711
v 2.081010 0.574516 2.552713
v 2.395010 0.894514 2.614710
v 2.395013 1.291510 2.614707
v 2.081020 1.610507 2.552704
v 2.081017 1.291510 2.552706
v 2.395016 1.610508 2.614705
v -0.209918 5.648470 3.310654
v 0.096075 5.341473 3.299658
v 0.096078 5.648470 3.310655
v 1.893021 1.610508 2.514704
v -0.206933 4.021483 2.895675
v 0.112060 3.701486 2.895678
v 0.112063 4.021483 2.895675
v -0.206936 3.701487 2.895678
v -0.209921 5.341473 3.299657
v 3.473004 1.550508 2.505708
v 3.198004 1.243511 2.368712
v 3.473001 1.243511 2.505711
v 3.198006 1.550508 2.368711
v -3.544923 0.863512 4.588667
v -3.544920 1.183510 4.908661
v -3.544923 0.863513 4.908659
v -3.302922 1.550505 2.368697
v -3.577918 1.550506 2.505697
v -3.577921 1.243508 2.505698
v -3.302925 1.243508 2.368701
v -3.680918 1.550506 2.614694
v -3.818916 1.550505 2.889688
v -3.680920 1.243509 2.614697
v -3.818919 1.243509 2.889692
v -3.543924 0.864512 3.872680
v -3.543921 1.183509 3.872675
v -3.543921 1.183509 4.191672
v -3.543923 0.864513 4.191675
v -3.544924 0.863513 5.304657
v -3.544921 1.182510 5.304650
v -3.544920 1.182510 5.624654
v -3.544920 1.183509 4.588665
v -3.544922 0.863513 5.624651
v -2.499937 0.894512 2.614701
v -2.499939 0.574515 2.614704
v -2.185943 0.574515 2.552706
v -1.997936 1.610506 2.514698
v -1.683942 1.291509 2.451702
v -1.683939 1.610506 2.451699
v -1.997939 1.291509 2.514699
v -2.499930 1.610505 2.614697
v -2.499933 1.291508 2.614698
v -2.185937 1.291508 2.552700
v -2.185934 1.610506 2.552696
v -1.997942 0.894513 2.514704
v -1.997945 0.574514 2.514707
v -1.683949 0.574515 2.451709
v -1.683946 0.894512 2.451706
v -2.185941 0.894512 2.552703
vn -1.0000 -0.0000 -0.0000
vn -0.8938 -0.0000 0.4485
vn -0.1967 -0.0000 0.9805
vn -0.1937 -0.0000 0.9811
vn -0.0000 -0.0358 0.9994
vn -0.0000 -0.0000 1.0000
vn -0.4459 -0.0000 0.8951
vn 1.0000 -0.0000 -0.0000
vn 0.4459 -0.0000 0.8951
vn 0.8938 -0.0000 0.4485
vn 0.1937 -0.0000 0.9811
vn 0.1967 -0.0000 0.9805
vt 0.000000 1.000000
vt 0.966797 0.033203
vt 0.966797 1.000000
vt 0.000000 0.033203
s 0
usemtl Shape_231.002
f 1956/1027/535 1957/1028/535 1958/1029/535
f 1956/1027/535 1959/1030/535 1957/1028/535
f 1960/1027/535 1961/1028/535 1962/1029/535
f 1960/1027/535 1963/1030/535 1961/1028/535
f 1964/1027/535 1965/1028/535 1966/1029/535
f 1964/1027/535 1967/1030/535 1965/1028/535
f 1968/1029/536 1969/1030/536 1970/1028/536
f 1968/1029/536 1971/1027/536 1969/1030/536
f 1972/1028/537 1973/1027/537 1974/1030/537
f 1975/1028/537 1976/1027/537 1977/1030/537
f 1975/1028/537 1978/1029/537 1976/1027/537
f 1979/1028/538 1980/1027/538 1981/1030/538
f 1979/1028/538 1982/1029/538 1980/1027/538
f 1983/1028/538 1984/1027/538 1985/1030/538
f 1983/1028/538 1986/1029/538 1984/1027/538
f 1987/1027/539 1988/1028/539 1989/1029/539
f 1972/1028/537 1990/1029/537 1973/1027/537
f 1991/1027/540 1992/1028/540 1993/1029/540
f 1991/1027/540 1994/1030/540 1992/1028/540
f 1987/1027/539 1995/1030/539 1988/1028/539
f 1996/1029/541 1997/1030/541 1998/1028/541
f 1996/1029/541 1999/1027/541 1997/1030/541
f 2000/1028/542 2001/1027/542 2002/1030/542
f 2003/1029/543 2004/1027/543 2005/1030/543
f 2003/1029/543 2005/1030/543 2006/1028/543
f 2007/1029/544 2008/1027/544 2009/1028/544
f 2009/1028/544 2008/1027/544 2010/1030/544
f 2011/1028/542 2012/1029/542 2013/1027/542
f 2011/1028/542 2013/1027/542 2014/1030/542
f 2015/1028/542 2016/1029/542 2017/1027/542
f 2000/1028/542 2018/1029/542 2001/1027/542
f 2015/1028/542 2017/1027/542 2019/1030/542
f 2020/1027/545 2021/1030/545 2022/1028/545
f 2023/1027/546 2024/1028/546 2025/1029/546
f 2023/1027/546 2026/1030/546 2024/1028/546
f 2027/1027/545 2028/1030/545 2029/1028/545
f 2027/1027/545 2029/1028/545 2030/1029/545
f 2031/1027/546 2032/1030/546 2033/1028/546
f 2031/1027/546 2033/1028/546 2034/1029/546
f 2020/1027/545 2022/1028/545 2035/1029/545
o Object_71
v 0.350043 2.158501 1.944706
v -0.453949 2.158500 1.944705
v -0.453952 1.755504 1.944708
v 0.350039 1.755505 1.944710
vn -0.0000 -0.0000 1.0000
vt 0.000000 1.000000
vt 0.982422 1.000000
vt 0.982422 0.033203
vt 0.000000 0.033203
s 0
usemtl Shape_232.002
f 2036/1031/547 2037/1032/547 2038/1033/547
f 2036/1031/547 2038/1033/547 2039/1034/547
o Object_72
v -0.453945 2.560497 1.944703
v 0.350043 2.158501 1.944706
v 0.350047 2.560498 1.944703
v -0.453949 2.158500 1.944705
vn -0.0000 -0.0000 1.0000
vt 0.982422 1.000000
vt 0.000000 0.033203
vt 0.000000 1.000000
vt 0.982422 0.033203
s 0
usemtl Shape_233.002
f 2040/1035/548 2041/1036/548 2042/1037/548
f 2040/1035/548 2043/1038/548 2041/1036/548
o Object_73
v 3.479976 -1.775460 5.976683
v 3.479976 -1.775461 5.464694
v 3.991970 -1.775461 5.464694
v 3.991971 -1.775460 5.976686
v 3.172984 -1.007469 2.085736
v 3.172984 -1.007469 1.778740
v 3.479980 -1.007469 2.085736
v 3.479980 -1.007469 1.778741
vn -0.0000 -1.0000 -0.0000
vt 0.966797 0.033203
vt 0.000000 0.033203
vt 0.000000 1.000000
vt 0.966797 1.000000
s 0
usemtl Shape_249.002
f 2044/1039/549 2045/1040/549 2046/1041/549
f 2044/1039/549 2046/1041/549 2047/1042/549
f 2048/1039/549 2049/1040/549 2050/1042/549
f 2050/1042/549 2049/1040/549 2051/1041/549
o Object_74
v 1.326023 -0.185550 -4.396244
v 1.276024 -0.185550 -4.446244
v 1.326023 -0.185550 -4.446243
v 1.276024 -0.185550 -4.396245
v 1.226024 -0.185550 -4.396245
v 1.226024 -0.185550 -4.446244
v 1.326023 -0.185550 -4.496243
v 1.276024 -0.185550 -4.496243
v 1.226024 -0.185550 -4.496243
vn -0.0000 -1.0000 -0.0000
vt -0.937500 1.937500
vt 0.000000 1.000000
vt -0.937500 1.000000
vt 0.000000 1.937500
vt 0.937500 1.937500
vt 0.937500 1.000000
vt -0.937500 0.062500
vt 0.000000 0.062500
vt 0.937500 0.062500
s 0
usemtl Shape_253.002
f 2052/1043/550 2053/1044/550 2054/1045/550
f 2052/1043/550 2055/1046/550 2053/1044/550
f 2055/1046/550 2056/1047/550 2053/1044/550
f 2056/1047/550 2057/1048/550 2053/1044/550
f 2054/1045/550 2053/1044/550 2058/1049/550
f 2053/1044/550 2059/1050/550 2058/1049/550
f 2053/1044/550 2060/1051/550 2059/1050/550
f 2053/1044/550 2057/1048/550 2060/1051/550
o Object_75
v 1.544024 -0.185540 -3.565244
v 1.484024 -0.185540 -3.565245
v 1.544023 -0.185540 -3.625243
v 1.484024 -0.185540 -3.625243
vn -0.0000 -1.0000 -0.0000
vt -0.937500 1.937500
vt 0.937500 1.937500
vt -0.937500 0.062500
vt 0.937500 0.062500
s 0
usemtl Shape_254.002
f 2061/1052/551 2062/1053/551 2063/1054/551
f 2062/1053/551 2064/1055/551 2063/1054/551
o Object_76
v 4.416972 -1.245464 6.320673
v 5.494976 0.664518 6.004668
v 5.472979 0.725519 6.933645
v 4.416972 -1.245464 6.320673
v 4.830966 -1.245464 5.597683
v 5.494976 0.664518 6.004668
v 5.472979 0.725519 6.933645
v 6.679977 2.141506 6.677639
v 6.239978 1.582512 7.370636
v 5.472979 0.725519 6.933645
v 5.494976 0.664518 6.004668
v 6.679977 2.141506 6.677639
v 6.239978 1.582512 7.370636
v 6.679977 2.141506 6.677639
v 7.249975 2.509503 7.368629
v 7.249975 2.509503 7.368629
v 6.679977 2.141506 6.677639
v 7.550972 2.558503 7.067637
v 4.830966 -1.245464 5.597683
v 6.152968 0.622519 5.254677
v 5.494976 0.664518 6.004668
v 4.830966 -1.245464 5.597683
v 5.527958 -1.245465 4.647703
v 6.152968 0.622519 5.254677
v 5.494976 0.664518 6.004668
v 6.152968 0.622519 5.254677
v 6.679977 2.141506 6.677639
v 6.679977 2.141506 6.677639
v 6.152968 0.622519 5.254677
v 7.196971 2.120507 6.099649
v 6.679977 2.141506 6.677639
v 7.196971 2.120507 6.099649
v 7.550972 2.558503 7.067637
v 5.527958 -1.245465 4.647703
v 7.148957 0.637518 4.978685
v 6.152968 0.622519 5.254677
v 5.527958 -1.245465 4.647703
v 6.842943 -1.245465 4.621706
v 7.148957 0.637518 4.978685
v 6.152968 0.622519 5.254677
v 7.525962 1.596512 5.673663
v 7.196971 2.120507 6.099649
v 6.152968 0.622519 5.254677
v 7.148957 0.637518 4.978685
v 7.525962 1.596512 5.673663
v 7.196971 2.120507 6.099649
v 8.079964 2.515503 6.668645
v 7.550972 2.558503 7.067637
v 7.196971 2.120507 6.099649
v 7.525962 1.596512 5.673663
v 8.079964 2.515503 6.668645
vn 0.8734 -0.4842 0.0525
vn 0.8036 -0.3774 0.4602
vn 0.7560 -0.6529 -0.0466
vn 0.7650 -0.6412 0.0602
vn 0.6670 -0.7270 -0.1630
vn 0.3489 -0.9156 0.1998
vn 0.6874 -0.3719 0.6239
vn 0.7319 -0.4194 0.5370
vn 0.5410 -0.6673 0.5120
vn 0.5434 -0.6666 0.5103
vn 0.2991 -0.9057 0.3004
vn 0.2528 -0.3745 0.8921
vn 0.0194 -0.1893 0.9817
vn 0.1525 -0.5640 0.8116
vn 0.2167 -0.6273 0.7480
vn 0.1873 -0.9189 0.3473
vn -0.1569 -0.6804 0.7158
vt 0.787109 1.000000
vt 2.787109 -2.000000
vt 2.787109 1.000000
vt 0.787109 -2.000000
vt 4.787109 -2.000000
vt 4.787109 1.000000
vt 6.787109 1.000000
vt 6.787109 -2.000000
vt 2.787109 -5.000000
vt 0.787109 -5.000000
vt 4.787109 -5.000000
vt 2.787109 -8.000000
vt 0.787109 -8.000000
vt 4.787109 -8.000000
vt 6.787109 -8.000000
s 0
usemtl Shape_258.002
f 2065/1056/552 2066/1057/552 2067/1058/552
f 2068/1056/553 2069/1059/553 2070/1057/553
f 2071/1058/554 2072/1060/554 2073/1061/554
f 2074/1058/555 2075/1057/555 2076/1060/555
f 2077/1061/556 2078/1060/556 2079/1062/556
f 2080/1062/557 2081/1060/557 2082/1063/557
f 2083/1059/558 2084/1064/558 2085/1057/558
f 2086/1059/559 2087/1065/559 2088/1064/559
f 2089/1057/560 2090/1064/560 2091/1060/560
f 2092/1060/561 2093/1064/561 2094/1066/561
f 2095/1060/562 2096/1066/562 2097/1063/562
f 2098/1065/563 2099/1067/563 2100/1064/563
f 2101/1065/564 2102/1068/564 2103/1067/564
f 2104/1064/565 2105/1069/565 2106/1066/565
f 2107/1064/566 2108/1067/566 2109/1069/566
f 2110/1066/567 2111/1070/567 2112/1063/567
f 2113/1066/568 2114/1069/568 2115/1070/568
o Object_77
v 7.076949 -0.526469 7.129655
v -8.304886 -0.526479 -0.034256
v 7.076944 -0.526473 -0.034227
v -8.304882 -0.526476 7.129634
v -1.075967 -0.526477 -0.034242
v -8.281893 -0.526483 -8.229127
v -1.075974 -0.526482 -8.229113
v -8.281886 -0.526479 -0.034256
vn -0.0000 -1.0000 -0.0000
vt 4.234375 15.356450
vt -4.234375 -13.356450
vt 14.356450 -3.234375
vt -14.356450 5.234375
vt 8.397461 6.371094
vt -8.397461 -4.371094
vt -5.371094 9.397461
vt 5.371094 -7.397461
s 0
usemtl Shape_259.002
f 2116/1071/569 2117/1072/569 2118/1073/569
f 2116/1071/569 2119/1074/569 2117/1072/569
f 2120/1075/569 2121/1076/569 2122/1077/569
f 2120/1075/569 2123/1078/569 2121/1076/569
